{
"type": "FeatureCollection",
"name": "cok_mhws_contour_4326",
"crs": { "type": "name", "properties": { "name": "urn:ogc:def:crs:OGC:1.3:CRS84" } },
"features": [
{ "type": "Feature", "properties": { "level_m": 0.328, "margin_cm": 0.0, "kind": "mhws" }, "geometry": { "type": "MultiLineString", "coordinates": [ [ [ -159.726703788489147, -21.25090722027149 ], [ -159.726722634960822, -21.250869527328145 ], [ -159.726779174375821, -21.250841257620639 ], [ -159.726769751139983, -21.250803564677295 ], [ -159.726788597611659, -21.250803564677295 ], [ -159.726788597611659, -21.250747025262278 ], [ -159.726769751139983, -21.25076587173395 ], [ -159.726732058196632, -21.250699909083099 ], [ -159.72674148143247, -21.25058683025307 ], [ -159.726882829970009, -21.250464328187206 ], [ -159.726901676441685, -21.250313556413833 ], [ -159.726863983498333, -21.250341826121339 ], [ -159.726845137026686, -21.25029470994216 ], [ -159.72674148143247, -21.250209900819637 ], [ -159.726562439951607, -21.250143938168787 ], [ -159.726534170244094, -21.250096821989608 ], [ -159.726477630829066, -21.250096821989608 ], [ -159.726477630829066, -21.250077975517936 ], [ -159.726345705527365, -21.250040282574592 ], [ -159.725959352858098, -21.250049705810429 ], [ -159.725695502254695, -21.250106245225442 ], [ -159.725375112236293, -21.250341826121339 ], [ -159.725120684868727, -21.250473751423041 ], [ -159.724979336331188, -21.250615099960577 ], [ -159.724800294850297, -21.250747025262278 ], [ -159.72455529071857, -21.251142801167386 ], [ -159.724527021011056, -21.251152224403221 ], [ -159.724404518945192, -21.251397228534952 ], [ -159.724282016879329, -21.251557423544163 ], [ -159.724234900700139, -21.251679925610027 ], [ -159.724178361285141, -21.251727041789206 ], [ -159.724131245105951, -21.251877813562579 ], [ -159.724140668341789, -21.252094547986804 ], [ -159.724084128926762, -21.252424361241058 ], [ -159.724084128926762, -21.252622249193614 ], [ -159.724112398634276, -21.252801290674494 ], [ -159.724216054228464, -21.253112257457076 ], [ -159.724338556294327, -21.253394954532151 ], [ -159.724545867482732, -21.253734191022243 ], [ -159.724800294850297, -21.253988618389808 ], [ -159.725035875746187, -21.25414881339902 ], [ -159.725346842528779, -21.254252468993212 ], [ -159.725563576952993, -21.254365547823244 ], [ -159.725902813443099, -21.254393817530751 ], [ -159.726025315508963, -21.254384394294913 ], [ -159.726392821706554, -21.254280738700722 ], [ -159.726571863187445, -21.254271315464884 ], [ -159.726722634960822, -21.254195929578199 ], [ -159.726863983498333, -21.254054581040659 ], [ -159.726929946149198, -21.253913232503123 ], [ -159.727024178507548, -21.253592842484704 ], [ -159.727043024979224, -21.253394954532151 ], [ -159.727014755271711, -21.253140527164582 ], [ -159.726929946149198, -21.252914369504524 ], [ -159.726816867319172, -21.252810713910328 ], [ -159.726732058196632, -21.252773020966984 ], [ -159.726571863187445, -21.25276359773115 ], [ -159.726515323772418, -21.252791867438656 ], [ -159.72650590053658, -21.252829560382001 ], [ -159.726439937885743, -21.252838983617835 ], [ -159.726355128763203, -21.252744751259478 ], [ -159.726336282291527, -21.252688211844465 ], [ -159.726345705527365, -21.252603402721942 ], [ -159.726326859055717, -21.252603402721942 ], [ -159.726345705527365, -21.252556286542763 ], [ -159.726345705527365, -21.25247147742024 ], [ -159.726326859055717, -21.252462054184402 ], [ -159.726355128763203, -21.252424361241058 ], [ -159.726326859055717, -21.252396091533551 ], [ -159.726336282291527, -21.252320705646866 ], [ -159.726308012584042, -21.252301859175194 ], [ -159.72627031964069, -21.252188780345165 ], [ -159.726298589348204, -21.252169933873493 ], [ -159.726260896404852, -21.252141664165983 ], [ -159.72627031964069, -21.25208512475097 ], [ -159.726232626697339, -21.251953199449268 ], [ -159.726251473169015, -21.251736465025044 ], [ -159.726308012584042, -21.251689348845865 ], [ -159.726289166112366, -21.251595116487504 ], [ -159.72631743581988, -21.251538577072491 ], [ -159.726345705527365, -21.251538577072491 ], [ -159.726383398470716, -21.251397228534952 ], [ -159.726439937885743, -21.251368958827445 ], [ -159.726421091414068, -21.251359535591611 ], [ -159.726430514649905, -21.251331265884101 ], [ -159.726468207593228, -21.251284149704922 ], [ -159.726487054064904, -21.25129357294076 ], [ -159.726477630829066, -21.251255879997416 ], [ -159.726515323772418, -21.251227610289909 ], [ -159.726553016715769, -21.251114531459876 ], [ -159.72660013289493, -21.251095684988204 ], [ -159.726590709659121, -21.251067415280698 ], [ -159.726609556130768, -21.251076838516536 ], [ -159.726647249074119, -21.25097318292234 ], [ -159.726703788489147, -21.250935489978996 ], [ -159.726694365253309, -21.250926066743162 ], [ -159.726703788489147, -21.25090722027149 ] ], [ [ -159.812624852840344, -21.200436369134724 ], [ -159.812379848708616, -21.200313867068861 ], [ -159.812313886057751, -21.20024790441801 ], [ -159.812210230463563, -21.200238481182172 ], [ -159.812106574869375, -21.200172518531321 ], [ -159.812050035454348, -21.200163095295487 ], [ -159.812021765746834, -21.200125402352143 ], [ -159.811955803095998, -21.200125402352143 ], [ -159.811927533388484, -21.200087709408798 ], [ -159.811889840445133, -21.200097132644636 ], [ -159.811889840445133, -21.200059439701292 ], [ -159.811833301030134, -21.200078286172964 ], [ -159.811428101889192, -21.19992751439959 ], [ -159.811409255417516, -21.199899244692084 ], [ -159.811032325984087, -21.199776742626216 ], [ -159.811013479512411, -21.199757896154544 ], [ -159.811060595691572, -21.199757896154544 ], [ -159.811060595691572, -21.1997202032112 ], [ -159.81097578656906, -21.199710779975366 ], [ -159.81097578656906, -21.199673087032021 ], [ -159.810956940097384, -21.199673087032021 ], [ -159.810900400682385, -21.1997202032112 ], [ -159.810909823918223, -21.19974847291871 ], [ -159.810853284503196, -21.199739049682872 ], [ -159.81083443803152, -21.199701356739528 ], [ -159.81074020567317, -21.199682510267859 ], [ -159.810721359201494, -21.199691933503694 ], [ -159.810721359201494, -21.199757896154544 ], [ -159.810702512729819, -21.199757896154544 ], [ -159.810693089493981, -21.1997202032112 ], [ -159.810655396550658, -21.1997202032112 ], [ -159.810627126843144, -21.199767319390382 ], [ -159.810655396550658, -21.199795589097889 ], [ -159.810589433899793, -21.199842705277067 ], [ -159.810570587428117, -21.199833282041233 ], [ -159.810495201541443, -21.199955784107097 ], [ -159.810429238890578, -21.199984053814603 ], [ -159.80985442150461, -21.199993477050441 ], [ -159.80943979912783, -21.199955784107097 ], [ -159.809100562637724, -21.20004059322962 ], [ -159.807969774337437, -21.200002900286275 ], [ -159.807762463149032, -21.200021746757947 ], [ -159.80721591547055, -21.199974630578769 ], [ -159.806556288962042, -21.199984053814603 ], [ -159.806132243349452, -21.200059439701292 ], [ -159.80550088654843, -21.200295020597189 ], [ -159.804841260039922, -21.200417522663052 ], [ -159.80420048000309, -21.200445792370562 ], [ -159.803446621136231, -21.20039867619138 ], [ -159.802702185505183, -21.200266750889678 ], [ -159.802127368119216, -21.20010655588047 ], [ -159.80196717311, -21.199974630578769 ], [ -159.801797554864947, -21.199729626447038 ], [ -159.80178813162911, -21.199654240560349 ], [ -159.801816401336623, -21.199494045551141 ], [ -159.801778708393272, -21.199399813192784 ], [ -159.801637359855732, -21.199333850541933 ], [ -159.801590243676571, -21.199286734362751 ], [ -159.801373509252329, -21.199239618183572 ], [ -159.801288700129817, -21.199173655532721 ], [ -159.801185044535629, -21.199013460523513 ], [ -159.800930617168063, -21.198890958457646 ], [ -159.800836384809685, -21.198815572570961 ], [ -159.800459455376256, -21.198730763448438 ], [ -159.800270990659556, -21.198721340212604 ], [ -159.799988293584477, -21.198768456391782 ], [ -159.799526555028507, -21.198768456391782 ], [ -159.798744426454135, -21.198711916976766 ], [ -159.798235571719005, -21.198759033155945 ], [ -159.79825441819068, -21.198740186684272 ], [ -159.798235571719005, -21.198721340212604 ], [ -159.798009414058953, -21.198664800797587 ], [ -159.79695401164534, -21.198702493740932 ], [ -159.79695401164534, -21.198721340212604 ], [ -159.796897472230313, -21.198702493740932 ], [ -159.796746700456936, -21.198711916976766 ], [ -159.796737277221098, -21.198730763448438 ], [ -159.796652468098586, -21.198721340212604 ], [ -159.79663362162691, -21.198740186684272 ], [ -159.796577082211911, -21.198721340212604 ], [ -159.796586505447721, -21.198740186684272 ], [ -159.796501696325208, -21.198759033155945 ], [ -159.796134190127617, -21.198777879627617 ], [ -159.796115343655941, -21.198796726099289 ], [ -159.795898609231728, -21.198796726099289 ], [ -159.795870339524214, -21.198759033155945 ], [ -159.795832646580863, -21.198768456391782 ], [ -159.795813800109187, -21.198815572570961 ], [ -159.795785530401673, -21.198824995806795 ], [ -159.795578219213297, -21.198834419042633 ], [ -159.795418024204082, -21.198881535221812 ], [ -159.795370908024921, -21.198853265514305 ], [ -159.795107057421518, -21.198853265514305 ], [ -159.795107057421518, -21.198834419042633 ], [ -159.795022248298977, -21.198843842278468 ], [ -159.795022248298977, -21.198824995806795 ], [ -159.794984555355654, -21.198853265514305 ], [ -159.794975132119816, -21.198806149335123 ], [ -159.794956285648141, -21.198806149335123 ], [ -159.794965708883979, -21.198853265514305 ], [ -159.79458877945055, -21.198900381693484 ], [ -159.794485123856333, -21.198947497872663 ], [ -159.794306082375471, -21.198985190816007 ], [ -159.794155310602093, -21.199060576702692 ], [ -159.793863190291177, -21.199145385825215 ], [ -159.793721841753637, -21.1992207717119 ], [ -159.793580493216098, -21.19924904141941 ], [ -159.79357106998026, -21.199267887891082 ], [ -159.793505107329423, -21.199267887891082 ], [ -159.793486260857748, -21.199296157598589 ], [ -159.793373182027722, -21.199324427306095 ], [ -159.793297796141019, -21.199371543485274 ], [ -159.792930289943428, -21.199475199079469 ], [ -159.792902020235914, -21.199503468786975 ], [ -159.792741825226699, -21.199531738494485 ], [ -159.792675862575862, -21.199569431437826 ], [ -159.792647592868349, -21.199560008201992 ], [ -159.792619323160835, -21.199588277909498 ], [ -159.79259105345335, -21.199578854673664 ], [ -159.792553360509999, -21.199616547617008 ], [ -159.792261240199082, -21.199701356739528 ], [ -159.791884310765653, -21.199861551748739 ], [ -159.791799501643141, -21.199870974984574 ], [ -159.791724115756438, -21.199918091163752 ], [ -159.791639306633925, -21.19992751439959 ], [ -159.791592190454736, -21.199965207342935 ], [ -159.791111605427119, -21.200125402352143 ], [ -159.791083335719605, -21.200153672059649 ], [ -159.790998526597093, -21.200181941767159 ], [ -159.790960833653742, -21.200172518531321 ], [ -159.790941987182066, -21.200200788238828 ], [ -159.790876024531201, -21.200200788238828 ], [ -159.79082890835204, -21.200229057946338 ], [ -159.790791215408689, -21.200210211474666 ], [ -159.790753522465337, -21.200257327653844 ], [ -159.790725252757852, -21.20024790441801 ], [ -159.790687559814501, -21.200276174125516 ], [ -159.790310630381072, -21.200370406483874 ], [ -159.78995254741929, -21.200521178257247 ], [ -159.789896008004291, -21.200521178257247 ], [ -159.789877161532615, -21.200549447964754 ], [ -159.789698120051725, -21.200634257087277 ], [ -159.789537925042538, -21.200690796502293 ], [ -159.789500232099186, -21.200681373266455 ], [ -159.789490808863349, -21.200709642973965 ], [ -159.789340037089971, -21.200756759153144 ], [ -159.789292920910782, -21.200794452096488 ], [ -159.789245804731621, -21.200794452096488 ], [ -159.789057340014892, -21.200916954162352 ], [ -159.788727526760653, -21.201067725935726 ], [ -159.788718103524815, -21.201095995643232 ], [ -159.788670987345625, -21.20110541887907 ], [ -159.788482522628897, -21.201246767416606 ], [ -159.788284634676359, -21.201340999774967 ], [ -159.788209248789684, -21.201406962425818 ], [ -159.787822896120389, -21.201633120085877 ], [ -159.787794626412904, -21.201623696850042 ], [ -159.787747510233714, -21.201680236265055 ], [ -159.787709817290363, -21.201680236265055 ], [ -159.787577891988661, -21.201793315095085 ], [ -159.78735173432861, -21.201887547453445 ], [ -159.787342311092772, -21.201915817160952 ], [ -159.787257501970259, -21.201944086868458 ], [ -159.787248078734422, -21.201972356575968 ], [ -159.787229232262746, -21.20196293334013 ], [ -159.787219809026908, -21.201991203047641 ], [ -159.787106730196882, -21.202047742462653 ], [ -159.787069037253531, -21.202057165698491 ], [ -159.787069037253531, -21.202028895990981 ], [ -159.787040767546017, -21.202047742462653 ], [ -159.78679576341429, -21.20196293334013 ], [ -159.786626145169237, -21.201953510104296 ], [ -159.786569605754238, -21.201906393925118 ], [ -159.786541336046724, -21.20192524039679 ], [ -159.786418833980861, -21.201887547453445 ], [ -159.786352871330024, -21.201906393925118 ], [ -159.785985365132404, -21.201906393925118 ], [ -159.785891132774054, -21.201915817160952 ], [ -159.785844016594865, -21.201953510104296 ], [ -159.785721514529001, -21.201953510104296 ], [ -159.785712091293163, -21.201972356575968 ], [ -159.785533049812301, -21.201991203047641 ], [ -159.785485933633112, -21.202019472755147 ], [ -159.785438817453922, -21.202010049519309 ], [ -159.785363431567248, -21.202085435405998 ], [ -159.785250352737222, -21.202085435405998 ], [ -159.785231506265546, -21.202113705113504 ], [ -159.785193813322195, -21.20210428187767 ], [ -159.785109004199683, -21.202151398056849 ], [ -159.78503361831298, -21.202236207179372 ], [ -159.784986502133819, -21.202236207179372 ], [ -159.784929962718792, -21.20228332335855 ], [ -159.784958232426305, -21.202321016301894 ], [ -159.785014771841333, -21.202321016301894 ], [ -159.785052464784656, -21.202349286009401 ], [ -159.785043041548818, -21.202405825424417 ], [ -159.785071311256331, -21.202434095131924 ], [ -159.785118427435521, -21.202405825424417 ], [ -159.785109004199683, -21.202358709245235 ], [ -159.785156120378872, -21.202349286009401 ], [ -159.785193813322195, -21.202311593066057 ], [ -159.785193813322195, -21.202273900122716 ], [ -159.785240929501384, -21.202255053651044 ], [ -159.785222083029709, -21.202217360707699 ], [ -159.785269199208898, -21.202189091000193 ], [ -159.785269199208898, -21.202123128349342 ], [ -159.785382278038924, -21.202123128349342 ], [ -159.785438817453922, -21.202255053651044 ], [ -159.785617858934813, -21.202207937471861 ], [ -159.78581574688738, -21.202217360707699 ], [ -159.785853439830703, -21.202207937471861 ], [ -159.785891132774054, -21.202151398056849 ], [ -159.786070174254945, -21.202113705113504 ], [ -159.786447103688374, -21.20210428187767 ], [ -159.786597875461752, -21.202123128349342 ], [ -159.78679576341429, -21.202189091000193 ], [ -159.786805186650128, -21.202245630415206 ], [ -159.786729800763453, -21.202273900122716 ], [ -159.786739223999291, -21.202302169830222 ], [ -159.78679576341429, -21.202311593066057 ], [ -159.78679576341429, -21.202377555716907 ], [ -159.78665441487675, -21.202415248660252 ], [ -159.786673261348426, -21.202490634546937 ], [ -159.786268062207483, -21.202924103395386 ], [ -159.786164406613295, -21.20307487516876 ], [ -159.786041904547432, -21.203187953998789 ], [ -159.786041904547432, -21.203216223706299 ], [ -159.785844016594865, -21.203404688423014 ], [ -159.785768630708191, -21.203517767253047 ], [ -159.785721514529001, -21.203517767253047 ], [ -159.785467087161436, -21.203385841951345 ], [ -159.785410547746437, -21.203385841951345 ], [ -159.78535400833141, -21.203432958130524 ], [ -159.785382278038924, -21.203480074309702 ], [ -159.785467087161436, -21.203508344017209 ], [ -159.785485933633112, -21.203536613724715 ], [ -159.785533049812301, -21.203536613724715 ], [ -159.785551896283977, -21.20357430666806 ], [ -159.785608435698975, -21.203602576375566 ], [ -159.785683821585678, -21.203611999611404 ], [ -159.785834593359027, -21.203706231969761 ], [ -159.785796900415704, -21.203819310799791 ], [ -159.785768630708191, -21.203828734035628 ], [ -159.785683821585678, -21.203951236101492 ], [ -159.785655551878165, -21.204054891695687 ], [ -159.785580165991462, -21.204186816997389 ], [ -159.785580165991462, -21.204233933176567 ], [ -159.785485933633112, -21.204375281714107 ], [ -159.785485933633112, -21.204412974657451 ], [ -159.785457663925598, -21.204422397893286 ], [ -159.785391701274762, -21.204554323194987 ], [ -159.785325738623897, -21.204526053487481 ], [ -159.785382278038924, -21.204657978789182 ], [ -159.785382278038924, -21.204714518204195 ], [ -159.785071311256331, -21.204884136449241 ], [ -159.784995925369657, -21.20495952233593 ], [ -159.784958232426305, -21.20495952233593 ], [ -159.784920539482954, -21.205006638515108 ], [ -159.784826307124604, -21.205034908222615 ], [ -159.784515340342011, -21.205242219411005 ], [ -159.784487070634526, -21.205242219411005 ], [ -159.784458800927013, -21.205157410288482 ], [ -159.784355145332825, -21.204714518204195 ], [ -159.784251489738608, -21.204412974657451 ], [ -159.784223220031123, -21.204224509940733 ], [ -159.784204373559447, -21.204224509940733 ], [ -159.784138410908582, -21.203979505809002 ], [ -159.784138410908582, -21.203904119922313 ], [ -159.784100717965231, -21.203838157271463 ], [ -159.784100717965231, -21.20378161785645 ], [ -159.784063025021908, -21.203734501677271 ], [ -159.784006485606881, -21.203451804602196 ], [ -159.783949946191882, -21.203310456064656 ], [ -159.783949946191882, -21.203235070177971 ], [ -159.783893406776855, -21.20310314487627 ], [ -159.783902830012693, -21.203056028697087 ], [ -159.783836867361828, -21.202924103395386 ], [ -159.783921676484368, -21.202858140744535 ], [ -159.783893406776855, -21.202792178093684 ], [ -159.783949946191882, -21.202792178093684 ], [ -159.783968792663529, -21.202660252791983 ], [ -159.783940522956044, -21.202650829556148 ], [ -159.783949946191882, -21.202622559848642 ], [ -159.783921676484368, -21.20260371337697 ], [ -159.783836867361828, -21.202641406320311 ], [ -159.783742635003478, -21.202622559848642 ], [ -159.783676672352641, -21.202660252791983 ], [ -159.78363897940929, -21.202716792206999 ], [ -159.783535323815101, -21.202707368971161 ], [ -159.783488207635912, -21.202726215442834 ], [ -159.783459937928399, -21.202792178093684 ], [ -159.7834033985134, -21.202773331622012 ], [ -159.783431668220913, -21.202801601329522 ], [ -159.783328012626697, -21.202876987216207 ], [ -159.783252626740023, -21.202895833687879 ], [ -159.783130124674159, -21.202971219574568 ], [ -159.783101854966645, -21.20296179633873 ], [ -159.78303589231578, -21.203008912517909 ], [ -159.783007622608295, -21.202999489282075 ], [ -159.78294165995743, -21.203065451932925 ], [ -159.782894543778269, -21.203027758989581 ], [ -159.782856850834918, -21.203027758989581 ], [ -159.78284742759908, -21.203093721640432 ], [ -159.782819157891566, -21.203093721640432 ], [ -159.782734348769054, -21.203187953998789 ], [ -159.782677809354027, -21.20316910752712 ], [ -159.782706079061541, -21.203197377234627 ], [ -159.782668386118189, -21.203206800470461 ], [ -159.782640116410676, -21.20325391664964 ], [ -159.78261184670319, -21.203244493413806 ], [ -159.782593000231515, -21.203301032828822 ], [ -159.782564730524001, -21.203291609592984 ], [ -159.782564730524001, -21.203319879300494 ], [ -159.782508191108974, -21.203338725772163 ], [ -159.782479921401489, -21.203404688423014 ], [ -159.782413958750624, -21.203432958130524 ], [ -159.782376265807272, -21.203517767253047 ], [ -159.782329149628112, -21.203546036960553 ], [ -159.782046452553033, -21.203508344017209 ], [ -159.781886257543817, -21.203546036960553 ], [ -159.781792025185467, -21.203621422847238 ], [ -159.781726062534602, -21.203621422847238 ], [ -159.781716639298764, -21.203593153139732 ], [ -159.781688369591279, -21.203602576375566 ], [ -159.781697792827117, -21.203583729903897 ], [ -159.781443365459523, -21.203621422847238 ], [ -159.78132086339366, -21.20366853902642 ], [ -159.780962780431906, -21.203734501677271 ], [ -159.78075546924353, -21.203819310799791 ], [ -159.780510465111803, -21.203819310799791 ], [ -159.780208921565048, -21.203951236101492 ], [ -159.779973340669159, -21.204007775516509 ], [ -159.779954494197483, -21.203998352280674 ], [ -159.779992187140806, -21.203979505809002 ], [ -159.779954494197483, -21.203979505809002 ], [ -159.779907378018294, -21.204026621988181 ], [ -159.779756606244916, -21.204036045224015 ], [ -159.779766029480754, -21.204083161403197 ], [ -159.77969064359408, -21.204083161403197 ], [ -159.779700066829918, -21.204111431110704 ], [ -159.779652950650728, -21.204111431110704 ], [ -159.779652950650728, -21.20413970081821 ], [ -159.779530448584865, -21.204196240233227 ], [ -159.779521025349027, -21.204224509940733 ], [ -159.779492755641513, -21.204215086704899 ], [ -159.779492755641513, -21.204243356412405 ], [ -159.779398523283163, -21.204328165534928 ], [ -159.779341983868136, -21.204337588770763 ], [ -159.779276021217299, -21.204441244364958 ], [ -159.779238328273948, -21.204441244364958 ], [ -159.779210058566434, -21.204507207015808 ], [ -159.779162942387273, -21.204535476723315 ], [ -159.779096979736408, -21.204516630251643 ], [ -159.779125249443922, -21.204563746430825 ], [ -159.779078133264733, -21.204610862610004 ], [ -159.77904044032141, -21.204610862610004 ], [ -159.77904044032141, -21.20463913231751 ], [ -159.778767166482169, -21.204752211147539 ], [ -159.778738896774655, -21.204733364675867 ], [ -159.778729473538817, -21.204771057619212 ], [ -159.778380813812902, -21.204884136449241 ], [ -159.77816407938866, -21.204987792043436 ], [ -159.777881382313581, -21.205063177930121 ], [ -159.777853112606095, -21.205091447637631 ], [ -159.777730610540203, -21.205063177930121 ], [ -159.777749457011879, -21.205082024401793 ], [ -159.777579838766854, -21.205110294109303 ], [ -159.777344257870936, -21.205204526467661 ], [ -159.77718406286175, -21.205298758826018 ], [ -159.777052137560048, -21.20531760529769 ], [ -159.777023867852535, -21.205345875005197 ], [ -159.776986174909183, -21.205336451769362 ], [ -159.776599822239916, -21.20552491648608 ], [ -159.776477320174052, -21.205534339721915 ], [ -159.776467896938215, -21.205562609429421 ], [ -159.776383087815702, -21.205572032665259 ], [ -159.776364241344027, -21.205609725608603 ], [ -159.776307701928999, -21.205619148844438 ], [ -159.776288855457324, -21.205656841787782 ], [ -159.776241739278163, -21.205647418551944 ], [ -159.77616635339146, -21.205685111495288 ], [ -159.776213469570649, -21.205694534731123 ], [ -159.776109813976461, -21.205751074146139 ], [ -159.776090967504786, -21.205788767089484 ], [ -159.776025004853921, -21.205798190325318 ], [ -159.775864809844705, -21.205911269155347 ], [ -159.775827116901382, -21.205911269155347 ], [ -159.775742307778842, -21.20599607827787 ], [ -159.775582112769655, -21.206071464164559 ], [ -159.775572689533817, -21.206128003579572 ], [ -159.775525573354628, -21.206099733872065 ], [ -159.775497303647114, -21.206146850051244 ], [ -159.775459610703791, -21.206156273287082 ], [ -159.775450187467953, -21.206184542994588 ], [ -159.775469033939601, -21.206193966230423 ], [ -159.77542191776044, -21.206222235937933 ], [ -159.775384224817088, -21.206184542994588 ], [ -159.775110950977847, -21.206175119758754 ], [ -159.775110950977847, -21.206259928881273 ], [ -159.775054411562849, -21.206259928881273 ], [ -159.775054411562849, -21.206175119758754 ], [ -159.774997872147821, -21.206175119758754 ], [ -159.775007295383659, -21.205977231806198 ], [ -159.774884793317796, -21.205977231806198 ], [ -159.774818830666931, -21.205901845919513 ], [ -159.774620942714392, -21.20581703679699 ], [ -159.774602096242717, -21.205666265023616 ], [ -159.774573826535203, -21.205656841787782 ], [ -159.774573826535203, -21.205609725608603 ], [ -159.774479594176853, -21.205581455901093 ], [ -159.774460747705177, -21.205656841787782 ], [ -159.774507863884367, -21.205845306504497 ], [ -159.774498440648529, -21.205892422683679 ], [ -159.774564403299365, -21.205977231806198 ], [ -159.774583249771041, -21.20620338946626 ], [ -159.77463036595023, -21.206269352117111 ], [ -159.77463036595023, -21.206486086541336 ], [ -159.77454555682769, -21.206438970362157 ], [ -159.774526710356042, -21.206193966230423 ], [ -159.774554980063527, -21.206184542994588 ], [ -159.774554980063527, -21.206156273287082 ], [ -159.774526710356042, -21.20613742681541 ], [ -159.77453613359188, -21.206080887400393 ], [ -159.774517287120204, -21.206062040928721 ], [ -159.774498440648529, -21.206080887400393 ], [ -159.774489017412691, -21.206005501513708 ], [ -159.774451324469339, -21.205977231806198 ], [ -159.774423054761826, -21.205854729740334 ], [ -159.774385361818503, -21.205826460032828 ], [ -159.774375938582665, -21.205741650910305 ], [ -159.774328822403476, -21.205713381202795 ], [ -159.774272282988449, -21.205590879136931 ], [ -159.774178050630098, -21.205515493250243 ], [ -159.774168627394261, -21.205477800306902 ], [ -159.773970739441722, -21.205327028533528 ], [ -159.773999009149236, -21.205232796175167 ], [ -159.773999009149236, -21.205185679995989 ], [ -159.773970739441722, -21.205157410288482 ], [ -159.77398016267756, -21.205119717345138 ], [ -159.773923623262533, -21.205129140580976 ], [ -159.773923623262533, -21.205251642646839 ], [ -159.773904776790857, -21.205279912354346 ], [ -159.773772851489156, -21.205289335590184 ], [ -159.773235727046512, -21.205185679995989 ], [ -159.772481868179653, -21.205166833524316 ], [ -159.771812818435308, -21.205119717345138 ], [ -159.771040113096774, -21.205006638515108 ], [ -159.770606644248318, -21.2048464435059 ], [ -159.770578374540804, -21.204799327326718 ], [ -159.770531258361643, -21.204808750562556 ], [ -159.770540681597481, -21.20478048085505 ], [ -159.770512411889968, -21.204808750562556 ], [ -159.770201445107375, -21.204695671732527 ], [ -159.769928171268134, -21.204629709081676 ], [ -159.769843362145622, -21.204544899959153 ], [ -159.769438163004679, -21.204469514072464 ], [ -159.769174312401276, -21.204450667600792 ], [ -159.769146042693762, -21.204422397893286 ], [ -159.769032963863737, -21.204412974657451 ], [ -159.769023540627899, -21.204384704949941 ], [ -159.768439300006065, -21.204271626119912 ], [ -159.768439300006065, -21.20425277964824 ], [ -159.768392183826904, -21.20425277964824 ], [ -159.768382760591066, -21.204224509940733 ], [ -159.768345067647715, -21.204243356412405 ], [ -159.767836212912584, -21.204102007874866 ], [ -159.767233125819075, -21.203998352280674 ], [ -159.766931582272349, -21.203904119922313 ], [ -159.766931582272349, -21.203875850214807 ], [ -159.76688446609316, -21.203885273450641 ], [ -159.76683734991397, -21.203838157271463 ], [ -159.765942142509573, -21.203677962262255 ], [ -159.765640598962818, -21.20366853902642 ], [ -159.7650280886335, -21.203593153139732 ], [ -159.76447211771918, -21.203489497545537 ], [ -159.764227113587452, -21.203404688423014 ], [ -159.764095188285751, -21.203329302536329 ], [ -159.763661719437295, -21.203197377234627 ], [ -159.763624026493972, -21.203178530762955 ], [ -159.763633449729809, -21.203159684291283 ], [ -159.763576910314782, -21.20316910752712 ], [ -159.763379022362244, -21.20310314487627 ], [ -159.763360175890568, -21.203093721640432 ], [ -159.763369599126406, -21.203056028697087 ], [ -159.763322482947217, -21.20307487516876 ], [ -159.763162287938002, -21.202999489282075 ], [ -159.762106885524389, -21.202924103395386 ], [ -159.761748802562636, -21.202933526631224 ], [ -159.761739379326798, -21.202914680159552 ], [ -159.761720532855122, -21.202933526631224 ], [ -159.760947827516588, -21.202952373102896 ], [ -159.759675690678733, -21.202905256923714 ], [ -159.758968947991065, -21.202848717508701 ], [ -159.758639134736796, -21.202792178093684 ], [ -159.757932392049128, -21.202763908386178 ], [ -159.757904122341614, -21.202745061914506 ], [ -159.757423537313969, -21.202754485150344 ], [ -159.757310458483943, -21.202792178093684 ], [ -159.757027761408864, -21.202829871037029 ], [ -159.756782757277136, -21.202811024565356 ], [ -159.756339865192871, -21.202839294272863 ], [ -159.756245632834492, -21.202820447801194 ], [ -159.756000628702765, -21.202867563980373 ], [ -159.755821587221874, -21.202933526631224 ], [ -159.755444657788445, -21.202971219574568 ], [ -159.755124267770043, -21.203084298404598 ], [ -159.755001765704179, -21.203084298404598 ], [ -159.754681375685749, -21.203178530762955 ], [ -159.754134828007267, -21.20328218635715 ], [ -159.75365424297965, -21.203442381366358 ], [ -159.753597703564623, -21.203480074309702 ], [ -159.753550587385462, -21.203480074309702 ], [ -159.753399815612084, -21.203564883432225 ], [ -159.753277313546221, -21.203593153139732 ], [ -159.752853267933602, -21.203772194620612 ], [ -159.752118255538392, -21.203979505809002 ], [ -159.751976907000852, -21.204073738167359 ], [ -159.751939214057529, -21.204073738167359 ], [ -159.751901521114178, -21.204111431110704 ], [ -159.751863828170826, -21.204111431110704 ], [ -159.75165651698245, -21.204224509940733 ], [ -159.75157170785991, -21.204309319063256 ], [ -159.751392666379047, -21.204412974657451 ], [ -159.751364396671534, -21.204450667600792 ], [ -159.751260741077346, -21.204488360544136 ], [ -159.751157085483158, -21.204582592902494 ], [ -159.750770732813862, -21.204771057619212 ], [ -159.750365533672948, -21.20513856381681 ], [ -159.750290147786245, -21.205166833524316 ], [ -159.750158222484544, -21.205270489118512 ], [ -159.750101683069516, -21.205279912354346 ], [ -159.750026297182842, -21.20531760529769 ], [ -159.750026297182842, -21.205336451769362 ], [ -159.749998027475328, -21.205327028533528 ], [ -159.749932064824492, -21.205392991184379 ], [ -159.749856678937789, -21.205411837656047 ], [ -159.749611674806062, -21.205553186193587 ], [ -159.749526865683549, -21.205562609429421 ], [ -159.749526865683549, -21.205581455901093 ], [ -159.749263015080146, -21.205656841787782 ], [ -159.749102820070931, -21.205741650910305 ], [ -159.748904932118393, -21.205882999447841 ], [ -159.748763583580853, -21.20602434798538 ], [ -159.748396077383234, -21.20631646829629 ], [ -159.74803799442148, -21.206721667437233 ], [ -159.747727027638888, -21.207013787748142 ], [ -159.747642218516376, -21.207032634219814 ], [ -159.747557409393863, -21.207126866578172 ], [ -159.747359521441297, -21.207249368644039 ], [ -159.747331251733783, -21.207296484823217 ], [ -159.747274712318784, -21.207305908059052 ], [ -159.747180479960406, -21.207400140417413 ], [ -159.747161633488759, -21.207400140417413 ], [ -159.747180479960406, -21.207362447474068 ], [ -159.747152210252921, -21.207353024238234 ], [ -159.74706740113038, -21.207428410124919 ], [ -159.747086247602056, -21.207456679832426 ], [ -159.747010861715381, -21.207466103068263 ], [ -159.747001438479543, -21.207522642483276 ], [ -159.746954322300354, -21.207541488954949 ], [ -159.746784704055301, -21.207720530435829 ], [ -159.746718741404464, -21.207758223379173 ], [ -159.746699894932789, -21.207758223379173 ], [ -159.746718741404464, -21.207711107199994 ], [ -159.74664335551779, -21.207748800143339 ], [ -159.746652778753599, -21.207777069850845 ], [ -159.746483160508575, -21.207927841624219 ], [ -159.746436044329386, -21.208012650746742 ], [ -159.746388928150196, -21.208040920454248 ], [ -159.746407774621872, -21.208059766925921 ], [ -159.746360658442711, -21.208088036633427 ], [ -159.746351235206873, -21.208125729576771 ], [ -159.746247579612685, -21.208210538699294 ], [ -159.746209886669334, -21.208276501350145 ], [ -159.74618161696182, -21.208267078114307 ], [ -159.746115654310984, -21.208361310472668 ], [ -159.745748148113364, -21.20867227725525 ], [ -159.745587953104149, -21.208926704622819 ], [ -159.745521990453312, -21.208983244037832 ], [ -159.745484297509961, -21.209068053160355 ], [ -159.745145061019883, -21.209388443178774 ], [ -159.744852940708967, -21.209567484659654 ], [ -159.744758708350616, -21.209576907895492 ], [ -159.74456082039805, -21.2097371029047 ], [ -159.744127351549594, -21.209953837328925 ], [ -159.743854077710381, -21.210151725281477 ], [ -159.743590227106978, -21.210462692064059 ], [ -159.743448878569438, -21.210594617365761 ], [ -159.743043679428496, -21.210792505318313 ], [ -159.742817521768416, -21.210877314440836 ], [ -159.742676173230876, -21.210980970035031 ], [ -159.742440592334987, -21.211216550930928 ], [ -159.742129625552423, -21.211376745940136 ], [ -159.741771542590641, -21.211612326836033 ], [ -159.740923451365433, -21.212102335099495 ], [ -159.740866911950405, -21.212158874514511 ], [ -159.740800949299569, -21.212177720986183 ], [ -159.740772679592055, -21.212224837165362 ], [ -159.740697293705352, -21.212262530108706 ], [ -159.740414596630274, -21.212526380712109 ], [ -159.739915165130981, -21.212875040438036 ], [ -159.738925725368233, -21.213402741644842 ], [ -159.737804360303755, -21.214175446983383 ], [ -159.737427430870326, -21.214382758171769 ], [ -159.73713531055941, -21.214580646124322 ], [ -159.736390874928389, -21.214976422029427 ], [ -159.736202410211661, -21.215108347331128 ], [ -159.736108177853311, -21.215136617038638 ], [ -159.736089331381635, -21.215174309981979 ], [ -159.736032791966608, -21.215183733217817 ], [ -159.735900866664906, -21.215287388812012 ], [ -159.735834904014069, -21.215287388812012 ], [ -159.735863173721583, -21.215306235283681 ], [ -159.735778364599042, -21.215334504991191 ], [ -159.735768941363204, -21.215362774698697 ], [ -159.735740671655719, -21.215343928227025 ], [ -159.735740671655719, -21.215362774698697 ], [ -159.735721825184044, -21.215381621170369 ], [ -159.735655862533179, -21.215419314113714 ], [ -159.735618169589856, -21.215409890877876 ], [ -159.735589899882342, -21.215457007057054 ], [ -159.735505090759801, -21.215513546472071 ], [ -159.735363742222262, -21.215579509122922 ], [ -159.735354318986452, -21.215607778830428 ], [ -159.735184700741399, -21.215692587952951 ], [ -159.735156431033886, -21.215730280896295 ], [ -159.734977389552995, -21.215815090018818 ], [ -159.734939696609672, -21.215881052669669 ], [ -159.734902003666321, -21.215871629433831 ], [ -159.734779501600457, -21.215965861792192 ], [ -159.734647576298755, -21.216022401207205 ], [ -159.734506227761216, -21.216173172980579 ], [ -159.734477958053702, -21.216173172980579 ], [ -159.734383725695352, -21.216276828574774 ], [ -159.734355455987838, -21.216276828574774 ], [ -159.734280070101164, -21.216342791225625 ], [ -159.734280070101164, -21.216371060933131 ], [ -159.734204684214461, -21.216408753876475 ], [ -159.7341575680353, -21.216474716527326 ], [ -159.734091605384435, -21.216512409470671 ], [ -159.734025642733599, -21.2166254883007 ], [ -159.733969103318572, -21.216682027715716 ], [ -159.73393141037522, -21.216682027715716 ], [ -159.733940833611058, -21.216719720659057 ], [ -159.733912563903544, -21.216719720659057 ], [ -159.733921987139382, -21.216747990366567 ], [ -159.733856024488546, -21.216795106545746 ], [ -159.733865447724384, -21.216823376253252 ], [ -159.733724099186844, -21.21698357126246 ], [ -159.733733522422682, -21.217002417734133 ], [ -159.733695829479331, -21.217068380384983 ], [ -159.733667559771817, -21.217068380384983 ], [ -159.733648713300141, -21.217134343035834 ], [ -159.733592173885143, -21.217172035979178 ], [ -159.73360159712098, -21.217200305686685 ], [ -159.733431978875927, -21.217445309818419 ], [ -159.73309274238585, -21.218246284864463 ], [ -159.732932547376635, -21.218783409307107 ], [ -159.732894854433283, -21.21898129725966 ], [ -159.732876007961607, -21.218990720495494 ], [ -159.732876007961607, -21.219056683146349 ], [ -159.732857161489932, -21.219056683146349 ], [ -159.732857161489932, -21.219141492268868 ], [ -159.732828891782447, -21.219169761976378 ], [ -159.732781775603257, -21.219461882287288 ], [ -159.732762929131582, -21.219471305523125 ], [ -159.732762929131582, -21.219650347004006 ], [ -159.73272523618823, -21.219631500532333 ], [ -159.732734659424068, -21.219716309654856 ], [ -159.732706389716554, -21.219697463183184 ], [ -159.732706389716554, -21.219829388484886 ], [ -159.732687543244907, -21.219857658192392 ], [ -159.732706389716554, -21.219933044079081 ], [ -159.732696966480745, -21.219989583494094 ], [ -159.732668696773231, -21.219989583494094 ], [ -159.732696966480745, -21.220008429965766 ], [ -159.732696966480745, -21.220064969380783 ], [ -159.732668696773231, -21.220055546144945 ], [ -159.732649850301556, -21.220093239088289 ], [ -159.732659273537394, -21.220130932031633 ], [ -159.732621580594042, -21.220196894682484 ], [ -159.73263100382988, -21.220281703805007 ], [ -159.732565041179043, -21.220451322050053 ], [ -159.732583887650691, -21.220554977644245 ], [ -159.73253677147153, -21.220602093823423 ], [ -159.732546194707368, -21.220649210002605 ], [ -159.732527348235692, -21.220649210002605 ], [ -159.732546194707368, -21.22065863323844 ], [ -159.732527348235692, -21.220668056474274 ], [ -159.732546194707368, -21.220715172653456 ], [ -159.732451962348989, -21.221779998302903 ], [ -159.732367153226477, -21.222251160094697 ], [ -159.732376576462315, -21.222929633074877 ], [ -159.732338883518963, -21.223070981612416 ], [ -159.732282344103965, -21.223174637206608 ], [ -159.732244651160613, -21.223438487810014 ], [ -159.732112725858912, -21.223664645470073 ], [ -159.73207503291556, -21.223796570771775 ], [ -159.732084456151398, -21.22407926784685 ], [ -159.732065609679722, -21.224239462856058 ], [ -159.732093879387236, -21.224541006402806 ], [ -159.732131572330587, -21.224663508468673 ], [ -159.732112725858912, -21.224861396421225 ], [ -159.732093879387236, -21.22487081965706 ], [ -159.732103302623074, -21.22489908936457 ], [ -159.732027916736399, -21.225162939967973 ], [ -159.731971377321372, -21.225266595562164 ], [ -159.731943107613859, -21.225445637043048 ], [ -159.731905414670535, -21.225558715873078 ], [ -159.73188656819886, -21.225558715873078 ], [ -159.731867721727184, -21.225784873533136 ], [ -159.731754642897158, -21.226058147372378 ], [ -159.731707526717969, -21.22625603532493 ], [ -159.731707526717969, -21.226350267683287 ], [ -159.731566178180429, -21.226774313295902 ], [ -159.731434252878728, -21.227424516568572 ], [ -159.73142482964289, -21.227584711577784 ], [ -159.731349443756216, -21.227886255124531 ], [ -159.731311750812864, -21.227942794539544 ], [ -159.731292904341188, -21.228037026897905 ], [ -159.731264634633675, -21.228055873369573 ], [ -159.731274057869513, -21.228084143077083 ], [ -159.731217518454514, -21.228234914850457 ], [ -159.731123286096135, -21.228376263387993 ], [ -159.731038476973623, -21.228592997812218 ], [ -159.73101020726611, -21.22861184428389 ], [ -159.73101020726611, -21.228687230170575 ], [ -159.730953667851111, -21.228913387830637 ], [ -159.730906551671922, -21.229007620188995 ], [ -159.730906551671922, -21.229101852547352 ], [ -159.730850012256894, -21.229243201084891 ], [ -159.730802896077734, -21.229516474924129 ], [ -159.730708663719383, -21.229752055820025 ], [ -159.730623854596843, -21.229874557885893 ], [ -159.730623854596843, -21.22996879024425 ], [ -159.730529622238492, -21.23028918026267 ], [ -159.73045423635179, -21.230873420884492 ], [ -159.730360003993439, -21.23117496443124 ], [ -159.730246925163414, -21.231438815034643 ], [ -159.7302186554559, -21.231448238270477 ], [ -159.7302186554559, -21.231495354449656 ], [ -159.730020767503362, -21.231919400062271 ], [ -159.729964228088335, -21.232107864778985 ], [ -159.729935958380821, -21.232126711250658 ], [ -159.729954804852497, -21.232154980958164 ], [ -159.729917111909145, -21.232390561854061 ], [ -159.729898265437498, -21.232390561854061 ], [ -159.729917111909145, -21.232418831561571 ], [ -159.72988884220166, -21.232597873042451 ], [ -159.729728647192445, -21.233304615730137 ], [ -159.729700377484932, -21.233332885437648 ], [ -159.729577875419068, -21.233690968399408 ], [ -159.729549605711554, -21.233700391635242 ], [ -159.729549605711554, -21.233747507814424 ], [ -159.729445950117366, -21.233973665474483 ], [ -159.729351717759016, -21.234275209021231 ], [ -159.729125560098936, -21.234642715218829 ], [ -159.729106713627289, -21.234736947577186 ], [ -159.729040750976424, -21.234859449643054 ], [ -159.729050174212261, -21.23488771935056 ], [ -159.729031327740586, -21.23488771935056 ], [ -159.728974788325587, -21.235029067888096 ], [ -159.728974788325587, -21.235085607303112 ], [ -159.728946518618073, -21.235085607303112 ], [ -159.728965365089749, -21.235123300246457 ], [ -159.728937095382236, -21.235142146718129 ], [ -159.728927672146398, -21.23520810936898 ], [ -159.728889979203046, -21.235255225548158 ], [ -159.728899402438884, -21.235302341727337 ], [ -159.728880555967208, -21.235311764963171 ], [ -159.728833439788048, -21.235556769094906 ], [ -159.72868266801467, -21.23585831264165 ], [ -159.728550742712969, -21.236263511782592 ], [ -159.728475356826266, -21.236395437084294 ], [ -159.728315161817079, -21.236555632093502 ], [ -159.72817381327954, -21.23685717564025 ], [ -159.72812669710035, -21.236932561526938 ], [ -159.728079580921161, -21.236960831234445 ], [ -159.728079580921161, -21.237007947413623 ], [ -159.728004195034487, -21.237092756536146 ], [ -159.727975925326973, -21.237177565658669 ], [ -159.72794765561946, -21.237186988894504 ], [ -159.727938232383622, -21.23724352830952 ], [ -159.727909962676137, -21.237252951545354 ], [ -159.727919385911974, -21.237290644488699 ], [ -159.727872269732785, -21.237431993026238 ], [ -159.727721497959408, -21.23774295980882 ], [ -159.727580149421868, -21.238591051034046 ], [ -159.727504763535194, -21.23880778545827 ], [ -159.727372838233492, -21.239015096646657 ], [ -159.727184373516764, -21.239486258438451 ], [ -159.726995908800035, -21.239797225221032 ], [ -159.726732058196632, -21.240117615239452 ], [ -159.726524747008256, -21.240494544672885 ], [ -159.72641166817823, -21.240635893210424 ], [ -159.726421091414068, -21.240654739682093 ], [ -159.726355128763203, -21.240673586153765 ], [ -159.726373975234878, -21.240711279097109 ], [ -159.726336282291527, -21.240796088219632 ], [ -159.726289166112366, -21.240871474106317 ], [ -159.726260896404852, -21.240862050870483 ], [ -159.72627031964069, -21.240890320577989 ], [ -159.726213780225663, -21.240975129700512 ], [ -159.726185510518178, -21.241003399408019 ], [ -159.726166664046502, -21.240993976172184 ], [ -159.726147817574827, -21.241059938823035 ], [ -159.726100701395637, -21.241078785294707 ], [ -159.726110124631475, -21.241107055002214 ], [ -159.726053585216476, -21.24116359441723 ], [ -159.726053585216476, -21.241191864124737 ], [ -159.725978199329774, -21.241229557068081 ], [ -159.725987622565611, -21.241257826775588 ], [ -159.725799157848883, -21.241427445020634 ], [ -159.725686079018857, -21.241568793558169 ], [ -159.725591846660507, -21.241587640029842 ], [ -159.725591846660507, -21.241615909737352 ], [ -159.725478767830481, -21.241615909737352 ], [ -159.725459921358805, -21.24163475620902 ], [ -159.725431651651292, -21.241606486501514 ], [ -159.725384535472131, -21.241644179444858 ], [ -159.725375112236293, -21.241625332973186 ], [ -159.725318572821266, -21.241625332973186 ], [ -159.725337419292941, -21.241521677378991 ], [ -159.725318572821266, -21.241521677378991 ], [ -159.725290303113752, -21.241568793558169 ], [ -159.725224340462916, -21.241597063265679 ], [ -159.725196070755402, -21.241681872388202 ], [ -159.725130108104565, -21.241691295624037 ], [ -159.725177224283726, -21.241757258274887 ], [ -159.725252610170429, -21.241757258274887 ], [ -159.72529972634959, -21.241823220925738 ], [ -159.725262033406267, -21.241804374454066 ], [ -159.72520549399124, -21.241813797689904 ], [ -159.725186647519564, -21.241785527982394 ], [ -159.725082991925376, -21.241813797689904 ], [ -159.724960489859512, -21.241983415934946 ], [ -159.724922796916161, -21.241964569463278 ], [ -159.724894527208647, -21.241992839170784 ], [ -159.724866257501162, -21.242077648293307 ], [ -159.724819141321973, -21.242087071529141 ], [ -159.724790871614459, -21.242068225057469 ], [ -159.724781448378621, -21.24216245741583 ], [ -159.724687216020271, -21.242171880651664 ], [ -159.724668369548596, -21.242369768604217 ], [ -159.724640099841082, -21.242407461547561 ], [ -159.724687216020271, -21.242435731255068 ], [ -159.724687216020271, -21.242464000962574 ], [ -159.724668369548596, -21.242464000962574 ], [ -159.724668369548596, -21.242614772735948 ], [ -159.724687216020271, -21.242737274801815 ], [ -159.724715485727785, -21.242774967745159 ], [ -159.724611830133568, -21.242774967745159 ], [ -159.724564713954408, -21.242869200103517 ], [ -159.724498751303543, -21.242869200103517 ], [ -159.724489328067705, -21.242916316282695 ], [ -159.724536444246894, -21.242935162754367 ], [ -159.724536444246894, -21.242963432461874 ], [ -159.72450817453938, -21.242972855697712 ], [ -159.724470481596029, -21.243048241584397 ], [ -159.724442211888544, -21.243048241584397 ], [ -159.724442211888544, -21.243085934527741 ], [ -159.724479904831867, -21.243104780999413 ], [ -159.72446105836022, -21.243151897178592 ], [ -159.724479904831867, -21.243227283065277 ], [ -159.724423365416868, -21.243246129536949 ], [ -159.724404518945192, -21.243283822480294 ], [ -159.724347979530165, -21.243274399244459 ], [ -159.724329133058518, -21.243330938659472 ], [ -159.724329133058518, -21.243359208366982 ], [ -159.724451635124382, -21.243368631602817 ], [ -159.724442211888544, -21.243444017489502 ], [ -159.724423365416868, -21.243453440725339 ], [ -159.724385672473517, -21.243396901310323 ], [ -159.724357402766003, -21.243396901310323 ], [ -159.724310286586842, -21.243472287197012 ], [ -159.724329133058518, -21.243481710432846 ], [ -159.72431970982268, -21.243547673083697 ], [ -159.724338556294327, -21.243585366027041 ], [ -159.724451635124382, -21.243585366027041 ], [ -159.724489328067705, -21.24363248220622 ], [ -159.724583560426083, -21.243585366027041 ], [ -159.724583560426083, -21.243641905442058 ], [ -159.724724908963623, -21.243613635734548 ], [ -159.724753178671108, -21.243651328677892 ], [ -159.724781448378621, -21.243651328677892 ], [ -159.724809718086135, -21.243623058970385 ], [ -159.724800294850297, -21.243604212498713 ], [ -159.725139531340375, -21.243557096319535 ], [ -159.725309149585428, -21.243575942791203 ], [ -159.725582423424669, -21.243557096319535 ], [ -159.725742618433884, -21.243594789262875 ], [ -159.726100701395637, -21.243585366027041 ], [ -159.726166664046502, -21.243604212498713 ], [ -159.726242049933177, -21.243641905442058 ], [ -159.726458784357419, -21.243830370158772 ], [ -159.726656672309957, -21.244028258111324 ], [ -159.72674148143247, -21.244160183413026 ], [ -159.7270618714509, -21.244282685478893 ], [ -159.727269182639276, -21.244273262243055 ], [ -159.727401107940977, -21.244320378422238 ], [ -159.727551879714355, -21.244329801658072 ], [ -159.72761784236522, -21.244282685478893 ], [ -159.727598995893544, -21.244084797526341 ], [ -159.727636688836895, -21.244056527818834 ], [ -159.72771207472357, -21.244094220762175 ], [ -159.727749767666921, -21.244150760177192 ], [ -159.727730921195246, -21.244160183413026 ], [ -159.727768614138597, -21.244320378422238 ], [ -159.727749767666921, -21.244452303723939 ], [ -159.727778037374435, -21.244650191676492 ], [ -159.727844000025271, -21.244744424034849 ], [ -159.727844000025271, -21.244885772572388 ], [ -159.727938232383622, -21.244895195808223 ], [ -159.72794765561946, -21.244914042279895 ], [ -159.72794765561946, -21.244942311987401 ], [ -159.727900539440299, -21.244951735223239 ], [ -159.727881692968623, -21.244980004930746 ], [ -159.727872269732785, -21.245055390817431 ], [ -159.727900539440299, -21.24519673935497 ], [ -159.727928809147784, -21.245225009062477 ], [ -159.72794765561946, -21.245583092024241 ], [ -159.727975925326973, -21.245715017325942 ], [ -159.727957078855297, -21.245828096155972 ], [ -159.727919385911974, -21.245837519391806 ], [ -159.727909962676137, -21.245903482042657 ], [ -159.727985348562811, -21.245931751750167 ], [ -159.727985348562811, -21.245978867929345 ], [ -159.727919385911974, -21.24598829116518 ], [ -159.727909962676137, -21.246044830580196 ], [ -159.727957078855297, -21.246110793231047 ], [ -159.727957078855297, -21.246233295296911 ], [ -159.727975925326973, -21.246299257947761 ], [ -159.728004195034487, -21.246318104419434 ], [ -159.727985348562811, -21.246384067070284 ], [ -159.728032464742, -21.246478299428645 ], [ -159.728070157685323, -21.246478299428645 ], [ -159.728117273864513, -21.246515992371986 ], [ -159.728211506222863, -21.246798689447061 ], [ -159.728258622402052, -21.246836382390406 ], [ -159.728315161817079, -21.246836382390406 ], [ -159.72836227799624, -21.246892921805422 ], [ -159.728390547703754, -21.246845805626243 ], [ -159.728437663882943, -21.246845805626243 ], [ -159.728447087118781, -21.246883498569584 ], [ -159.728465933590428, -21.24687407533375 ], [ -159.728475356826266, -21.246779842975389 ], [ -159.728522473005455, -21.246779842975389 ], [ -159.728503626533779, -21.246817535918733 ], [ -159.728560165948807, -21.246798689447061 ], [ -159.728560165948807, -21.246817535918733 ], [ -159.728607282127967, -21.246817535918733 ], [ -159.728635551835481, -21.246864652097912 ], [ -159.728663821542995, -21.246864652097912 ], [ -159.72868266801467, -21.246798689447061 ], [ -159.728833439788048, -21.246808112682899 ], [ -159.728861709495533, -21.246789266211227 ], [ -159.728861709495533, -21.246808112682899 ], [ -159.728974788325587, -21.246808112682899 ], [ -159.728984211561425, -21.246770419739555 ], [ -159.729050174212261, -21.246770419739555 ], [ -159.729097290391451, -21.246817535918733 ], [ -159.729087867155613, -21.246779842975389 ], [ -159.729106713627289, -21.246760996503721 ], [ -159.729144406570612, -21.246760996503721 ], [ -159.729144406570612, -21.246798689447061 ], [ -159.729182099513963, -21.246808112682899 ], [ -159.729295178343989, -21.246789266211227 ], [ -159.729314024815665, -21.24673272679621 ], [ -159.72947421982488, -21.246713880324538 ], [ -159.72947421982488, -21.24673272679621 ], [ -159.729540182475716, -21.246723303560376 ], [ -159.729606145126581, -21.246826959154571 ], [ -159.729596721890744, -21.246864652097912 ], [ -159.729370564230692, -21.246930614748763 ], [ -159.729370564230692, -21.246958884456273 ], [ -159.729304601579827, -21.246940037984601 ], [ -159.729276331872313, -21.246977730927945 ], [ -159.729182099513963, -21.246987154163779 ], [ -159.729182099513963, -21.247024847107124 ], [ -159.729050174212261, -21.247109656229647 ], [ -159.729069020683937, -21.247128502701315 ], [ -159.729031327740586, -21.24726042800302 ], [ -159.729059597448099, -21.247269851238855 ], [ -159.729059597448099, -21.247298120946361 ], [ -159.729003058033072, -21.247298120946361 ], [ -159.728993634797234, -21.247326390653871 ], [ -159.729050174212261, -21.24737350683305 ], [ -159.729050174212261, -21.247486585663079 ], [ -159.729097290391451, -21.247505432134751 ], [ -159.729182099513963, -21.247119079465481 ], [ -159.729229215693152, -21.24705311681463 ], [ -159.729295178343989, -21.247015423871286 ], [ -159.729455373353204, -21.247006000635452 ], [ -159.729502489532393, -21.247071963286302 ], [ -159.729549605711554, -21.247081386522137 ], [ -159.729559028947392, -21.247119079465481 ], [ -159.729634414834095, -21.247175618880497 ], [ -159.729615568362419, -21.247222735059676 ], [ -159.729719223956607, -21.247382930068884 ], [ -159.729690954249094, -21.247430046248063 ], [ -159.729709800720769, -21.247524278606424 ], [ -159.729756916899959, -21.247637357436453 ], [ -159.729785186607444, -21.247646780672287 ], [ -159.729813456314957, -21.247769282738155 ], [ -159.729973651324173, -21.247778705973989 ], [ -159.729954804852497, -21.247806975681499 ], [ -159.729841726022471, -21.24784466862484 ], [ -159.729860572494147, -21.247920054511528 ], [ -159.729917111909145, -21.247986017162379 ], [ -159.729907688673336, -21.248042556577392 ], [ -159.729747493664121, -21.248080249520736 ], [ -159.729766340135797, -21.248165058643259 ], [ -159.729973651324173, -21.248155635407425 ], [ -159.730011344267524, -21.248240444529944 ], [ -159.730011344267524, -21.248381793067484 ], [ -159.729973651324173, -21.248400639539156 ], [ -159.730011344267524, -21.2484383324825 ], [ -159.729973651324173, -21.248504295133351 ], [ -159.72988884220166, -21.248532564840858 ], [ -159.729879418965822, -21.248579681020036 ], [ -159.729898265437498, -21.248918917510128 ], [ -159.729954804852497, -21.248975456925141 ], [ -159.729926535144983, -21.249154498406021 ], [ -159.729954804852497, -21.249154498406021 ], [ -159.729973651324173, -21.249220461056872 ], [ -159.729851149258309, -21.249248730764382 ], [ -159.729851149258309, -21.249540851075292 ], [ -159.729794609843282, -21.249559697546964 ], [ -159.729841726022471, -21.249597390490308 ], [ -159.729917111909145, -21.24958796725447 ], [ -159.729869995729985, -21.249635083433649 ], [ -159.729822879550795, -21.249635083433649 ], [ -159.729851149258309, -21.249653929905321 ], [ -159.729822879550795, -21.249672776376993 ], [ -159.729822879550795, -21.249710469320338 ], [ -159.729851149258309, -21.249701046084503 ], [ -159.729832302786633, -21.249738739027844 ], [ -159.729851149258309, -21.249757585499516 ], [ -159.72988884220166, -21.249738739027844 ], [ -159.729917111909145, -21.249785855207023 ], [ -159.729756916899959, -21.249795278442861 ], [ -159.729709800720769, -21.249842394622039 ], [ -159.729719223956607, -21.250012012867085 ], [ -159.729775763371634, -21.250059129046264 ], [ -159.729728647192445, -21.250077975517936 ], [ -159.729738070428283, -21.250125091697114 ], [ -159.729700377484932, -21.250125091697114 ], [ -159.729653261305742, -21.25026644023465 ], [ -159.72966268454158, -21.250313556413833 ], [ -159.729634414834095, -21.250351249357173 ], [ -159.729643838069933, -21.250539714073891 ], [ -159.729681531013256, -21.250615099960577 ], [ -159.729672107777418, -21.250737602026444 ], [ -159.729690954249094, -21.250784718205622 ], [ -159.729672107777418, -21.250784718205622 ], [ -159.72966268454158, -21.250878950563983 ], [ -159.729606145126581, -21.250992029394013 ], [ -159.729624991598257, -21.251010875865685 ], [ -159.729615568362419, -21.251095684988204 ], [ -159.72956845218323, -21.251095684988204 ], [ -159.729559028947392, -21.251180494110727 ], [ -159.729596721890744, -21.251321842648267 ], [ -159.729540182475716, -21.251613962959176 ], [ -159.72956845218323, -21.251642232666686 ], [ -159.729549605711554, -21.251717618553371 ], [ -159.729587298654906, -21.251783581204222 ], [ -159.729549605711554, -21.251877813562579 ], [ -159.729483643060718, -21.251924929741762 ], [ -159.729464796589042, -21.251990892392612 ], [ -159.729427103645691, -21.251981469156775 ], [ -159.729408257174015, -21.252000315628447 ], [ -159.729389410702339, -21.251953199449268 ], [ -159.729361140994854, -21.251953199449268 ], [ -159.729266908636475, -21.252038008571791 ], [ -159.729248062164828, -21.252103971222642 ], [ -159.729219792457314, -21.252113394458476 ], [ -159.729257485400638, -21.252179357109327 ], [ -159.729248062164828, -21.252226473288506 ], [ -159.729172676278125, -21.252254742996016 ], [ -159.729125560098936, -21.252339552118539 ], [ -159.729059597448099, -21.252377245061879 ], [ -159.729021904504748, -21.252462054184402 ], [ -159.728871132731371, -21.252631672429448 ], [ -159.728852286259723, -21.252688211844465 ], [ -159.728871132731371, -21.252725904787805 ], [ -159.728861709495533, -21.252782444202822 ], [ -159.72877690037302, -21.252829560382001 ], [ -159.728663821542995, -21.252980332155374 ], [ -159.728616705363805, -21.253206489815433 ], [ -159.728541319477131, -21.253300722173794 ], [ -159.728513049769617, -21.253394954532151 ], [ -159.728484780062104, -21.253517456598018 ], [ -159.72845651035459, -21.253950925446464 ], [ -159.72845651035459, -21.254563435775797 ], [ -159.728437663882943, -21.254704784313333 ], [ -159.728437663882943, -21.254817863143362 ], [ -159.728494203297942, -21.255100560218438 ], [ -159.728588435656292, -21.255354987586006 ], [ -159.728607282127967, -21.255345564350169 ], [ -159.728616705363805, -21.255411527001023 ], [ -159.728814593316372, -21.255656531132754 ], [ -159.729182099513963, -21.255939228207829 ], [ -159.729445950117366, -21.256099423217037 ], [ -159.729851149258309, -21.256259618226245 ], [ -159.730246925163414, -21.256570585008831 ], [ -159.730897128436084, -21.257220788281504 ], [ -159.731396559935376, -21.25786156831834 ], [ -159.731679257010455, -21.258389269525146 ], [ -159.732046763208047, -21.259444671938763 ], [ -159.732329460283125, -21.260490651116541 ], [ -159.732376576462315, -21.260650846125749 ], [ -159.732423692641504, -21.260726232012434 ], [ -159.732470808820665, -21.261027775559182 ], [ -159.732517924999854, -21.261169124096721 ], [ -159.732527348235692, -21.261319895870095 ], [ -159.73263100382988, -21.261734518246872 ], [ -159.732762929131582, -21.262092601208632 ], [ -159.732904277669121, -21.262299912397022 ], [ -159.733252937395036, -21.262620302415439 ], [ -159.733695829479331, -21.263082040971394 ], [ -159.733856024488546, -21.263213966273096 ], [ -159.734006796261923, -21.263393007753979 ], [ -159.734280070101164, -21.263600318942366 ], [ -159.73458161364789, -21.263873592781607 ], [ -159.734741808657105, -21.264052634262487 ], [ -159.734836041015456, -21.264259945450874 ], [ -159.734911426902158, -21.264325908101728 ], [ -159.73494911984551, -21.264325908101728 ], [ -159.735033928968022, -21.264391870752579 ], [ -159.735052775439698, -21.264382447516741 ], [ -159.73504335220386, -21.264420140460086 ], [ -159.735062198675536, -21.264438986931758 ], [ -159.73504335220386, -21.264448410167592 ], [ -159.735062198675536, -21.264467256639264 ], [ -159.735109314854697, -21.26445783340343 ], [ -159.735081045147211, -21.264486103110936 ], [ -159.735147007798048, -21.264523796054281 ], [ -159.735147007798048, -21.264552065761787 ], [ -159.735184700741399, -21.264542642525949 ], [ -159.735184700741399, -21.264570912233459 ], [ -159.73523181692056, -21.264552065761787 ], [ -159.735260086628074, -21.264589758705132 ], [ -159.7353731654581, -21.264797069893518 ], [ -159.735410858401451, -21.265239961977802 ], [ -159.735401435165613, -21.265334194336162 ], [ -159.7353731654581, -21.265371887279507 ], [ -159.7353731654581, -21.265541505524549 ], [ -159.735335472514777, -21.265692277297923 ], [ -159.735326049278939, -21.266012667316343 ], [ -159.735307202807263, -21.266088053203028 ], [ -159.735250663392236, -21.266116322910538 ], [ -159.735288356335587, -21.266154015853878 ], [ -159.735288356335587, -21.266191708797223 ], [ -159.735260086628074, -21.266201132033061 ], [ -159.73527893309975, -21.266248248212239 ], [ -159.735260086628074, -21.266295364391418 ], [ -159.735307202807263, -21.266276517919746 ], [ -159.735410858401451, -21.266417866457282 ], [ -159.735627592825665, -21.266596907938165 ], [ -159.735608746354018, -21.266644024117344 ], [ -159.735637016061503, -21.266625177645672 ], [ -159.735665285769016, -21.266691140296523 ], [ -159.735750094891557, -21.266719410004029 ], [ -159.73601394549496, -21.266945567664091 ], [ -159.736061061674121, -21.267030376786614 ], [ -159.736061061674121, -21.267077492965793 ], [ -159.736117601089148, -21.267124609144972 ], [ -159.736070484909959, -21.267124609144972 ], [ -159.736042215202446, -21.267086916201627 ], [ -159.736023368730798, -21.2671057626733 ], [ -159.736117601089148, -21.267152878852478 ], [ -159.736183563739985, -21.267275380918345 ], [ -159.736211833447499, -21.267247111210839 ], [ -159.736127024324986, -21.267143455616644 ], [ -159.736240103155012, -21.267190571795823 ], [ -159.736296642570011, -21.267350766805031 ], [ -159.736277796098364, -21.267350766805031 ], [ -159.736287219334201, -21.267379036512541 ], [ -159.736240103155012, -21.267501538578404 ], [ -159.736174140504147, -21.267520385050076 ], [ -159.736136447560824, -21.267586347700927 ], [ -159.7361552940325, -21.267718273002629 ], [ -159.736183563739985, -21.267727696238467 ], [ -159.736202410211661, -21.267680580059285 ], [ -159.736240103155012, -21.267680580059285 ], [ -159.736240103155012, -21.267652310351778 ], [ -159.736296642570011, -21.267614617408434 ], [ -159.736306065805849, -21.26767115682345 ], [ -159.736277796098364, -21.267718273002629 ], [ -159.736306065805849, -21.267727696238467 ], [ -159.736306065805849, -21.267755965945973 ], [ -159.736419144635903, -21.267727696238467 ], [ -159.73643799110755, -21.26778423565348 ], [ -159.736456837579226, -21.26778423565348 ], [ -159.736456837579226, -21.267755965945973 ], [ -159.736560493173414, -21.26778423565348 ], [ -159.736890306427682, -21.268019816549376 ], [ -159.737540509700352, -21.268387322746975 ], [ -159.737983401784646, -21.268604057171199 ], [ -159.738228405916374, -21.268764252180407 ], [ -159.738624181821478, -21.26896214013296 ], [ -159.739010534490745, -21.269216567500528 ], [ -159.739754970121766, -21.269565227226455 ], [ -159.740376903686951, -21.269800808122351 ], [ -159.741121339317971, -21.270187160791618 ], [ -159.741413459628887, -21.270281393149979 ], [ -159.741639617288939, -21.270394471980008 ], [ -159.741677310232291, -21.270385048744174 ], [ -159.74172442641148, -21.270432164923353 ], [ -159.741846928477344, -21.270479281102531 ], [ -159.741941160835694, -21.270498127574204 ], [ -159.742025969958206, -21.270479281102531 ], [ -159.742025969958206, -21.270516974045876 ], [ -159.742101355844909, -21.270554666989216 ], [ -159.742195588203259, -21.270582936696727 ], [ -159.742289820561609, -21.270573513460889 ], [ -159.742289820561609, -21.270611206404233 ], [ -159.742346359976636, -21.270620629640067 ], [ -159.742421745863311, -21.270677169055084 ], [ -159.742497131750014, -21.270686592290918 ], [ -159.742515978221689, -21.270714861998428 ], [ -159.74261021058004, -21.270724285234262 ], [ -159.742647903523391, -21.270761978177607 ], [ -159.742723289410065, -21.270761978177607 ], [ -159.742760982353417, -21.270799671120951 ], [ -159.743071949135981, -21.27088448024347 ], [ -159.74335464621106, -21.270988135837666 ], [ -159.74335464621106, -21.271006982309338 ], [ -159.743420608861925, -21.271006982309338 ], [ -159.743505417984437, -21.271044675252682 ], [ -159.743514841220275, -21.271072944960189 ], [ -159.743637343286139, -21.271082368196026 ], [ -159.744240430379648, -21.271355642035264 ], [ -159.744636206284753, -21.271478144101131 ], [ -159.744796401293939, -21.271562953223654 ], [ -159.745719878405851, -21.271770264412041 ], [ -159.745955459301769, -21.271798534119547 ], [ -159.746059114895957, -21.271836227062892 ], [ -159.746077961367632, -21.271864496770398 ], [ -159.746143924018469, -21.271855073534564 ], [ -159.746200463433496, -21.27188334324207 ], [ -159.746200463433496, -21.271864496770398 ], [ -159.746153347254307, -21.271855073534564 ], [ -159.746200463433496, -21.271845650298729 ], [ -159.746238156376847, -21.271855073534564 ], [ -159.746219309905172, -21.27188334324207 ], [ -159.74627584932017, -21.271892766477908 ], [ -159.746360658442711, -21.271873920006236 ], [ -159.746360658442711, -21.271892766477908 ], [ -159.746426621093548, -21.27188334324207 ], [ -159.746426621093548, -21.271902189713742 ], [ -159.746502006980251, -21.271892766477908 ], [ -159.746794127291139, -21.271930459421249 ], [ -159.747189903196244, -21.272081231194623 ], [ -159.747491446742998, -21.272052961487116 ], [ -159.74808511060067, -21.272184886788818 ], [ -159.74850915621326, -21.272213156496324 ], [ -159.748886085646717, -21.272279119147175 ], [ -159.749027434184256, -21.272326235326357 ], [ -159.749998027475328, -21.272448737392221 ], [ -159.750252454842894, -21.27252412327891 ], [ -159.750412649852109, -21.272608932401432 ], [ -159.750525728682135, -21.272627778873101 ], [ -159.750723616634701, -21.272750280938968 ], [ -159.750949774294753, -21.272835090061491 ], [ -159.750996890473942, -21.272825666825653 ], [ -159.751025160181456, -21.272853936533163 ], [ -159.75114766224732, -21.272835090061491 ], [ -159.751307857256506, -21.272722011231462 ], [ -159.751599977567423, -21.272674895052283 ], [ -159.751779019048314, -21.27270316475979 ], [ -159.752645956745198, -21.272750280938968 ], [ -159.752749612339414, -21.272778550646475 ], [ -159.75319250442368, -21.272778550646475 ], [ -159.753682512687163, -21.272740857703134 ], [ -159.754021749177241, -21.272740857703134 ], [ -159.75439867861067, -21.272778550646475 ], [ -159.754888686874125, -21.272778550646475 ], [ -159.755812163986036, -21.272872783004836 ], [ -159.756302172249519, -21.272816243589819 ], [ -159.757206802889755, -21.272580662693922 ], [ -159.757489499964834, -21.272542969750582 ], [ -159.757621425266535, -21.272486430335565 ], [ -159.757819313219073, -21.272477007099727 ], [ -159.757941815284937, -21.272439314156387 ], [ -159.758394130605069, -21.272373351505536 ], [ -159.758874715632686, -21.272354505033864 ], [ -159.759147989471927, -21.272288542383013 ], [ -159.759289338009467, -21.272288542383013 ], [ -159.759468379490357, -21.272326235326357 ], [ -159.759685113914571, -21.272448737392221 ], [ -159.759685113914571, -21.272467583863893 ], [ -159.759694537150409, -21.272448737392221 ], [ -159.7598735786313, -21.272448737392221 ], [ -159.760052620112191, -21.272401621213042 ], [ -159.760146852470541, -21.272307388854685 ], [ -159.760278777772243, -21.272241426203834 ], [ -159.760655707205672, -21.272213156496324 ], [ -159.760928981044913, -21.272137770609639 ], [ -159.761126868997451, -21.272043538251282 ], [ -159.761616877260934, -21.271873920006236 ], [ -159.761833611685148, -21.271770264412041 ], [ -159.761852458156824, -21.271779687647875 ], [ -159.762210541118577, -21.271610069402833 ], [ -159.762559200844521, -21.271487567336965 ], [ -159.762766512032897, -21.271327372327757 ], [ -159.762973823221301, -21.271214293497728 ], [ -159.763105748523003, -21.271101214667695 ], [ -159.763416715305567, -21.270941019658487 ], [ -159.763529794135593, -21.270790247885113 ], [ -159.764010379163238, -21.270422741687515 ], [ -159.764509810662531, -21.270149467848277 ], [ -159.764783084501772, -21.27002696578241 ], [ -159.764952702746825, -21.269904463716543 ], [ -159.765273092765227, -21.269753691943173 ], [ -159.765386171595253, -21.269659459584812 ], [ -159.765593482783657, -21.269565227226455 ], [ -159.765895026330412, -21.269329646330558 ], [ -159.76632849517884, -21.269103488670499 ], [ -159.766488690188055, -21.268980986604632 ], [ -159.766582922546405, -21.268943293661287 ], [ -159.76664888519727, -21.268877331010437 ], [ -159.766959851979863, -21.268735982472901 ], [ -159.767873905855936, -21.268029239785211 ], [ -159.76804352410096, -21.267944430662691 ], [ -159.768241412053527, -21.267803082125152 ], [ -159.76859949501528, -21.267614617408434 ], [ -159.769362777117976, -21.267360190040868 ], [ -159.769664320664731, -21.267322497097524 ], [ -159.770060096569836, -21.267190571795823 ], [ -159.770323947173239, -21.267134032380806 ], [ -159.770823378672532, -21.267068069729955 ], [ -159.771332233407691, -21.267096339437465 ], [ -159.771332233407691, -21.267115185909134 ], [ -159.771388772822689, -21.267124609144972 ], [ -159.77147358194523, -21.267190571795823 ], [ -159.771596084011094, -21.267199995031657 ], [ -159.771605507246932, -21.267218841503329 ], [ -159.771605507246932, -21.267190571795823 ], [ -159.771671469897768, -21.26717172532415 ], [ -159.771718586076958, -21.2671057626733 ], [ -159.772114361982062, -21.267030376786614 ], [ -159.772538407594681, -21.266860758541569 ], [ -159.772745718783057, -21.266747679711539 ], [ -159.773961316205884, -21.266474405872298 ], [ -159.774385361818503, -21.26631421086309 ], [ -159.775026141855335, -21.266172862325551 ], [ -159.775261722751225, -21.266163439089716 ], [ -159.775365378345413, -21.266182285561388 ], [ -159.775497303647114, -21.266248248212239 ], [ -159.775525573354628, -21.266276517919746 ], [ -159.775525573354628, -21.266323634098924 ], [ -159.775582112769655, -21.266333057334762 ], [ -159.775582112769655, -21.266361327042269 ], [ -159.775685768363843, -21.266351903806431 ], [ -159.775695191599681, -21.266370750278103 ], [ -159.775723461307194, -21.266342480570597 ], [ -159.775855386608896, -21.266351903806431 ], [ -159.775996735146435, -21.266304787627252 ], [ -159.776034428089758, -21.26631421086309 ], [ -159.776260585749839, -21.266210555268895 ], [ -159.776599822239916, -21.266125746146372 ], [ -159.776656361654943, -21.266144592618044 ], [ -159.776656361654943, -21.266116322910538 ], [ -159.776788286956645, -21.266097476438865 ], [ -159.777174639625912, -21.266088053203028 ], [ -159.777363104342612, -21.266125746146372 ], [ -159.77737252757845, -21.266172862325551 ], [ -159.777400797285964, -21.266154015853878 ], [ -159.777391374050126, -21.266191708797223 ], [ -159.777410220521801, -21.266191708797223 ], [ -159.777410220521801, -21.266163439089716 ], [ -159.777438490229315, -21.266172862325551 ], [ -159.777419643757639, -21.266182285561388 ], [ -159.777419643757639, -21.266201132033061 ], [ -159.777457336700991, -21.266201132033061 ], [ -159.777438490229315, -21.266219978504729 ], [ -159.77769291759688, -21.266304787627252 ], [ -159.777805996426906, -21.266304787627252 ], [ -159.777805996426906, -21.26628594115558 ], [ -159.777862535841905, -21.26628594115558 ], [ -159.777871959077743, -21.266304787627252 ], [ -159.777871959077743, -21.26628594115558 ], [ -159.777890805549418, -21.266267094683911 ], [ -159.777937921728608, -21.26628594115558 ], [ -159.777937921728608, -21.266257671448074 ], [ -159.778098116737823, -21.266304787627252 ], [ -159.778522162350413, -21.266267094683911 ], [ -159.778757743246331, -21.266295364391418 ], [ -159.778842552368843, -21.266333057334762 ], [ -159.779021593849734, -21.266361327042269 ], [ -159.779351407103974, -21.266361327042269 ], [ -159.779850838603267, -21.26628594115558 ], [ -159.780048726555833, -21.266219978504729 ], [ -159.78034084686675, -21.266191708797223 ], [ -159.780680083356827, -21.266088053203028 ], [ -159.780943933960231, -21.266040937023849 ], [ -159.781075859261932, -21.26599382084467 ], [ -159.781104128969446, -21.265956127901326 ], [ -159.78122663103531, -21.265890165250475 ], [ -159.781499904874551, -21.26581477936379 ], [ -159.781631830176252, -21.265748816712939 ], [ -159.782037029317195, -21.265673430826251 ], [ -159.782630693174866, -21.265645161118744 ], [ -159.782866274070756, -21.2656074681754 ], [ -159.783459937928399, -21.265616891411238 ], [ -159.78363897940929, -21.265588621703728 ], [ -159.783883983541017, -21.265616891411238 ], [ -159.784138410908582, -21.265598044939566 ], [ -159.784524763577849, -21.265532082288715 ], [ -159.785061888020493, -21.265494389345371 ], [ -159.785759207472353, -21.265371887279507 ], [ -159.786070174254945, -21.265343617571997 ], [ -159.786644991640912, -21.265334194336162 ], [ -159.786824033121803, -21.265362464043669 ], [ -159.786927688715991, -21.265353040807835 ], [ -159.787417696979475, -21.265173999326951 ], [ -159.787681547582878, -21.265117459911938 ], [ -159.788520215572248, -21.265013804317743 ], [ -159.789217535024108, -21.264976111374398 ], [ -159.789754659466752, -21.264872455780207 ], [ -159.790018510070155, -21.264872455780207 ], [ -159.791488534860548, -21.264552065761787 ], [ -159.792619323160835, -21.264382447516741 ], [ -159.793165870839317, -21.264269368686712 ], [ -159.793589916451936, -21.264222252507533 ], [ -159.793797227640312, -21.264222252507533 ], [ -159.79422127325293, -21.264099750441666 ], [ -159.79454166327136, -21.263939555432458 ], [ -159.7946830118089, -21.263911285724948 ], [ -159.794739551223898, -21.263864169545769 ], [ -159.7948714765256, -21.263817053366591 ], [ -159.794946862412303, -21.263798206894919 ], [ -159.795220136251544, -21.263817053366591 ], [ -159.795257829194867, -21.263788783659084 ], [ -159.79533321508157, -21.26363801188571 ], [ -159.795615912156649, -21.263402430989814 ], [ -159.795794953637511, -21.263185696565589 ], [ -159.7958420698167, -21.263148003622245 ], [ -159.795879762760052, -21.263148003622245 ], [ -159.795936302175051, -21.263091464207232 ], [ -159.795973995118402, -21.263100887443066 ], [ -159.796171883070969, -21.263006655084709 ], [ -159.79663362162691, -21.26286530654717 ], [ -159.797302671371256, -21.262526070057081 ], [ -159.797820949342224, -21.262299912397022 ], [ -159.797999990823115, -21.262243372982006 ], [ -159.79839576672822, -21.262167987095321 ], [ -159.798471152614894, -21.262017215321947 ], [ -159.798612501152434, -21.261819327369395 ], [ -159.798697310274974, -21.261734518246872 ], [ -159.798706733510784, -21.261696825303527 ], [ -159.798735003218297, -21.261696825303527 ], [ -159.79872557998246, -21.261659132360183 ], [ -159.798895198227513, -21.261470667643469 ], [ -159.799187318538429, -21.261263356455078 ], [ -159.799507708556831, -21.26110316144587 ], [ -159.799583094443534, -21.261093738210032 ], [ -159.799611364151048, -21.261046622030854 ], [ -159.799658480330208, -21.261046622030854 ], [ -159.79979040563191, -21.260961812908331 ], [ -159.799903484461936, -21.260952389672497 ], [ -159.799922330933612, -21.260914696729152 ], [ -159.799960023876963, -21.260924119964987 ], [ -159.799978870348639, -21.260886427021646 ], [ -159.800289837131231, -21.260829887606629 ], [ -159.80034637654623, -21.260782771427451 ], [ -159.800365223017906, -21.260801617899123 ], [ -159.800308683602879, -21.260820464370795 ], [ -159.800308683602879, -21.260848734078301 ], [ -159.800355799782068, -21.260839310842467 ], [ -159.800459455376256, -21.260792194663285 ], [ -159.800393492725419, -21.260782771427451 ], [ -159.800421762432933, -21.260745078484106 ], [ -159.800704459507983, -21.260641422889911 ], [ -159.801034272762251, -21.260471804644869 ], [ -159.801354662780682, -21.260339879343167 ], [ -159.801401778959843, -21.260339879343167 ], [ -159.801571397204896, -21.260255070220644 ], [ -159.801957749874163, -21.260160837862284 ], [ -159.802278139892593, -21.260047759032254 ], [ -159.802636222854346, -21.26001006608891 ], [ -159.802777571391886, -21.259953526673897 ], [ -159.80350316055123, -21.259548327532954 ], [ -159.803719894975472, -21.259472941646269 ], [ -159.804125094116415, -21.259246783986207 ], [ -159.804643372087384, -21.259030049561986 ], [ -159.805105110643325, -21.258916970731953 ], [ -159.805661081557645, -21.258841584845268 ], [ -159.806264168651154, -21.2587190827794 ], [ -159.807291301357253, -21.25865312012855 ], [ -159.807526882253143, -21.258568311006027 ], [ -159.807592844904008, -21.258455232175997 ], [ -159.807705923734034, -21.258389269525146 ], [ -159.808129969346652, -21.258238497751773 ], [ -159.808733056440133, -21.258068879506727 ], [ -159.809496338542829, -21.257946377440863 ], [ -159.809910960919609, -21.257786182431651 ], [ -159.810306736824714, -21.257805028903324 ], [ -159.810400969183064, -21.257767335959983 ], [ -159.810580010663955, -21.257748489488311 ], [ -159.810787321852359, -21.257691950073294 ], [ -159.810985209804898, -21.25768252683746 ], [ -159.811362139238327, -21.257616564186609 ], [ -159.81171079896427, -21.257597717714937 ], [ -159.812342155765265, -21.257644833894116 ], [ -159.812558890189479, -21.25768252683746 ], [ -159.813020628745448, -21.257701373309132 ], [ -159.813161977282988, -21.257729643016638 ], [ -159.813567176423931, -21.257739066252473 ], [ -159.813699101725632, -21.257786182431651 ], [ -159.813736794668955, -21.257823875374996 ], [ -159.81370852496147, -21.257842721846668 ], [ -159.813717948197279, -21.257899261261684 ], [ -159.813755641140631, -21.257908684497519 ], [ -159.813774487612307, -21.257889838025847 ], [ -159.813765064376469, -21.257833298610834 ], [ -159.813793334083982, -21.257833298610834 ], [ -159.813793334083982, -21.257908684497519 ], [ -159.813821603791496, -21.257908684497519 ], [ -159.813840450263172, -21.257852145082502 ], [ -159.813821603791496, -21.257842721846668 ], [ -159.813821603791496, -21.257720219780801 ], [ -159.81380275731982, -21.257710796544966 ], [ -159.813812180555658, -21.257644833894116 ], [ -159.81389698967817, -21.25756944800743 ], [ -159.813981798800683, -21.257531755064086 ], [ -159.814160840281573, -21.257531755064086 ], [ -159.814189109989087, -21.257588294479099 ], [ -159.814264495875761, -21.257616564186609 ], [ -159.814603732365867, -21.257597717714937 ], [ -159.814745080903407, -21.257607140950771 ], [ -159.814792197082568, -21.257644833894116 ], [ -159.814867582969271, -21.25765425712995 ], [ -159.815169126516025, -21.25765425712995 ], [ -159.815319898289374, -21.257578871243265 ], [ -159.815536632713616, -21.257560024771593 ], [ -159.816054910684585, -21.257456369177397 ], [ -159.81635645423134, -21.257220788281504 ], [ -159.816874732202308, -21.256985207385608 ], [ -159.817242238399899, -21.256787319433055 ], [ -159.817685130484193, -21.256589431480503 ], [ -159.817996097266757, -21.256514045593814 ], [ -159.818175138747648, -21.256419813235457 ], [ -159.818476682294403, -21.256306734405428 ], [ -159.818486105530241, -21.256269041462083 ], [ -159.818533221709401, -21.256278464697917 ], [ -159.818599184360266, -21.256231348518739 ], [ -159.818618030831942, -21.256174809103726 ], [ -159.818655723775265, -21.256155962632054 ], [ -159.818674570246941, -21.256080576745365 ], [ -159.818712263190292, -21.256042883802021 ], [ -159.818759379369482, -21.256042883802021 ], [ -159.81886303496367, -21.255920381736157 ], [ -159.81895726732202, -21.255854419085306 ], [ -159.819042076444532, -21.255722493783605 ], [ -159.819777088839743, -21.254930941973392 ], [ -159.819984400028119, -21.254648244898316 ], [ -159.820267097103198, -21.254139390163182 ], [ -159.820333059754063, -21.253969771918136 ], [ -159.820408445640737, -21.253875539559779 ], [ -159.820408445640737, -21.253837846616435 ], [ -159.820559217414115, -21.253555149541359 ], [ -159.820615756829142, -21.253460917183002 ], [ -159.820653449772465, -21.25344207071133 ], [ -159.82071941242333, -21.253234759522943 ], [ -159.820983263026733, -21.252914369504524 ], [ -159.821105765092597, -21.252603402721942 ], [ -159.82132249951681, -21.252348975354373 ], [ -159.82132249951681, -21.252320705646866 ], [ -159.821445001582674, -21.252188780345165 ], [ -159.821567503648538, -21.252000315628447 ], [ -159.821633466299403, -21.251953199449268 ], [ -159.821737121893591, -21.251793004440056 ], [ -159.821944433081995, -21.251576270015835 ], [ -159.821963279553643, -21.251500884129147 ], [ -159.822066935147859, -21.251368958827445 ], [ -159.822142321034534, -21.251152224403221 ], [ -159.822189437213723, -21.251105108224042 ], [ -159.822245976628722, -21.251095684988204 ], [ -159.822302516043749, -21.250963759686503 ], [ -159.822472134288802, -21.250747025262278 ], [ -159.82257578988299, -21.250520867602219 ], [ -159.822877333429716, -21.250068552282098 ], [ -159.823028105203093, -21.249701046084503 ], [ -159.823329648749848, -21.249258154000216 ], [ -159.823348495221524, -21.249163921641859 ], [ -159.823405034636551, -21.249069689283502 ], [ -159.823423881108198, -21.248947187217635 ], [ -159.823621769060765, -21.248626797199215 ], [ -159.823725424654953, -21.248504295133351 ], [ -159.823753694362466, -21.248362946595812 ], [ -159.823923312607519, -21.248193328350766 ], [ -159.824017544965869, -21.248023710105723 ], [ -159.824055237909221, -21.247929477747363 ], [ -159.824064661145059, -21.24773158979481 ], [ -159.824140047031733, -21.247599664493109 ], [ -159.824215432918407, -21.247392353304722 ], [ -159.824375627927623, -21.247100232993809 ], [ -159.824403897635136, -21.247006000635452 ], [ -159.824564092644351, -21.246760996503721 ], [ -159.824733710889404, -21.246365220598612 ], [ -159.824884482662753, -21.246157909410226 ], [ -159.825063524143644, -21.245771556740955 ], [ -159.825431030341235, -21.245177892883298 ], [ -159.825544109171261, -21.245093083760775 ], [ -159.825676034472963, -21.245055390817431 ], [ -159.825704304180476, -21.244970581694908 ], [ -159.825798536538827, -21.244904619044057 ], [ -159.825798536538827, -21.244753847270687 ], [ -159.825883345661367, -21.244574805789803 ], [ -159.82619431244396, -21.244084797526341 ], [ -159.826627781292387, -21.243528826612025 ], [ -159.826901055131628, -21.243001125405218 ], [ -159.82717432897087, -21.242360345368382 ], [ -159.827315677508409, -21.241804374454066 ], [ -159.827372216923436, -21.24166302591653 ], [ -159.827400486630921, -21.241465137963978 ], [ -159.827485295753462, -21.241238980303915 ], [ -159.8274947189893, -21.241135324709724 ], [ -159.827645490762677, -21.240645316446258 ], [ -159.827739723121027, -21.240202424361975 ], [ -159.827862225186891, -21.23980664845687 ], [ -159.827947034309403, -21.239175291655869 ], [ -159.82800357372443, -21.238873748109121 ], [ -159.828022420196106, -21.238864324873283 ], [ -159.828031843431944, -21.238675860156569 ], [ -159.828210884912806, -21.237790075987999 ], [ -159.828276847563671, -21.237073910064474 ], [ -159.828276847563671, -21.236998524177789 ], [ -159.82823915462032, -21.236960831234445 ], [ -159.828267424327834, -21.236772366517727 ], [ -159.828258001091996, -21.236631017980191 ], [ -159.828276847563671, -21.236546208857668 ], [ -159.828314540507023, -21.236546208857668 ], [ -159.82833338697867, -21.236442553263473 ], [ -159.828380503157859, -21.234878296114722 ], [ -159.828465312280372, -21.234275209021231 ], [ -159.828531274931237, -21.234067897832841 ], [ -159.82855954463875, -21.233860586644454 ], [ -159.828597237582073, -21.233775777521931 ], [ -159.828597237582073, -21.233662698691901 ], [ -159.828625507289587, -21.233606159276885 ], [ -159.828653776997101, -21.233116151013423 ], [ -159.82870089317629, -21.232937109532539 ], [ -159.828691469940452, -21.232814607466675 ], [ -159.828653776997101, -21.232739221579987 ], [ -159.828644353761263, -21.232334022439048 ], [ -159.828663200232938, -21.232164404194002 ], [ -159.828691469940452, -21.231994785948956 ], [ -159.828813972006316, -21.231759205053059 ], [ -159.828804548770478, -21.231674395930536 ], [ -159.828766855827126, -21.23164612622303 ], [ -159.828719739647937, -21.231523624157166 ], [ -159.828729162883775, -21.231231503846253 ], [ -159.82879512553464, -21.23096765324285 ], [ -159.828936474072179, -21.230637839988596 ], [ -159.829190901439745, -21.229912250829237 ], [ -159.829256864090581, -21.229554167867473 ], [ -159.829388789392283, -21.229092429311518 ], [ -159.829586677344849, -21.227867408652859 ], [ -159.829643216759877, -21.227688367171979 ], [ -159.829690332939037, -21.22761298128529 ], [ -159.82976571882574, -21.227311437738543 ], [ -159.829822258240739, -21.227198358908513 ], [ -159.829973030014116, -21.22625603532493 ], [ -159.830067262372467, -21.225954491778182 ], [ -159.830086108844142, -21.225775450297302 ], [ -159.830142648259169, -21.225634101759763 ], [ -159.830161494730845, -21.225455060278883 ], [ -159.830227457381682, -21.225247749090496 ], [ -159.830246303853357, -21.225040437902106 ], [ -159.830359382683383, -21.224786010534537 ], [ -159.83055727063595, -21.223956765780983 ], [ -159.830792851531839, -21.223485603989193 ], [ -159.83088708389019, -21.223099251319923 ], [ -159.830953046541055, -21.222675205707311 ], [ -159.831037855663567, -21.222430201575577 ], [ -159.831141511257755, -21.221911923604608 ], [ -159.831169780965269, -21.221591533586189 ], [ -159.831169780965269, -21.220979023256859 ], [ -159.831254590087781, -21.219951890550753 ], [ -159.831254590087781, -21.219461882287288 ], [ -159.831188627436944, -21.219216878155557 ], [ -159.831075548606918, -21.218576098118717 ], [ -159.830623233286786, -21.216992994498298 ], [ -159.830613810050949, -21.216974148026626 ], [ -159.830585540343435, -21.21698357126246 ], [ -159.830585540343435, -21.216936455083282 ], [ -159.830057839136629, -21.21580566678298 ], [ -159.830010722957468, -21.215777397075474 ], [ -159.829916490599089, -21.215607778830428 ], [ -159.829925913834927, -21.215579509122922 ], [ -159.829888220891604, -21.215570085887087 ], [ -159.829643216759877, -21.215080077623622 ], [ -159.829624370288201, -21.21508950085946 ], [ -159.829567830873174, -21.215042384680277 ], [ -159.829303980269771, -21.214674878482679 ], [ -159.829181478203907, -21.214552376416815 ], [ -159.828983590251369, -21.214175446983383 ], [ -159.828738586119613, -21.213892749908307 ], [ -159.828484158752048, -21.213525243710709 ], [ -159.828201461676969, -21.213195430456455 ], [ -159.827928187837728, -21.212714845428827 ], [ -159.827711453413514, -21.212460418061259 ], [ -159.827570104875974, -21.212224837165362 ], [ -159.827504142225138, -21.212168297750345 ], [ -159.827108366320033, -21.211631173307705 ], [ -159.827014133961654, -21.211555787421016 ], [ -159.826901055131628, -21.211395592411808 ], [ -159.826439316575687, -21.210877314440836 ], [ -159.826241428623121, -21.21055692442242 ], [ -159.825468723284587, -21.209784219083879 ], [ -159.825421607105397, -21.209699409961356 ], [ -159.825223719152859, -21.209510945244642 ], [ -159.825148333266156, -21.20937901994294 ], [ -159.824884482662753, -21.209049206688682 ], [ -159.824705441181891, -21.208917281386981 ], [ -159.824394474399298, -21.208615737840233 ], [ -159.824234279390083, -21.208399003416012 ], [ -159.823961005550842, -21.208153999284278 ], [ -159.82387619642833, -21.208031497218414 ], [ -159.823819657013303, -21.208040920454248 ], [ -159.823744271126628, -21.207965534567563 ], [ -159.823546383174062, -21.207871302209202 ], [ -159.823546383174062, -21.207833609265862 ], [ -159.823574652881575, -21.207833609265862 ], [ -159.823584076117413, -21.20778649308668 ], [ -159.823602922589089, -21.20778649308668 ], [ -159.823593499353251, -21.20781476279419 ], [ -159.823668885239954, -21.207824186030024 ], [ -159.823725424654953, -21.207861878973368 ], [ -159.823800810541655, -21.20785245573753 ], [ -159.823819657013303, -21.207899571916712 ], [ -159.823857349956654, -21.207890148680875 ], [ -159.823847926720816, -21.207843032501696 ], [ -159.823895042900006, -21.20781476279419 ], [ -159.823810233777465, -21.20781476279419 ], [ -159.823819657013303, -21.20778649308668 ], [ -159.82378196406998, -21.207748800143339 ], [ -159.823659462004116, -21.20767341425665 ], [ -159.823593499353251, -21.207663991020816 ], [ -159.823565229645737, -21.207758223379173 ], [ -159.823461574051549, -21.20770168396416 ], [ -159.823357918457361, -21.20770168396416 ], [ -159.823235416391498, -21.207626298077471 ], [ -159.823028105203093, -21.207428410124919 ], [ -159.822896179901392, -21.207258791879873 ], [ -159.822632329297988, -21.207051480691486 ], [ -159.822632329297988, -21.207032634219814 ], [ -159.822651175769664, -21.207042057455649 ], [ -159.822632329297988, -21.207004364512308 ], [ -159.822585213118828, -21.20699494127647 ], [ -159.822538096939638, -21.206928978625619 ], [ -159.822509827232125, -21.206928978625619 ], [ -159.822293092807911, -21.206731090673067 ], [ -159.822198860449561, -21.20670282096556 ], [ -159.822132897798696, -21.20663685831471 ], [ -159.822010395732832, -21.206429547126319 ], [ -159.821388462167675, -21.20581703679699 ], [ -159.821247113630136, -21.205722804438633 ], [ -159.821162304507595, -21.205628572080272 ], [ -159.820992686262571, -21.20552491648608 ], [ -159.820700565951654, -21.205213949703495 ], [ -159.820587487121628, -21.205147987052644 ], [ -159.820361329461548, -21.20493125262842 ], [ -159.820172864744848, -21.204808750562556 ], [ -159.819814781783094, -21.20446009083663 ], [ -159.819767665603905, -21.204384704949941 ], [ -159.81946612205715, -21.204158547289882 ], [ -159.819230541161261, -21.203932389629824 ], [ -159.819042076444532, -21.203819310799791 ], [ -159.818759379369482, -21.203715655205599 ], [ -159.818457835822727, -21.203489497545537 ], [ -159.818250524634323, -21.203376418715507 ], [ -159.818137445804297, -21.20325391664964 ], [ -159.81825994787016, -21.20328218635715 ], [ -159.818250524634323, -21.203235070177971 ], [ -159.817411856644952, -21.202867563980373 ], [ -159.817364740465763, -21.202858140744535 ], [ -159.817345893994087, -21.202876987216207 ], [ -159.817345893994087, -21.202179667764355 ], [ -159.817289354579088, -21.201868700981773 ], [ -159.817223391928223, -21.201746198915906 ], [ -159.817185698984872, -21.201717929208399 ], [ -159.817166852513196, -21.201651966557549 ], [ -159.817110313098198, -21.201614273614204 ], [ -159.817063196919008, -21.201538887727519 ], [ -159.817034927211495, -21.201538887727519 ], [ -159.816903001909793, -21.201416385661652 ], [ -159.816780499843929, -21.201350423010801 ], [ -159.816516649240526, -21.201265613888278 ], [ -159.816158566278773, -21.201199651237427 ], [ -159.816102026863774, -21.201171381529921 ], [ -159.816064333920423, -21.201180804765755 ], [ -159.815743943901992, -21.201086572407398 ], [ -159.815621441836129, -21.201077149171564 ], [ -159.815612018600291, -21.201058302699892 ], [ -159.815508363006103, -21.201058302699892 ], [ -159.81510316386516, -21.200945223869862 ], [ -159.815027777978486, -21.200945223869862 ], [ -159.814990085035134, -21.200916954162352 ], [ -159.814877006205109, -21.200916954162352 ], [ -159.814650848545028, -21.200869837983173 ], [ -159.814481230300004, -21.200869837983173 ], [ -159.814462383828328, -21.200832145039829 ], [ -159.814405844413301, -21.200841568275667 ], [ -159.814349304998302, -21.200822721803995 ], [ -159.814339881762464, -21.200794452096488 ], [ -159.814198533224925, -21.200803875332323 ], [ -159.814179686753249, -21.200785028860651 ], [ -159.814123147338222, -21.200803875332323 ], [ -159.814113724102384, -21.200775605624816 ], [ -159.814085454394899, -21.200794452096488 ], [ -159.814010068508196, -21.200775605624816 ], [ -159.81394410585736, -21.200803875332323 ], [ -159.81394410585736, -21.200775605624816 ], [ -159.813925259385684, -21.200775605624816 ], [ -159.813868719970657, -21.200803875332323 ], [ -159.813840450263172, -21.200785028860651 ], [ -159.813576599659768, -21.200766182388978 ], [ -159.813265632877176, -21.20060598737977 ], [ -159.813218516697987, -21.200624833851442 ], [ -159.813096014632123, -21.200530601493085 ], [ -159.813077168160447, -21.200530601493085 ], [ -159.813067744924609, -21.200587140908098 ], [ -159.812964089330421, -21.200587140908098 ], [ -159.812954666094583, -21.200549447964754 ], [ -159.812898126679585, -21.200568294436426 ], [ -159.812869856972071, -21.200521178257247 ], [ -159.812813317557044, -21.200521178257247 ], [ -159.812747354906207, -21.200492908549741 ], [ -159.812747354906207, -21.200474062078069 ], [ -159.812624852840344, -21.200436369134724 ] ], [ [ -159.800836384809685, -21.260631999654077 ], [ -159.800619650385471, -21.260697962304928 ], [ -159.800506571555445, -21.260763924955778 ], [ -159.800676189800498, -21.260726232012434 ], [ -159.800826961573875, -21.260660269361583 ], [ -159.800836384809685, -21.260631999654077 ] ], [ [ -159.785174966850519, -21.202377555716907 ], [ -159.785109004199683, -21.202481211311103 ], [ -159.785109004199683, -21.202509481018609 ], [ -159.785174966850519, -21.20257544366946 ], [ -159.785165543614681, -21.202613136612804 ], [ -159.785127850671358, -21.202631983084476 ], [ -159.785127850671358, -21.202669676027821 ], [ -159.785109004199683, -21.202669676027821 ], [ -159.785127850671358, -21.202707368971161 ], [ -159.785156120378872, -21.202707368971161 ], [ -159.785165543614681, -21.202641406320311 ], [ -159.785222083029709, -21.202622559848642 ], [ -159.785222083029709, -21.202566020433625 ], [ -159.785240929501384, -21.202566020433625 ], [ -159.785240929501384, -21.202528327490281 ], [ -159.785193813322195, -21.202500057782775 ], [ -159.785240929501384, -21.202452941603596 ], [ -159.785174966850519, -21.202377555716907 ] ], [ [ -159.785052464784656, -21.202811024565356 ], [ -159.785005348605495, -21.202942949867058 ], [ -159.78503361831298, -21.202952373102896 ], [ -159.78503361831298, -21.202999489282075 ], [ -159.785061888020493, -21.203018335753747 ], [ -159.785061888020493, -21.202905256923714 ], [ -159.785043041548818, -21.202886410452045 ], [ -159.785080734492169, -21.202839294272863 ], [ -159.785137273907196, -21.202829871037029 ], [ -159.785137273907196, -21.202763908386178 ], [ -159.785090157728007, -21.202763908386178 ], [ -159.785090157728007, -21.202801601329522 ], [ -159.785052464784656, -21.202811024565356 ] ], [ [ -159.785014771841333, -21.202481211311103 ], [ -159.785043041548818, -21.202509481018609 ], [ -159.785043041548818, -21.202443518367758 ], [ -159.785014771841333, -21.202481211311103 ] ], [ [ -159.785005348605495, -21.20278275485785 ], [ -159.785043041548818, -21.202735638678671 ], [ -159.785071311256331, -21.202735638678671 ], [ -159.78502419507717, -21.202669676027821 ], [ -159.784995925369657, -21.202697945735327 ], [ -159.785005348605495, -21.20278275485785 ] ], [ [ -159.779615257707377, -21.204073738167359 ], [ -159.779634104179053, -21.204073738167359 ], [ -159.779671797122404, -21.204017198752346 ], [ -159.779643527414891, -21.204017198752346 ], [ -159.779615257707377, -21.204073738167359 ] ], [ [ -159.779464485934, -21.266399019985613 ], [ -159.779398523283163, -21.266399019985613 ], [ -159.779398523283163, -21.266417866457282 ], [ -159.779464485934, -21.266417866457282 ], [ -159.779464485934, -21.266399019985613 ] ], [ [ -159.77922890503811, -21.266427289693119 ], [ -159.779313714160651, -21.266427289693119 ], [ -159.779313714160651, -21.266408443221447 ], [ -159.779238328273948, -21.266408443221447 ], [ -159.77922890503811, -21.266427289693119 ] ], [ [ -159.779068710028895, -21.266436712928954 ], [ -159.779068710028895, -21.266417866457282 ], [ -159.778974477670545, -21.266417866457282 ], [ -159.778974477670545, -21.266436712928954 ], [ -159.779068710028895, -21.266436712928954 ] ], [ [ -159.731340020520378, -21.262592032707932 ], [ -159.731217518454514, -21.262695688302127 ], [ -159.731198671982838, -21.262771074188812 ], [ -159.731085593152812, -21.262837036839663 ], [ -159.731029053737785, -21.262940692433858 ], [ -159.730831165785247, -21.263025501556381 ], [ -159.730755779898544, -21.262997231848875 ], [ -159.730727510191031, -21.263034924792215 ], [ -159.730595584889329, -21.263025501556381 ], [ -159.730548468710168, -21.263044348028053 ], [ -159.730529622238492, -21.263034924792215 ], [ -159.730548468710168, -21.263006655084709 ], [ -159.730529622238492, -21.263006655084709 ], [ -159.730473082823465, -21.263044348028053 ], [ -159.730482506059303, -21.263110310678904 ], [ -159.730407120172629, -21.263100887443066 ], [ -159.73044481311598, -21.263138580386411 ], [ -159.73044481311598, -21.263185696565589 ], [ -159.730369427229277, -21.263232812744768 ], [ -159.730341157521764, -21.263345891574801 ], [ -159.730294041342603, -21.263345891574801 ], [ -159.730237501927576, -21.263411854225652 ], [ -159.730228078691738, -21.263477816876502 ], [ -159.730190385748386, -21.263506086584009 ], [ -159.7302186554559, -21.263543779527353 ], [ -159.730171539276739, -21.263543779527353 ], [ -159.730133846333388, -21.263609742178204 ], [ -159.730133846333388, -21.263703974536561 ], [ -159.730162116040901, -21.263732244244068 ], [ -159.730143269569226, -21.26375109071574 ], [ -159.730152692805063, -21.263798206894919 ], [ -159.730114999861712, -21.263817053366591 ], [ -159.730114999861712, -21.263873592781607 ], [ -159.730180962512549, -21.263873592781607 ], [ -159.730133846333388, -21.263939555432458 ], [ -159.730162116040901, -21.263996094847471 ], [ -159.730133846333388, -21.264024364554981 ], [ -159.730133846333388, -21.264080903969994 ], [ -159.730152692805063, -21.264090327205832 ], [ -159.730133846333388, -21.264128020149172 ], [ -159.730190385748386, -21.264128020149172 ], [ -159.730228078691738, -21.264165713092517 ], [ -159.730228078691738, -21.264203406035861 ], [ -159.730284618106765, -21.264193982800023 ], [ -159.730275194870927, -21.264222252507533 ], [ -159.730416543408467, -21.264231675743368 ], [ -159.730397696936791, -21.264184559564189 ], [ -159.730463659587627, -21.264184559564189 ], [ -159.730482506059303, -21.264212829271695 ], [ -159.73053904547433, -21.264146866620845 ], [ -159.730623854596843, -21.264128020149172 ], [ -159.730633277832681, -21.264090327205832 ], [ -159.730915974907759, -21.264033787790815 ], [ -159.731000784030272, -21.263977248375802 ], [ -159.731047900209461, -21.263901862489114 ], [ -159.73109501638865, -21.263883016017441 ], [ -159.731113862860298, -21.263826476602429 ], [ -159.731198671982838, -21.263788783659084 ], [ -159.73133059728454, -21.26343070069732 ], [ -159.731321174048702, -21.26327992892395 ], [ -159.731377713463701, -21.263232812744768 ], [ -159.731377713463701, -21.263176273329755 ], [ -159.731471945822079, -21.263063194499725 ], [ -159.731490792293755, -21.262987808613037 ], [ -159.731528485237078, -21.262968962141365 ], [ -159.731509638765402, -21.262940692433858 ], [ -159.731547331708754, -21.262921845962186 ], [ -159.731547331708754, -21.262855883311335 ], [ -159.731575601416267, -21.262827613603829 ], [ -159.731566178180429, -21.262761650952978 ], [ -159.731528485237078, -21.262723958009634 ], [ -159.731556754944592, -21.262676841830455 ], [ -159.731547331708754, -21.262592032707932 ], [ -159.731490792293755, -21.262554339764588 ], [ -159.731340020520378, -21.262592032707932 ] ], [ [ -159.72966268454158, -21.247571394785602 ], [ -159.729672107777418, -21.247505432134751 ], [ -159.729653261305742, -21.247496008898914 ], [ -159.729643838069933, -21.247543125078096 ], [ -159.72966268454158, -21.247571394785602 ] ], [ [ -159.729530759239879, -21.251793004440056 ], [ -159.729559028947392, -21.251774157968388 ], [ -159.729540182475716, -21.251736465025044 ], [ -159.729502489532393, -21.251745888260878 ], [ -159.729530759239879, -21.251793004440056 ] ], [ [ -159.729116136863126, -21.247778705973989 ], [ -159.729153829806449, -21.247778705973989 ], [ -159.729163253042287, -21.247741013030648 ], [ -159.729087867155613, -21.247722166558976 ], [ -159.729116136863126, -21.247778705973989 ] ], [ [ -159.729050174212261, -21.247646780672287 ], [ -159.729097290391451, -21.247646780672287 ], [ -159.729087867155613, -21.247571394785602 ], [ -159.729040750976424, -21.247571394785602 ], [ -159.729050174212261, -21.247646780672287 ] ], [ [ -159.727664958544381, -21.249635083433649 ], [ -159.727919385911974, -21.249390079301918 ], [ -159.727928809147784, -21.249324116651067 ], [ -159.727957078855297, -21.249324116651067 ], [ -159.728004195034487, -21.249126228698515 ], [ -159.727994771798649, -21.248984880160979 ], [ -159.727938232383622, -21.248928340745962 ], [ -159.727862846496947, -21.248786992208426 ], [ -159.727768614138597, -21.248711606321738 ], [ -159.72757072618603, -21.248645643670887 ], [ -159.727514186771032, -21.248598527491708 ], [ -159.727297452346789, -21.248617373963381 ], [ -159.727306875582627, -21.248692759850066 ], [ -159.727288029110952, -21.248692759850066 ], [ -159.727250336167629, -21.248655066906725 ], [ -159.727278605875114, -21.248589104255871 ], [ -159.727335145290141, -21.248560834548364 ], [ -159.727353991761817, -21.248579681020036 ], [ -159.727363414997654, -21.248560834548364 ], [ -159.727401107940977, -21.248570257784202 ], [ -159.727410531176815, -21.24855141131253 ], [ -159.727372838233492, -21.248447755718335 ], [ -159.727297452346789, -21.248353523359977 ], [ -159.727222066460115, -21.24834410012414 ], [ -159.726882829970009, -21.248400639539156 ], [ -159.726769751139983, -21.248400639539156 ], [ -159.726609556130768, -21.248353523359977 ], [ -159.726515323772418, -21.248259291001617 ], [ -159.72650590053658, -21.248183905114931 ], [ -159.726468207593228, -21.248165058643259 ], [ -159.726449361121581, -21.248089672756574 ], [ -159.726392821706554, -21.24805197981323 ], [ -159.726373975234878, -21.24773158979481 ], [ -159.726392821706554, -21.247627934200615 ], [ -159.726458784357419, -21.247514855370586 ], [ -159.726430514649905, -21.247307544182199 ], [ -159.726449361121581, -21.247175618880497 ], [ -159.726524747008256, -21.24705311681463 ], [ -159.726562439951607, -21.246930614748763 ], [ -159.726628402602444, -21.246921191512929 ], [ -159.726628402602444, -21.246902345041256 ], [ -159.72674148143247, -21.246845805626243 ], [ -159.726835713790848, -21.246864652097912 ], [ -159.726929946149198, -21.246770419739555 ], [ -159.72696763909255, -21.24669503385287 ], [ -159.72696763909255, -21.246638494437853 ], [ -159.72692052291336, -21.246544262079496 ], [ -159.726732058196632, -21.246384067070284 ], [ -159.726571863187445, -21.246299257947761 ], [ -159.726430514649905, -21.246261565004421 ], [ -159.726157240810664, -21.246261565004421 ], [ -159.726006469037287, -21.246299257947761 ], [ -159.725610693132182, -21.246308681183599 ], [ -159.724894527208647, -21.246242718532748 ], [ -159.724602406897759, -21.246176755881898 ], [ -159.724479904831867, -21.246101369995209 ], [ -159.724395095709355, -21.245922328514329 ], [ -159.724366826001841, -21.245752710269283 ], [ -159.724300863351004, -21.245705594090104 ], [ -159.724291440115167, -21.24566790114676 ], [ -159.724225477464302, -21.245649054675091 ], [ -159.724225477464302, -21.245611361731747 ], [ -159.724168938049303, -21.245554822316731 ], [ -159.724150091577627, -21.245422897015029 ], [ -159.724112398634276, -21.245385204071685 ], [ -159.724121821870114, -21.245328664656672 ], [ -159.7240935521626, -21.245309818185 ], [ -159.724055859219277, -21.24519673935497 ], [ -159.724008743040088, -21.245168469647464 ], [ -159.723971050096736, -21.245177892883298 ], [ -159.723952203625061, -21.245130776704119 ], [ -159.723914510681738, -21.245130776704119 ], [ -159.723886240974224, -21.245168469647464 ], [ -159.723829701559197, -21.245187316119132 ], [ -159.723754315672522, -21.245168469647464 ], [ -159.723735469200847, -21.245177892883298 ], [ -159.723744892436684, -21.245281548477493 ], [ -159.723697776257495, -21.245262702005821 ], [ -159.723650660078334, -21.245187316119132 ], [ -159.723584697427469, -21.24519673935497 ], [ -159.723575274191631, -21.245225009062477 ], [ -159.723603543899145, -21.245272125241655 ], [ -159.723575274191631, -21.245309818185 ], [ -159.723622390370821, -21.245394627307522 ], [ -159.723603543899145, -21.245422897015029 ], [ -159.723622390370821, -21.24551712937339 ], [ -159.723603543899145, -21.245507706137552 ], [ -159.723594120663307, -21.245535975845058 ], [ -159.723622390370821, -21.245554822316731 ], [ -159.723622390370821, -21.245611361731747 ], [ -159.723707199493333, -21.245686747618432 ], [ -159.72366950655001, -21.245780979976793 ], [ -159.723660083314172, -21.245922328514329 ], [ -159.723678929785819, -21.245960021457673 ], [ -159.723650660078334, -21.245978867929345 ], [ -159.723678929785819, -21.245997714401017 ], [ -159.72366950655001, -21.24619560235357 ], [ -159.723707199493333, -21.246270988240255 ], [ -159.723688353021657, -21.246318104419434 ], [ -159.723716622729171, -21.24637464383445 ], [ -159.723716622729171, -21.246412336777794 ], [ -159.723688353021657, -21.246421760013629 ], [ -159.723716622729171, -21.246440606485301 ], [ -159.723697776257495, -21.246468876192807 ], [ -159.723716622729171, -21.246506569136152 ], [ -159.723688353021657, -21.246525415607824 ], [ -159.723726045965009, -21.246563108551168 ], [ -159.723744892436684, -21.246657340909525 ], [ -159.723735469200847, -21.246704457088704 ], [ -159.723716622729171, -21.24669503385287 ], [ -159.723735469200847, -21.246713880324538 ], [ -159.723726045965009, -21.247062540050464 ], [ -159.723744892436684, -21.247062540050464 ], [ -159.723716622729171, -21.247128502701315 ], [ -159.723744892436684, -21.247156772408825 ], [ -159.723707199493333, -21.247203888588004 ], [ -159.723735469200847, -21.247213311823838 ], [ -159.723735469200847, -21.247251004767183 ], [ -159.72376373890836, -21.247251004767183 ], [ -159.723744892436684, -21.247298120946361 ], [ -159.723773162144198, -21.247307544182199 ], [ -159.723773162144198, -21.247326390653871 ], [ -159.723744892436684, -21.247316967418033 ], [ -159.723744892436684, -21.247364083597212 ], [ -159.723707199493333, -21.247392353304722 ], [ -159.723773162144198, -21.247430046248063 ], [ -159.723754315672522, -21.247448892719735 ], [ -159.723820278323359, -21.247524278606424 ], [ -159.723801431851712, -21.247533701842258 ], [ -159.723820278323359, -21.24755254831393 ], [ -159.723801431851712, -21.247590241257274 ], [ -159.723820278323359, -21.247627934200615 ], [ -159.723801431851712, -21.247637357436453 ], [ -159.723848548030873, -21.247656203908125 ], [ -159.723867394502548, -21.247693896851466 ], [ -159.723848548030873, -21.247712743323138 ], [ -159.723876817738386, -21.247712743323138 ], [ -159.723876817738386, -21.247741013030648 ], [ -159.7239050874459, -21.247750436266482 ], [ -159.723876817738386, -21.247797552445661 ], [ -159.723933357153413, -21.247825822153168 ], [ -159.723914510681738, -21.24787293833235 ], [ -159.723952203625061, -21.247891784804018 ], [ -159.723961626860898, -21.247948324219035 ], [ -159.723989896568412, -21.247948324219035 ], [ -159.723989896568412, -21.247995440398213 ], [ -159.724037012747601, -21.248023710105723 ], [ -159.724027589511763, -21.24805197981323 ], [ -159.7240935521626, -21.248127365699915 ], [ -159.724112398634276, -21.248202751586604 ], [ -159.724140668341789, -21.248193328350766 ], [ -159.724168938049303, -21.248259291001617 ], [ -159.724150091577627, -21.248306407180799 ], [ -159.724206630992626, -21.248325253652467 ], [ -159.724310286586842, -21.248541988076692 ], [ -159.724338556294327, -21.24855141131253 ], [ -159.724395095709355, -21.248664490142559 ], [ -159.724498751303543, -21.248777568972589 ], [ -159.724498751303543, -21.248805838680095 ], [ -159.724602406897759, -21.248900071038456 ], [ -159.724706062491947, -21.249060266047664 ], [ -159.724781448378621, -21.249097958991008 ], [ -159.724781448378621, -21.249126228698515 ], [ -159.724932220151999, -21.249163921641859 ], [ -159.724922796916161, -21.249182768113531 ], [ -159.725017029274511, -21.249173344877693 ], [ -159.725318572821266, -21.249211037821038 ], [ -159.725601269896345, -21.249305270179395 ], [ -159.725846274028072, -21.249418349009428 ], [ -159.726081854923962, -21.249484311660279 ], [ -159.726345705527365, -21.24961623696198 ], [ -159.726863983498333, -21.249738739027844 ], [ -159.727353991761817, -21.249767008735354 ], [ -159.727363414997654, -21.249738739027844 ], [ -159.727401107940977, -21.249757585499516 ], [ -159.727495340299356, -21.24972931579201 ], [ -159.727495340299356, -21.249710469320338 ], [ -159.727542456478517, -21.249719892556172 ], [ -159.727551879714355, -21.249691622848665 ], [ -159.727664958544381, -21.249635083433649 ] ], [ [ -159.72738226146933, -21.25561883818941 ], [ -159.727363414997654, -21.255599991717737 ], [ -159.727288029110952, -21.255675377604426 ], [ -159.727146680573412, -21.25561883818941 ], [ -159.726882829970009, -21.255637684661082 ], [ -159.726637825838282, -21.255713070547767 ], [ -159.726449361121581, -21.255807302906128 ], [ -159.726336282291527, -21.255901535264485 ], [ -159.726336282291527, -21.255995767622842 ], [ -159.726308012584042, -21.256024037330352 ], [ -159.72617608728234, -21.256071153509531 ], [ -159.726100701395637, -21.256146539396216 ], [ -159.726034738744801, -21.256278464697917 ], [ -159.725940506386422, -21.256391543527947 ], [ -159.725808581084721, -21.256664817367188 ], [ -159.725799157848883, -21.256966360913935 ], [ -159.725818004320558, -21.257070016508131 ], [ -159.725912236678937, -21.257315020639862 ], [ -159.725921659914775, -21.257399829762385 ], [ -159.72594992962226, -21.257428099469891 ], [ -159.726063008452314, -21.257748489488311 ], [ -159.726119547867313, -21.257833298610834 ], [ -159.726128971103151, -21.257899261261684 ], [ -159.726147817574827, -21.257899261261684 ], [ -159.726242049933177, -21.258115995685909 ], [ -159.726260896404852, -21.258115995685909 ], [ -159.726355128763203, -21.258323306874296 ], [ -159.726458784357419, -21.258474078647669 ], [ -159.72660013289493, -21.258587157477699 ], [ -159.726750904668307, -21.258643696892715 ], [ -159.72696763909255, -21.258643696892715 ], [ -159.727146680573412, -21.258577734241864 ], [ -159.727297452346789, -21.258436385704325 ], [ -159.727353991761817, -21.258342153345968 ], [ -159.72739168470514, -21.258238497751773 ], [ -159.72739168470514, -21.258125418921743 ], [ -159.727344568525979, -21.258002916855876 ], [ -159.727240912931791, -21.257908684497519 ], [ -159.727174950280926, -21.257805028903324 ], [ -159.727165527045088, -21.257484638884907 ], [ -159.727071294686738, -21.257201941809832 ], [ -159.727033601743386, -21.25715482563065 ], [ -159.727043024979224, -21.257126555923143 ], [ -159.727024178507548, -21.257135979158981 ], [ -159.726977062328388, -21.257070016508131 ], [ -159.726986485564225, -21.257051170036458 ], [ -159.726863983498333, -21.256928667970591 ], [ -159.726618979366606, -21.256815589140562 ], [ -159.726571863187445, -21.256777896197217 ], [ -159.726571863187445, -21.256740203253873 ], [ -159.726675518781633, -21.256702510310532 ], [ -159.726769751139983, -21.256617701188009 ], [ -159.726769751139983, -21.25650462235798 ], [ -159.72682629055501, -21.256495199122142 ], [ -159.726845137026686, -21.256419813235457 ], [ -159.726911099677523, -21.256391543527947 ], [ -159.726882829970009, -21.256306734405428 ], [ -159.72692052291336, -21.256316157641262 ], [ -159.726911099677523, -21.256287887933755 ], [ -159.726948792620874, -21.256278464697917 ], [ -159.727080717922576, -21.256146539396216 ], [ -159.727288029110952, -21.256099423217037 ], [ -159.727297452346789, -21.256061730273693 ], [ -159.727316298818465, -21.256080576745365 ], [ -159.727401107940977, -21.255986344387008 ], [ -159.727419954412653, -21.255995767622842 ], [ -159.727410531176815, -21.255958074679501 ], [ -159.727457647356005, -21.255920381736157 ], [ -159.727467070591842, -21.255873265556978 ], [ -159.727495340299356, -21.255873265556978 ], [ -159.727485917063518, -21.255844995849468 ], [ -159.727533033242679, -21.255816726141962 ], [ -159.727551879714355, -21.255703647311933 ], [ -159.72747649382768, -21.255656531132754 ], [ -159.727438800884329, -21.255571722010231 ], [ -159.72738226146933, -21.255590568481903 ], [ -159.72738226146933, -21.25561883818941 ] ], [ [ -159.727288029110952, -21.250417212008024 ], [ -159.727165527045088, -21.250360672593011 ], [ -159.727137257337574, -21.250379519064683 ], [ -159.727099564394251, -21.250332402885501 ], [ -159.727052448215062, -21.250322979649667 ], [ -159.727005332035873, -21.250445481715534 ], [ -159.72696763909255, -21.250464328187206 ], [ -159.726948792620874, -21.250520867602219 ], [ -159.726901676441685, -21.250530290838057 ], [ -159.726873406734171, -21.250567983781398 ], [ -159.726816867319172, -21.250567983781398 ], [ -159.726788597611659, -21.250633946432249 ], [ -159.72682629055501, -21.250577407017236 ], [ -159.726854560262524, -21.250577407017236 ], [ -159.72682629055501, -21.250633946432249 ], [ -159.726863983498333, -21.250671639375593 ], [ -159.726948792620874, -21.250699909083099 ], [ -159.727174950280926, -21.250690485847265 ], [ -159.727288029110952, -21.250652792903921 ], [ -159.727401107940977, -21.250577407017236 ], [ -159.727419954412653, -21.250539714073891 ], [ -159.727401107940977, -21.250520867602219 ], [ -159.727429377648491, -21.250520867602219 ], [ -159.727429377648491, -21.250502021130547 ], [ -159.727401107940977, -21.250492597894713 ], [ -159.727410531176815, -21.250464328187206 ], [ -159.727372838233492, -21.250454904951368 ], [ -159.727344568525979, -21.250388942300518 ], [ -159.727288029110952, -21.250417212008024 ] ], [ [ -159.725507037537994, -21.241210710596409 ], [ -159.725478767830481, -21.241295519718932 ], [ -159.725507037537994, -21.241314366190604 ], [ -159.725563576952993, -21.241257826775588 ], [ -159.725554153717155, -21.241191864124737 ], [ -159.725488191066319, -21.241191864124737 ], [ -159.725507037537994, -21.241210710596409 ] ], [ [ -159.725356265764617, -21.241465137963978 ], [ -159.725365689000455, -21.241418021784796 ], [ -159.725337419292941, -21.241408598548961 ], [ -159.725327996057104, -21.241465137963978 ], [ -159.725356265764617, -21.241465137963978 ] ], [ [ -159.723735469200847, -21.247590241257274 ], [ -159.723792008615874, -21.247571394785602 ], [ -159.723792008615874, -21.247543125078096 ], [ -159.72376373890836, -21.247543125078096 ], [ -159.723735469200847, -21.247590241257274 ] ], [ [ -159.723678929785819, -21.247514855370586 ], [ -159.723726045965009, -21.247496008898914 ], [ -159.72376373890836, -21.247514855370586 ], [ -159.723744892436684, -21.247448892719735 ], [ -159.723678929785819, -21.247514855370586 ] ] ] } },
{ "type": "Feature", "properties": { "level_m": 0.478, "margin_cm": 15.0, "kind": "range" }, "geometry": { "type": "MultiLineString", "coordinates": [ [ [ -159.823452150815712, -21.248871801330946 ], [ -159.823584076117413, -21.248645643670887 ], [ -159.823706578183277, -21.248494871897513 ], [ -159.823744271126628, -21.248353523359977 ], [ -159.823904466135843, -21.248193328350766 ], [ -159.82397042878668, -21.248042556577392 ], [ -159.824017544965869, -21.247995440398213 ], [ -159.824045814673383, -21.247750436266482 ], [ -159.824083507616706, -21.247637357436453 ], [ -159.824177739975084, -21.247477162427241 ], [ -159.824215432918407, -21.24734523712554 ], [ -159.824234279390083, -21.24734523712554 ], [ -159.82443216734265, -21.246930614748763 ], [ -159.824554669408514, -21.246751573267883 ], [ -159.824714864417729, -21.24637464383445 ], [ -159.824856212955268, -21.246176755881898 ], [ -159.824931598841943, -21.24598829116518 ], [ -159.825167179737832, -21.245564245552568 ], [ -159.825402760633722, -21.24519673935497 ], [ -159.8254969929921, -21.245102506996613 ], [ -159.825676034472963, -21.24501769787409 ], [ -159.825704304180476, -21.244961158459073 ], [ -159.825770266831341, -21.244932888751567 ], [ -159.825779690067179, -21.244763270506521 ], [ -159.825892768897205, -21.244537112846462 ], [ -159.826175465972284, -21.244084797526341 ], [ -159.826608934820712, -21.243538249847862 ], [ -159.826910478367466, -21.24295400922604 ], [ -159.827193175442545, -21.24227553624586 ], [ -159.827221445150059, -21.242096494764979 ], [ -159.827362793687598, -21.24166302591653 ], [ -159.827391063395112, -21.241465137963978 ], [ -159.827457026045948, -21.241295519718932 ], [ -159.827475872517624, -21.24116359441723 ], [ -159.827645490762677, -21.24059820026708 ], [ -159.827739723121027, -21.240155308182796 ], [ -159.827843378715215, -21.239834918164377 ], [ -159.827937611073565, -21.239156445184197 ], [ -159.827956457545241, -21.239137598712524 ], [ -159.828060113139429, -21.238440279260672 ], [ -159.828126075790294, -21.238185851893103 ], [ -159.828220308148644, -21.237620457742953 ], [ -159.828267424327834, -21.23703621712113 ], [ -159.82823915462032, -21.236960831234445 ], [ -159.828267424327834, -21.236772366517727 ], [ -159.828258001091996, -21.236631017980191 ], [ -159.828276847563671, -21.236546208857668 ], [ -159.828305117271185, -21.236546208857668 ], [ -159.828323963742832, -21.236395437084294 ], [ -159.828314540507023, -21.236027930886696 ], [ -159.828342810214508, -21.23585831264165 ], [ -159.82833338697867, -21.235585038802412 ], [ -159.828361656686184, -21.235434267029039 ], [ -159.828371079922022, -21.234850026407216 ], [ -159.828455889044534, -21.234265785785393 ], [ -159.828578391110426, -21.233804047229437 ], [ -159.828644353761263, -21.233314038965975 ], [ -159.828644353761263, -21.233106727777585 ], [ -159.828682046704614, -21.232984225711721 ], [ -159.828682046704614, -21.232814607466675 ], [ -159.828644353761263, -21.232776914523331 ], [ -159.828634930525425, -21.232305752731538 ], [ -159.828672623468776, -21.232023055656462 ], [ -159.828776279062964, -21.231712088873881 ], [ -159.82870089317629, -21.231476507977984 ], [ -159.828729162883775, -21.231165541195402 ], [ -159.828804548770478, -21.230901690591999 ], [ -159.828898781128828, -21.230703802639447 ], [ -159.829181478203907, -21.229893404357565 ], [ -159.829426482335634, -21.228838001943949 ], [ -159.829558407637336, -21.227942794539544 ], [ -159.829596100580687, -21.227782599530336 ], [ -159.829690332939037, -21.227556441870274 ], [ -159.829718602646551, -21.227405670096903 ], [ -159.829812835004901, -21.227170089201007 ], [ -159.829954183542441, -21.226284305032436 ], [ -159.830142648259169, -21.225568139108912 ], [ -159.830142648259169, -21.225483329986389 ], [ -159.830208610910006, -21.225266595562164 ], [ -159.830218034145844, -21.225106400552956 ], [ -159.830406498862573, -21.224569276110312 ], [ -159.830547847400112, -21.223947342545149 ], [ -159.830717465645137, -21.223636375762567 ], [ -159.830839967711029, -21.223278292800803 ], [ -159.830915353597703, -21.222778861301503 ], [ -159.831028432427729, -21.22240193186807 ], [ -159.831132088021917, -21.221874230661264 ], [ -159.831169780965269, -21.221271143567769 ], [ -159.831160357729431, -21.220931907077681 ], [ -159.831245166851943, -21.219904774371571 ], [ -159.831245166851943, -21.219490151994794 ], [ -159.831047278899405, -21.218519558703704 ], [ -159.830849390946838, -21.217859932195196 ], [ -159.830708042409327, -21.217275691573374 ], [ -159.830660926230138, -21.217190882450851 ], [ -159.830623233286786, -21.217040110677477 ], [ -159.830585540343435, -21.217002417734133 ], [ -159.830057839136629, -21.21583393649049 ], [ -159.829991876485792, -21.21576797383964 ], [ -159.829869374419928, -21.215560662651249 ], [ -159.829775142061578, -21.215353351462863 ], [ -159.829624370288201, -21.215108347331128 ], [ -159.829643216759877, -21.21508950085946 ], [ -159.829596100580687, -21.21508950085946 ], [ -159.829294557033933, -21.214684301718517 ], [ -159.829181478203907, -21.214571222888488 ], [ -159.828974167015531, -21.214184870219217 ], [ -159.828738586119613, -21.213911596379976 ], [ -159.828446465808724, -21.213496974003199 ], [ -159.828201461676969, -21.213214276928124 ], [ -159.827890494894405, -21.212677152485483 ], [ -159.827692606941838, -21.212450994825421 ], [ -159.827391063395112, -21.212008102741137 ], [ -159.827108366320033, -21.211650019779377 ], [ -159.826976441018331, -21.21152751771351 ], [ -159.826778553065765, -21.211273090345941 ], [ -159.826552395405713, -21.211037509450048 ], [ -159.826222582151445, -21.21055692442242 ], [ -159.825789113303017, -21.210142302045643 ], [ -159.825242565624535, -21.209520368480476 ], [ -159.825214295917021, -21.209520368480476 ], [ -159.825120063558671, -21.209360173471268 ], [ -159.824865636191106, -21.209049206688682 ], [ -159.824686594710215, -21.208917281386981 ], [ -159.824375627927623, -21.208615737840233 ], [ -159.824243702625921, -21.208436696359353 ], [ -159.823932735843357, -21.208144576048443 ], [ -159.82387619642833, -21.208040920454248 ], [ -159.823810233777465, -21.208050343690086 ], [ -159.823744271126628, -21.207965534567563 ], [ -159.823659462004116, -21.207946688095891 ], [ -159.82364061553244, -21.207908995152547 ], [ -159.823546383174062, -21.207871302209202 ], [ -159.823518113466577, -21.207748800143339 ], [ -159.823405034636551, -21.207720530435829 ], [ -159.823395611400713, -21.20770168396416 ], [ -159.823329648749848, -21.20770168396416 ], [ -159.823197723448146, -21.207616874841637 ], [ -159.823037528438931, -21.207466103068263 ], [ -159.822915026373067, -21.207296484823217 ], [ -159.822660599005502, -21.207108020106499 ], [ -159.822604059590503, -21.207013787748142 ], [ -159.822443864581288, -21.206863015974768 ], [ -159.822415594873775, -21.206863015974768 ], [ -159.822387325166261, -21.20681589979559 ], [ -159.822359055458747, -21.206825323031424 ], [ -159.822302516043749, -21.206797053323918 ], [ -159.822283669572073, -21.206731090673067 ], [ -159.822264823100397, -21.206759360380573 ], [ -159.822208283685399, -21.206721667437233 ], [ -159.82211405132702, -21.206627435078872 ], [ -159.821982126025318, -21.206420123890485 ], [ -159.821529810705215, -21.205967808570364 ], [ -159.821218843922622, -21.205713381202795 ], [ -159.821190574215109, -21.205666265023616 ], [ -159.820936146847544, -21.20549664677857 ], [ -159.820653449772465, -21.205195103231826 ], [ -159.82057806388579, -21.205157410288482 ], [ -159.820417868876575, -21.204997215279271 ], [ -159.820097478858145, -21.204761634383377 ], [ -159.819598047358852, -21.204262202884077 ], [ -159.819456698821313, -21.204167970525717 ], [ -159.819183424982072, -21.203913543158151 ], [ -159.818683993482779, -21.203687385498089 ], [ -159.818448412586889, -21.203498920781374 ], [ -159.818231678162647, -21.203376418715507 ], [ -159.818090329625136, -21.203235070177971 ], [ -159.817996097266757, -21.203187953998789 ], [ -159.818231678162647, -21.20328218635715 ], [ -159.818269371105998, -21.203263339885478 ], [ -159.818250524634323, -21.203235070177971 ], [ -159.817411856644952, -21.202867563980373 ], [ -159.817364740465763, -21.202858140744535 ], [ -159.817345893994087, -21.202886410452045 ], [ -159.817345893994087, -21.202179667764355 ], [ -159.817308201050736, -21.201934663632624 ], [ -159.817157429277387, -21.201651966557549 ], [ -159.817072620154846, -21.201576580670864 ], [ -159.817063196919008, -21.201538887727519 ], [ -159.817034927211495, -21.201538887727519 ], [ -159.816903001909793, -21.201416385661652 ], [ -159.816582611891391, -21.20128446035995 ], [ -159.816102026863774, -21.201171381529921 ], [ -159.816064333920423, -21.201180804765755 ], [ -159.815743943901992, -21.201086572407398 ], [ -159.815621441836129, -21.201077149171564 ], [ -159.815612018600291, -21.201058302699892 ], [ -159.815508363006103, -21.201058302699892 ], [ -159.814961815327621, -21.200916954162352 ], [ -159.814650848545028, -21.200869837983173 ], [ -159.814471807064166, -21.200869837983173 ], [ -159.814462383828328, -21.200832145039829 ], [ -159.814349304998302, -21.200832145039829 ], [ -159.814330458526626, -21.200803875332323 ], [ -159.814113724102384, -21.200813298568161 ], [ -159.814104300866575, -21.200785028860651 ], [ -159.814076031159061, -21.200803875332323 ], [ -159.814047761451548, -21.200785028860651 ], [ -159.814010068508196, -21.200813298568161 ], [ -159.813981798800683, -21.200794452096488 ], [ -159.813981798800683, -21.200813298568161 ], [ -159.813887566442332, -21.200803875332323 ], [ -159.813840450263172, -21.200822721803995 ], [ -159.813840450263172, -21.200785028860651 ], [ -159.813689678489794, -21.200794452096488 ], [ -159.813680255253956, -21.200775605624816 ], [ -159.813548329952255, -21.200766182388978 ], [ -159.813520060244741, -21.200728489445638 ], [ -159.813491790537228, -21.200737912681472 ], [ -159.813406981414715, -21.200681373266455 ], [ -159.813378711707202, -21.200690796502293 ], [ -159.813303325820527, -21.200653103558949 ], [ -159.813275056113014, -21.200615410615605 ], [ -159.813199670226311, -21.200624833851442 ], [ -159.813180823754664, -21.200587140908098 ], [ -159.813124284339636, -21.200596564143936 ], [ -159.813124284339636, -21.200549447964754 ], [ -159.813096014632123, -21.200549447964754 ], [ -159.813096014632123, -21.200530601493085 ], [ -159.813077168160447, -21.200530601493085 ], [ -159.813067744924609, -21.200587140908098 ], [ -159.813020628745448, -21.200577717672264 ], [ -159.813001782273773, -21.200596564143936 ], [ -159.812935819622908, -21.200587140908098 ], [ -159.812851010500395, -21.200558871200592 ], [ -159.812841587264558, -21.200521178257247 ], [ -159.812794471085368, -21.200530601493085 ], [ -159.812295039586076, -21.200266750889678 ], [ -159.811880417209295, -21.20010655588047 ], [ -159.811870993973457, -21.200078286172964 ], [ -159.811823877794296, -21.200087709408798 ], [ -159.811239637172463, -21.199861551748739 ], [ -159.81107001892741, -21.199776742626216 ], [ -159.811041749219925, -21.199786165862051 ], [ -159.811013479512411, -21.199757896154544 ], [ -159.811060595691572, -21.19974847291871 ], [ -159.811060595691572, -21.1997202032112 ], [ -159.81097578656906, -21.199710779975366 ], [ -159.81097578656906, -21.199673087032021 ], [ -159.810900400682385, -21.1997202032112 ], [ -159.810919247154061, -21.199729626447038 ], [ -159.810900400682385, -21.199757896154544 ], [ -159.810862707739034, -21.199757896154544 ], [ -159.81083443803152, -21.199701356739528 ], [ -159.810806168324007, -21.1997202032112 ], [ -159.810806168324007, -21.199701356739528 ], [ -159.81074020567317, -21.199682510267859 ], [ -159.810721359201494, -21.199691933503694 ], [ -159.810721359201494, -21.199757896154544 ], [ -159.810693089493981, -21.19974847291871 ], [ -159.810693089493981, -21.1997202032112 ], [ -159.810655396550658, -21.1997202032112 ], [ -159.810636550078982, -21.199786165862051 ], [ -159.810664819786467, -21.199786165862051 ], [ -159.810664819786467, -21.199805012333723 ], [ -159.810532894484766, -21.199908667927918 ], [ -159.810485778305605, -21.199984053814603 ], [ -159.810438662126415, -21.199993477050441 ], [ -159.80985442150461, -21.200002900286275 ], [ -159.809383259712803, -21.199974630578769 ], [ -159.809100562637724, -21.200050016465454 ], [ -159.808544591723404, -21.200021746757947 ], [ -159.807724770205709, -21.200031169993785 ], [ -159.807206492234712, -21.199984053814603 ], [ -159.806584558669556, -21.199993477050441 ], [ -159.806348977773666, -21.200021746757947 ], [ -159.806085127170263, -21.200087709408798 ], [ -159.805444347133431, -21.200323290304695 ], [ -159.804860106511597, -21.20042694589889 ], [ -159.804511446785682, -21.200455215606397 ], [ -159.804096824408902, -21.200455215606397 ], [ -159.803295849362854, -21.20039867619138 ], [ -159.802673915797698, -21.200276174125516 ], [ -159.802117944883378, -21.200115979116308 ], [ -159.801929480166649, -21.199946360871262 ], [ -159.80178813162911, -21.199739049682872 ], [ -159.801797554864947, -21.199484622315307 ], [ -159.801741015449949, -21.199390389956946 ], [ -159.801580820440734, -21.199296157598589 ], [ -159.801430048667356, -21.199277311126917 ], [ -159.801354662780682, -21.199239618183572 ], [ -159.801156774828115, -21.199013460523513 ], [ -159.800949463639739, -21.198919228165156 ], [ -159.800817538338038, -21.198815572570961 ], [ -159.800318106838716, -21.198730763448438 ], [ -159.799828098575261, -21.198787302863455 ], [ -159.799187318538429, -21.198759033155945 ], [ -159.799093086180079, -21.198730763448438 ], [ -159.798885774991675, -21.198721340212604 ], [ -159.79825441819068, -21.198768456391782 ], [ -159.798235571719005, -21.198721340212604 ], [ -159.79816018583233, -21.198721340212604 ], [ -159.798094223181465, -21.198674224033422 ], [ -159.797462866380471, -21.198683647269259 ], [ -159.796718430749422, -21.198740186684272 ], [ -159.796690161041937, -21.198721340212604 ], [ -159.796690161041937, -21.198740186684272 ], [ -159.796350924551831, -21.198787302863455 ], [ -159.796068227476752, -21.198806149335123 ], [ -159.7958420698167, -21.198796726099289 ], [ -159.795813800109187, -21.198834419042633 ], [ -159.795644181864162, -21.198834419042633 ], [ -159.795418024204082, -21.198881535221812 ], [ -159.795399177732406, -21.19886268875014 ], [ -159.795116480657356, -21.198872111985974 ], [ -159.79509763418568, -21.198853265514305 ], [ -159.794975132119816, -21.198853265514305 ], [ -159.79458877945055, -21.198909804929318 ], [ -159.794306082375471, -21.198994614051841 ], [ -159.793882036762852, -21.199164232296887 ], [ -159.793863190291177, -21.199145385825215 ], [ -159.793834920583663, -21.199183078768559 ], [ -159.793505107329423, -21.199286734362751 ], [ -159.793420298206883, -21.199343273777767 ], [ -159.793392028499397, -21.199333850541933 ], [ -159.792298933142433, -21.199701356739528 ], [ -159.791733538992275, -21.19992751439959 ], [ -159.791639306633925, -21.199936937635425 ], [ -159.791592190454736, -21.199974630578769 ], [ -159.791083335719605, -21.200163095295487 ], [ -159.790461402154449, -21.200332713540529 ], [ -159.789886584768453, -21.20054002472892 ], [ -159.789679273580049, -21.200653103558949 ], [ -159.789226958259945, -21.200822721803995 ], [ -159.78897253089238, -21.200973493577369 ], [ -159.78873694999649, -21.201077149171564 ], [ -159.788482522628897, -21.201256190652444 ], [ -159.787879435535416, -21.201595427142532 ], [ -159.787719240526201, -21.201717929208399 ], [ -159.787106730196882, -21.202057165698491 ], [ -159.786946535187667, -21.202000626283475 ], [ -159.786861726065155, -21.202000626283475 ], [ -159.78679576341429, -21.20196293334013 ], [ -159.786626145169237, -21.201953510104296 ], [ -159.786569605754238, -21.201906393925118 ], [ -159.786531912810887, -21.20192524039679 ], [ -159.786399987509185, -21.201887547453445 ], [ -159.786352871330024, -21.201906393925118 ], [ -159.785891132774054, -21.201915817160952 ], [ -159.785844016594865, -21.201953510104296 ], [ -159.785721514529001, -21.201953510104296 ], [ -159.785712091293163, -21.201972356575968 ], [ -159.785533049812301, -21.201991203047641 ], [ -159.785485933633112, -21.202019472755147 ], [ -159.785438817453922, -21.202010049519309 ], [ -159.785363431567248, -21.202085435405998 ], [ -159.785193813322195, -21.20210428187767 ], [ -159.785071311256331, -21.202179667764355 ], [ -159.78503361831298, -21.202236207179372 ], [ -159.784986502133819, -21.202236207179372 ], [ -159.784929962718792, -21.20228332335855 ], [ -159.784958232426305, -21.202321016301894 ], [ -159.785014771841333, -21.202321016301894 ], [ -159.785052464784656, -21.202349286009401 ], [ -159.785043041548818, -21.202405825424417 ], [ -159.785071311256331, -21.202434095131924 ], [ -159.785118427435521, -21.202405825424417 ], [ -159.785109004199683, -21.202358709245235 ], [ -159.785156120378872, -21.202349286009401 ], [ -159.785193813322195, -21.202311593066057 ], [ -159.785193813322195, -21.202273900122716 ], [ -159.785240929501384, -21.202255053651044 ], [ -159.785222083029709, -21.202217360707699 ], [ -159.785269199208898, -21.202189091000193 ], [ -159.785269199208898, -21.202123128349342 ], [ -159.785382278038924, -21.202123128349342 ], [ -159.785438817453922, -21.202255053651044 ], [ -159.785617858934813, -21.202207937471861 ], [ -159.785655551878165, -21.202217360707699 ], [ -159.785768630708191, -21.202198514236027 ], [ -159.785853439830703, -21.202207937471861 ], [ -159.785844016594865, -21.202179667764355 ], [ -159.785891132774054, -21.202151398056849 ], [ -159.786070174254945, -21.202113705113504 ], [ -159.786447103688374, -21.20210428187767 ], [ -159.786597875461752, -21.202123128349342 ], [ -159.786729800763453, -21.202170244528521 ], [ -159.786776916942614, -21.202160821292683 ], [ -159.786805186650128, -21.202189091000193 ], [ -159.786814609885965, -21.202236207179372 ], [ -159.786729800763453, -21.202273900122716 ], [ -159.786805186650128, -21.202311593066057 ], [ -159.786805186650128, -21.202377555716907 ], [ -159.78665441487675, -21.202415248660252 ], [ -159.786673261348426, -21.202490634546937 ], [ -159.786268062207483, -21.202924103395386 ], [ -159.786164406613295, -21.20307487516876 ], [ -159.786041904547432, -21.203187953998789 ], [ -159.786041904547432, -21.203216223706299 ], [ -159.785844016594865, -21.203404688423014 ], [ -159.785768630708191, -21.203517767253047 ], [ -159.785721514529001, -21.203517767253047 ], [ -159.785467087161436, -21.203385841951345 ], [ -159.785410547746437, -21.203385841951345 ], [ -159.78535400833141, -21.203432958130524 ], [ -159.785382278038924, -21.203480074309702 ], [ -159.785467087161436, -21.203508344017209 ], [ -159.785485933633112, -21.203536613724715 ], [ -159.785533049812301, -21.203536613724715 ], [ -159.785551896283977, -21.20357430666806 ], [ -159.785683821585678, -21.203611999611404 ], [ -159.785825170123189, -21.203687385498089 ], [ -159.785834593359027, -21.20375334814894 ], [ -159.785683821585678, -21.203951236101492 ], [ -159.785655551878165, -21.204054891695687 ], [ -159.785580165991462, -21.204186816997389 ], [ -159.785580165991462, -21.204233933176567 ], [ -159.785419970982275, -21.204516630251643 ], [ -159.785363431567248, -21.204563746430825 ], [ -159.785325738623897, -21.204526053487481 ], [ -159.785382278038924, -21.204657978789182 ], [ -159.785382278038924, -21.204714518204195 ], [ -159.785071311256331, -21.204884136449241 ], [ -159.784995925369657, -21.20495952233593 ], [ -159.784958232426305, -21.20495952233593 ], [ -159.784920539482954, -21.205006638515108 ], [ -159.784826307124604, -21.205034908222615 ], [ -159.784515340342011, -21.205242219411005 ], [ -159.784487070634526, -21.205242219411005 ], [ -159.784458800927013, -21.205157410288482 ], [ -159.784355145332825, -21.204714518204195 ], [ -159.784251489738608, -21.204412974657451 ], [ -159.784223220031123, -21.204224509940733 ], [ -159.784204373559447, -21.204224509940733 ], [ -159.784138410908582, -21.203979505809002 ], [ -159.784138410908582, -21.203904119922313 ], [ -159.784100717965231, -21.203838157271463 ], [ -159.784100717965231, -21.20378161785645 ], [ -159.784063025021908, -21.203734501677271 ], [ -159.784006485606881, -21.203451804602196 ], [ -159.783949946191882, -21.203310456064656 ], [ -159.783949946191882, -21.203235070177971 ], [ -159.783893406776855, -21.20310314487627 ], [ -159.783902830012693, -21.203056028697087 ], [ -159.783836867361828, -21.202924103395386 ], [ -159.783921676484368, -21.202858140744535 ], [ -159.783893406776855, -21.202792178093684 ], [ -159.783949946191882, -21.202792178093684 ], [ -159.783968792663529, -21.202660252791983 ], [ -159.783940522956044, -21.202650829556148 ], [ -159.783949946191882, -21.202622559848642 ], [ -159.783921676484368, -21.20260371337697 ], [ -159.783836867361828, -21.202641406320311 ], [ -159.783742635003478, -21.202622559848642 ], [ -159.783676672352641, -21.202660252791983 ], [ -159.78363897940929, -21.202716792206999 ], [ -159.783488207635912, -21.202726215442834 ], [ -159.783478784400074, -21.20278275485785 ], [ -159.783365705570048, -21.202839294272863 ], [ -159.783356282334211, -21.202867563980373 ], [ -159.783233780268347, -21.202905256923714 ], [ -159.783214933796671, -21.202933526631224 ], [ -159.783092431730807, -21.202971219574568 ], [ -159.783045315551618, -21.203008912517909 ], [ -159.782988776136619, -21.203008912517909 ], [ -159.782979352900782, -21.203046605461253 ], [ -159.782885120542431, -21.20307487516876 ], [ -159.782856850834918, -21.203112568112104 ], [ -159.782828581127404, -21.203093721640432 ], [ -159.782828581127404, -21.203121991347938 ], [ -159.782762618476568, -21.203159684291283 ], [ -159.782743772004892, -21.203197377234627 ], [ -159.782658962882351, -21.203235070177971 ], [ -159.782593000231515, -21.203310456064656 ], [ -159.782517614344812, -21.203348149008001 ], [ -159.782442228458137, -21.203451804602196 ], [ -159.782395112278948, -21.20346122783803 ], [ -159.782404535514786, -21.203498920781374 ], [ -159.782357419335625, -21.203546036960553 ], [ -159.782140684911383, -21.203536613724715 ], [ -159.782112415203869, -21.203564883432225 ], [ -159.782084145496384, -21.203527190488881 ], [ -159.782037029317195, -21.203527190488881 ], [ -159.78187683430798, -21.203564883432225 ], [ -159.781792025185467, -21.203630846083076 ], [ -159.781678946355441, -21.203593153139732 ], [ -159.781443365459523, -21.203621422847238 ], [ -159.78132086339366, -21.20366853902642 ], [ -159.780962780431906, -21.203734501677271 ], [ -159.780727199536017, -21.203828734035628 ], [ -159.780472772168451, -21.203838157271463 ], [ -159.780312577159236, -21.203922966393986 ], [ -159.779907378018294, -21.204036045224015 ], [ -159.779756606244916, -21.204036045224015 ], [ -159.779766029480754, -21.204083161403197 ], [ -159.779652950650728, -21.204111431110704 ], [ -159.779652950650728, -21.20413970081821 ], [ -159.779530448584865, -21.204196240233227 ], [ -159.779530448584865, -21.204224509940733 ], [ -159.779492755641513, -21.204233933176567 ], [ -159.779398523283163, -21.204328165534928 ], [ -159.779341983868136, -21.204337588770763 ], [ -159.779276021217299, -21.204441244364958 ], [ -159.779247751509786, -21.204441244364958 ], [ -159.779238328273948, -21.204478937308302 ], [ -159.77913467267976, -21.204544899959153 ], [ -159.77904044032141, -21.204648555553344 ], [ -159.778107539973661, -21.205016061750943 ], [ -159.777994461143606, -21.205034908222615 ], [ -159.777853112606095, -21.205100870873466 ], [ -159.777796573191068, -21.205100870873466 ], [ -159.777768303483555, -21.205072601165959 ], [ -159.777598685238502, -21.205110294109303 ], [ -159.777429066993477, -21.205195103231826 ], [ -159.777334834635099, -21.205213949703495 ], [ -159.777174639625912, -21.205308182061856 ], [ -159.777089830503371, -21.20531760529769 ], [ -159.777089830503371, -21.205336451769362 ], [ -159.777052137560048, -21.20531760529769 ], [ -159.77681655666413, -21.205440107363557 ], [ -159.77672232430578, -21.205449530599392 ], [ -159.776712901069942, -21.205477800306902 ], [ -159.776571552532403, -21.20552491648608 ], [ -159.776552706060727, -21.205553186193587 ], [ -159.776477320174052, -21.205534339721915 ], [ -159.776477320174052, -21.205572032665259 ], [ -159.776383087815702, -21.205572032665259 ], [ -159.776298278693162, -21.205666265023616 ], [ -159.776147506919784, -21.205732227674467 ], [ -159.776090967504786, -21.205798190325318 ], [ -159.776025004853921, -21.205835883268662 ], [ -159.775996735146435, -21.20581703679699 ], [ -159.775864809844705, -21.205911269155347 ], [ -159.775827116901382, -21.205911269155347 ], [ -159.775817693665545, -21.205939538862857 ], [ -159.775704614835519, -21.206005501513708 ], [ -159.775704614835519, -21.206043194457049 ], [ -159.775695191599681, -21.20602434798538 ], [ -159.775666921892167, -21.206033771221215 ], [ -159.775666921892167, -21.206071464164559 ], [ -159.775638652184654, -21.206052617692887 ], [ -159.77561038247714, -21.206080887400393 ], [ -159.775600959241302, -21.206062040928721 ], [ -159.775582112769655, -21.20613742681541 ], [ -159.775506726882952, -21.206118580343738 ], [ -159.775459610703791, -21.206212812702095 ], [ -159.775403071288764, -21.206222235937933 ], [ -159.775384224817088, -21.206184542994588 ], [ -159.775110950977847, -21.206175119758754 ], [ -159.775110950977847, -21.206269352117111 ], [ -159.775054411562849, -21.206269352117111 ], [ -159.775054411562849, -21.20620338946626 ], [ -159.774997872147821, -21.206193966230423 ], [ -159.775007295383659, -21.205977231806198 ], [ -159.77486594684612, -21.205977231806198 ], [ -159.774781137723608, -21.205892422683679 ], [ -159.77463036595023, -21.205835883268662 ], [ -159.774573826535203, -21.205609725608603 ], [ -159.774479594176853, -21.205581455901093 ], [ -159.774460747705177, -21.205609725608603 ], [ -159.774479594176853, -21.205628572080272 ], [ -159.774460747705177, -21.20563799531611 ], [ -159.774470170941015, -21.205732227674467 ], [ -159.774489017412691, -21.20581703679699 ], [ -159.774517287120204, -21.205845306504497 ], [ -159.774507863884367, -21.205901845919513 ], [ -159.774564403299365, -21.205967808570364 ], [ -159.774583249771041, -21.206193966230423 ], [ -159.77463036595023, -21.206250505645439 ], [ -159.774639789186068, -21.206307045060456 ], [ -159.77463036595023, -21.206486086541336 ], [ -159.77454555682769, -21.206438970362157 ], [ -159.774517287120204, -21.206165696522916 ], [ -159.774554980063527, -21.206175119758754 ], [ -159.774554980063527, -21.206156273287082 ], [ -159.774507863884367, -21.206128003579572 ], [ -159.774489017412691, -21.206005501513708 ], [ -159.774451324469339, -21.205977231806198 ], [ -159.774423054761826, -21.205854729740334 ], [ -159.774375938582665, -21.205826460032828 ], [ -159.774375938582665, -21.205760497381974 ], [ -159.774328822403476, -21.205722804438633 ], [ -159.7743099759318, -21.205656841787782 ], [ -159.774262859752639, -21.205609725608603 ], [ -159.774272282988449, -21.205590879136931 ], [ -159.774159204158423, -21.20549664677857 ], [ -159.774159204158423, -21.205468377071064 ], [ -159.774008432385045, -21.205383567948541 ], [ -159.773970739441722, -21.205308182061856 ], [ -159.773951892970047, -21.205308182061856 ], [ -159.773961316205884, -21.205279912354346 ], [ -159.773989585913398, -21.205298758826018 ], [ -159.773999009149236, -21.205185679995989 ], [ -159.773970739441722, -21.205157410288482 ], [ -159.77398016267756, -21.205119717345138 ], [ -159.773923623262533, -21.205129140580976 ], [ -159.773904776790857, -21.205289335590184 ], [ -159.773763428253318, -21.205298758826018 ], [ -159.773226303810674, -21.205195103231826 ], [ -159.772029552859522, -21.205147987052644 ], [ -159.771134345455124, -21.205034908222615 ], [ -159.770861071615883, -21.20495952233593 ], [ -159.770823378672532, -21.204921829392585 ], [ -159.770625490719993, -21.204865289977569 ], [ -159.770550104833319, -21.20481817379839 ], [ -159.769918748032296, -21.20463913231751 ], [ -159.769833938909784, -21.204554323194987 ], [ -159.769494702419678, -21.204488360544136 ], [ -159.769164889165438, -21.20446009083663 ], [ -159.768985847684547, -21.204394128185779 ], [ -159.768118909987663, -21.204205663469061 ], [ -159.767779673497557, -21.204111431110704 ], [ -159.767779673497557, -21.204092584639032 ], [ -159.767515822894154, -21.204073738167359 ], [ -159.767383897592453, -21.204026621988181 ], [ -159.767195432875752, -21.203998352280674 ], [ -159.766941005508187, -21.203922966393986 ], [ -159.766922159036511, -21.203894696686479 ], [ -159.766799656970647, -21.203847580507301 ], [ -159.766535806367244, -21.203791041092284 ], [ -159.765989258688762, -21.203696808733927 ], [ -159.765640598962818, -21.203677962262255 ], [ -159.765046935105175, -21.203602576375566 ], [ -159.764481540955018, -21.203498920781374 ], [ -159.764217690351614, -21.203414111658851 ], [ -159.764048072106561, -21.203319879300494 ], [ -159.763397868833891, -21.203121991347938 ], [ -159.76326594353219, -21.203046605461253 ], [ -159.763105748523003, -21.202999489282075 ], [ -159.762860744391247, -21.202999489282075 ], [ -159.762229387590253, -21.202942949867058 ], [ -159.761682839911771, -21.202933526631224 ], [ -159.760919557809075, -21.20296179633873 ], [ -159.760024350404677, -21.202933526631224 ], [ -159.757885275869938, -21.202754485150344 ], [ -159.757385844370646, -21.202773331622012 ], [ -159.757027761408864, -21.202839294272863 ], [ -159.756688524918786, -21.202820447801194 ], [ -159.756339865192871, -21.202848717508701 ], [ -159.756236209598654, -21.202829871037029 ], [ -159.755991205466927, -21.202876987216207 ], [ -159.755821587221874, -21.202942949867058 ], [ -159.755482350731796, -21.202971219574568 ], [ -159.755124267770043, -21.203093721640432 ], [ -159.755020612175826, -21.203084298404598 ], [ -159.754681375685749, -21.203187953998789 ], [ -159.754549450384047, -21.203197377234627 ], [ -159.754417525082346, -21.203244493413806 ], [ -159.754097135063915, -21.203301032828822 ], [ -159.754040595648917, -21.203338725772163 ], [ -159.753955786526376, -21.203348149008001 ], [ -159.753625973272136, -21.203480074309702 ], [ -159.753550587385462, -21.203489497545537 ], [ -159.75342808531957, -21.203564883432225 ], [ -159.753343276197057, -21.20357430666806 ], [ -159.752693072924387, -21.203838157271463 ], [ -159.752137102010067, -21.203979505809002 ], [ -159.75198633023669, -21.204073738167359 ], [ -159.751948637293367, -21.204073738167359 ], [ -159.751910944350016, -21.204111431110704 ], [ -159.7517507493408, -21.204177393761555 ], [ -159.751590554331585, -21.204309319063256 ], [ -159.751449205794046, -21.204384704949941 ], [ -159.751364396671534, -21.20446009083663 ], [ -159.751270164313183, -21.204488360544136 ], [ -159.751109969303968, -21.204620285845838 ], [ -159.750770732813862, -21.20478048085505 ], [ -159.75045034279546, -21.205082024401793 ], [ -159.750186492192057, -21.205261065882677 ], [ -159.749771869815277, -21.20545895383523 ], [ -159.749630521277737, -21.205553186193587 ], [ -159.749225322136795, -21.205685111495288 ], [ -159.748914355354202, -21.205882999447841 ], [ -159.74868819769415, -21.206099733872065 ], [ -159.748405500619072, -21.20631646829629 ], [ -159.747972031770644, -21.206806476559752 ], [ -159.747783567053915, -21.206976094804798 ], [ -159.747698757931403, -21.207042057455649 ], [ -159.747651641752213, -21.207051480691486 ], [ -159.747321828497945, -21.207305908059052 ], [ -159.747274712318784, -21.20731533129489 ], [ -159.747189903196244, -21.207409563653247 ], [ -159.747029708187057, -21.20749437277577 ], [ -159.746812973762815, -21.207711107199994 ], [ -159.746718741404464, -21.207758223379173 ], [ -159.746398351386034, -21.208069190161755 ], [ -159.746294695791846, -21.208210538699294 ], [ -159.745795264292553, -21.208634584311906 ], [ -159.745682185462528, -21.208766509613607 ], [ -159.745493720745799, -21.209068053160355 ], [ -159.745135637784045, -21.209407289650446 ], [ -159.744852940708967, -21.209576907895492 ], [ -159.744758708350616, -21.209586331131327 ], [ -159.744645629520591, -21.209689986725522 ], [ -159.744353509209674, -21.209840758498895 ], [ -159.74432523950216, -21.209878451442236 ], [ -159.744165044492945, -21.209934990857253 ], [ -159.743891770653704, -21.210151725281477 ], [ -159.74386350094619, -21.210151725281477 ], [ -159.743627920050301, -21.210434422356553 ], [ -159.743448878569438, -21.210604040601599 ], [ -159.742779828825093, -21.21091500738418 ], [ -159.742440592334987, -21.211225974166762 ], [ -159.742355783212474, -21.211254243874272 ], [ -159.742327513504961, -21.211291936817613 ], [ -159.741988277014883, -21.211470978298493 ], [ -159.741743272883127, -21.211640596543539 ], [ -159.741517115223076, -21.211753675373568 ], [ -159.741272111091348, -21.211923293618614 ], [ -159.740810372535378, -21.212187144222018 ], [ -159.740367480451113, -21.212573496891288 ], [ -159.739915165130981, -21.21288446367387 ], [ -159.73986804895182, -21.212893886909708 ], [ -159.739349770980823, -21.213204853692289 ], [ -159.738963418311556, -21.213393318409008 ], [ -159.737728974417081, -21.214231986398396 ], [ -159.737427430870326, -21.214392181407607 ], [ -159.736956269078519, -21.214693724954351 ], [ -159.736362605220876, -21.215004691736937 ], [ -159.736164717268309, -21.215146040274472 ], [ -159.735608746354018, -21.21544758382122 ], [ -159.735401435165613, -21.215588932358756 ], [ -159.735326049278939, -21.215607778830428 ], [ -159.735156431033886, -21.215730280896295 ], [ -159.734977389552995, -21.215815090018818 ], [ -159.734939696609672, -21.215881052669669 ], [ -159.734902003666321, -21.215871629433831 ], [ -159.734751231892943, -21.215994131499698 ], [ -159.734713538949592, -21.215984708263864 ], [ -159.734704115713754, -21.216022401207205 ], [ -159.734449688346189, -21.216210865923923 ], [ -159.73439314893119, -21.216286251810608 ], [ -159.734364879223676, -21.216286251810608 ], [ -159.734110451856111, -21.216531255942343 ], [ -159.733752368894358, -21.21698357126246 ], [ -159.733460248583441, -21.217426463346747 ], [ -159.733252937395036, -21.217878778666865 ], [ -159.733083319150012, -21.218312247515314 ], [ -159.732800622074933, -21.219358226693092 ], [ -159.732772352367419, -21.219688039947346 ], [ -159.732696966480745, -21.219989583494094 ], [ -159.732696966480745, -21.220130932031633 ], [ -159.732668696773231, -21.22015920173914 ], [ -159.732668696773231, -21.220225164389991 ], [ -159.73263100382988, -21.220309973512514 ], [ -159.732583887650691, -21.220639786766768 ], [ -159.732546194707368, -21.220734019125125 ], [ -159.732461385584827, -21.221798844774575 ], [ -159.732376576462315, -21.222279429802203 ], [ -159.732385999698153, -21.222920209839042 ], [ -159.73230119057564, -21.223155790734939 ], [ -159.732272920868127, -21.223381948394998 ], [ -159.732122149094749, -21.223674068705908 ], [ -159.732084456151398, -21.223834263715119 ], [ -159.73207503291556, -21.224267732563568 ], [ -159.732131572330587, -21.224625815525329 ], [ -159.732122149094749, -21.224861396421225 ], [ -159.732037339972237, -21.225162939967973 ], [ -159.73198080055721, -21.225276018798002 ], [ -159.731895991434698, -21.225605832052256 ], [ -159.731877144963022, -21.225784873533136 ], [ -159.731764066132996, -21.226058147372378 ], [ -159.731707526717969, -21.226387960626631 ], [ -159.731575601416267, -21.226783736531736 ], [ -159.731377713463701, -21.227829715709515 ], [ -159.731302327577026, -21.228046450133739 ], [ -159.731274057869513, -21.228065296605411 ], [ -159.731226941690352, -21.228244338086292 ], [ -159.731142132567811, -21.228366840152159 ], [ -159.731038476973623, -21.228592997812218 ], [ -159.730972514322787, -21.228885118123127 ], [ -159.730925398143597, -21.228988773717322 ], [ -159.730906551671922, -21.229148968726534 ], [ -159.730859435492732, -21.229252624320726 ], [ -159.730812319313571, -21.229525898159967 ], [ -159.730727510191031, -21.229742632584191 ], [ -159.730633277832681, -21.229902827593399 ], [ -159.730623854596843, -21.230025329659266 ], [ -159.730548468710168, -21.230270333790997 ], [ -159.730473082823465, -21.23085457441282 ], [ -159.730369427229277, -21.231184387667074 ], [ -159.730152692805063, -21.231636702987196 ], [ -159.729964228088335, -21.232117288014823 ], [ -159.729832302786633, -21.232955956004211 ], [ -159.729738070428283, -21.233304615730137 ], [ -159.72966268454158, -21.233464810739349 ], [ -159.729624991598257, -21.233615582512719 ], [ -159.729464796589042, -21.233954819002811 ], [ -159.729361140994854, -21.234284632257065 ], [ -159.729134983334774, -21.234652138454663 ], [ -159.728908825674722, -21.235255225548158 ], [ -159.728852286259723, -21.235528499387396 ], [ -159.72868266801467, -21.235877159113322 ], [ -159.728663821542995, -21.235980814707517 ], [ -159.728531896241293, -21.236320051197609 ], [ -159.728324585052889, -21.23656505532934 ], [ -159.728183236515378, -21.23685717564025 ], [ -159.728089004156999, -21.236970254470279 ], [ -159.728089004156999, -21.237007947413623 ], [ -159.728051311213676, -21.237017370649461 ], [ -159.728051311213676, -21.237073910064474 ], [ -159.727994771798649, -21.237121026243653 ], [ -159.727985348562811, -21.237177565658669 ], [ -159.727957078855297, -21.237177565658669 ], [ -159.727957078855297, -21.237224681837848 ], [ -159.727919385911974, -21.237262374781192 ], [ -159.727909962676137, -21.237347183903715 ], [ -159.727834576789434, -21.237545071856267 ], [ -159.727759190902759, -21.237658150686297 ], [ -159.727702651487732, -21.237865461874684 ], [ -159.727598995893544, -21.238553358090702 ], [ -159.727504763535194, -21.238826631929943 ], [ -159.727372838233492, -21.239033943118329 ], [ -159.727184373516764, -21.239505104910123 ], [ -159.726948792620874, -21.239872611107721 ], [ -159.726760327904145, -21.240089345531945 ], [ -159.72627031964069, -21.240918590285499 ], [ -159.726119547867313, -21.241088208530542 ], [ -159.726081854923962, -21.24116359441723 ], [ -159.726053585216476, -21.241173017653065 ], [ -159.726063008452314, -21.241191864124737 ], [ -159.725987622565611, -21.241229557068081 ], [ -159.725997045801449, -21.241257826775588 ], [ -159.725968776093936, -21.241295519718932 ], [ -159.725865120499748, -21.241370905605617 ], [ -159.725686079018857, -21.241578216794007 ], [ -159.725601269896345, -21.241606486501514 ], [ -159.725582423424669, -21.24163475620902 ], [ -159.725327996057104, -21.241653602680692 ], [ -159.725337419292941, -21.241625332973186 ], [ -159.725309149585428, -21.241597063265679 ], [ -159.725337419292941, -21.241597063265679 ], [ -159.725337419292941, -21.241521677378991 ], [ -159.725318572821266, -21.241521677378991 ], [ -159.725290303113752, -21.241568793558169 ], [ -159.725224340462916, -21.241597063265679 ], [ -159.725196070755402, -21.241681872388202 ], [ -159.725130108104565, -21.241691295624037 ], [ -159.725177224283726, -21.241757258274887 ], [ -159.725252610170429, -21.241757258274887 ], [ -159.725309149585428, -21.241832644161576 ], [ -159.725243186934591, -21.241804374454066 ], [ -159.72520549399124, -21.241813797689904 ], [ -159.725186647519564, -21.241785527982394 ], [ -159.725082991925376, -21.241813797689904 ], [ -159.724960489859512, -21.241983415934946 ], [ -159.724922796916161, -21.241964569463278 ], [ -159.724894527208647, -21.241992839170784 ], [ -159.724875680736972, -21.242077648293307 ], [ -159.724819141321973, -21.242087071529141 ], [ -159.724790871614459, -21.242068225057469 ], [ -159.724781448378621, -21.24216245741583 ], [ -159.724687216020271, -21.242171880651664 ], [ -159.724668369548596, -21.242369768604217 ], [ -159.724640099841082, -21.242407461547561 ], [ -159.724687216020271, -21.242435731255068 ], [ -159.724687216020271, -21.242464000962574 ], [ -159.724668369548596, -21.242464000962574 ], [ -159.724668369548596, -21.242614772735948 ], [ -159.724687216020271, -21.242737274801815 ], [ -159.724724908963623, -21.242774967745159 ], [ -159.724715485727785, -21.242793814216832 ], [ -159.724658946312758, -21.242765544509322 ], [ -159.724611830133568, -21.242774967745159 ], [ -159.724564713954408, -21.242869200103517 ], [ -159.724498751303543, -21.242869200103517 ], [ -159.724489328067705, -21.242916316282695 ], [ -159.724536444246894, -21.242935162754367 ], [ -159.724536444246894, -21.242963432461874 ], [ -159.72450817453938, -21.242972855697712 ], [ -159.724470481596029, -21.243048241584397 ], [ -159.724442211888544, -21.243048241584397 ], [ -159.724442211888544, -21.243085934527741 ], [ -159.724479904831867, -21.243104780999413 ], [ -159.72446105836022, -21.243151897178592 ], [ -159.724479904831867, -21.243227283065277 ], [ -159.724423365416868, -21.243246129536949 ], [ -159.724404518945192, -21.243283822480294 ], [ -159.724347979530165, -21.243274399244459 ], [ -159.724329133058518, -21.243330938659472 ], [ -159.724338556294327, -21.243359208366982 ], [ -159.724451635124382, -21.243368631602817 ], [ -159.724442211888544, -21.243444017489502 ], [ -159.724423365416868, -21.243453440725339 ], [ -159.724366826001841, -21.243396901310323 ], [ -159.72431970982268, -21.243453440725339 ], [ -159.72431970982268, -21.243538249847862 ], [ -159.724347979530165, -21.243585366027041 ], [ -159.724395095709355, -21.243594789262875 ], [ -159.724423365416868, -21.243566519555369 ], [ -159.724489328067705, -21.24363248220622 ], [ -159.724583560426083, -21.243585366027041 ], [ -159.724583560426083, -21.243641905442058 ], [ -159.724724908963623, -21.243613635734548 ], [ -159.724753178671108, -21.243651328677892 ], [ -159.724781448378621, -21.243651328677892 ], [ -159.724809718086135, -21.243594789262875 ], [ -159.725243186934591, -21.243547673083697 ], [ -159.725280879877914, -21.243566519555369 ], [ -159.725582423424669, -21.243547673083697 ], [ -159.725723771962208, -21.243585366027041 ], [ -159.726081854923962, -21.243575942791203 ], [ -159.726157240810664, -21.243594789262875 ], [ -159.72631743581988, -21.243689021621236 ], [ -159.726439937885743, -21.243802100451266 ], [ -159.726769751139983, -21.244160183413026 ], [ -159.7270618714509, -21.244273262243055 ], [ -159.727250336167629, -21.244263839007221 ], [ -159.727438800884329, -21.244320378422238 ], [ -159.727542456478517, -21.244320378422238 ], [ -159.727598995893544, -21.244273262243055 ], [ -159.72757072618603, -21.24419787635637 ], [ -159.727598995893544, -21.244188453120536 ], [ -159.727589572657706, -21.244075374290503 ], [ -159.727608419129382, -21.244009411639652 ], [ -159.727533033242679, -21.243934025752967 ], [ -159.727533033242679, -21.24383979339461 ], [ -159.72757072618603, -21.2438115236871 ], [ -159.727589572657706, -21.243745561036249 ], [ -159.727664958544381, -21.243670175149564 ], [ -159.727721497959408, -21.243670175149564 ], [ -159.727730921195246, -21.243641905442058 ], [ -159.727778037374435, -21.24363248220622 ], [ -159.727815730317758, -21.243585366027041 ], [ -159.727796883846082, -21.243557096319535 ], [ -159.727844000025271, -21.243528826612025 ], [ -159.727881692968623, -21.243462863961174 ], [ -159.727919385911974, -21.243462863961174 ], [ -159.727957078855297, -21.243415747781995 ], [ -159.728192659751187, -21.243293245716131 ], [ -159.728286892109566, -21.243274399244459 ], [ -159.72826804563789, -21.243321515423638 ], [ -159.728183236515378, -21.243368631602817 ], [ -159.728154966807864, -21.243368631602817 ], [ -159.728145543572026, -21.24334036189531 ], [ -159.728107850628675, -21.243406324546161 ], [ -159.727909962676137, -21.243509980140352 ], [ -159.727862846496947, -21.243594789262875 ], [ -159.727749767666921, -21.243689021621236 ], [ -159.727702651487732, -21.243783253979593 ], [ -159.727674381780218, -21.243792677215428 ], [ -159.727683805016056, -21.243849216630444 ], [ -159.727721497959408, -21.243877486337951 ], [ -159.72771207472357, -21.243934025752967 ], [ -159.727749767666921, -21.243971718696312 ], [ -159.727749767666921, -21.244009411639652 ], [ -159.727683805016056, -21.244028258111324 ], [ -159.727664958544381, -21.244065951054669 ], [ -159.72771207472357, -21.244084797526341 ], [ -159.727749767666921, -21.244141336941354 ], [ -159.727730921195246, -21.244179029884698 ], [ -159.727749767666921, -21.244179029884698 ], [ -159.727740344431083, -21.244263839007221 ], [ -159.727768614138597, -21.2443109551864 ], [ -159.727768614138597, -21.244508843138952 ], [ -159.727796883846082, -21.244678461383998 ], [ -159.727844000025271, -21.244725577563177 ], [ -159.727844000025271, -21.244885772572388 ], [ -159.727957078855297, -21.244904619044057 ], [ -159.727957078855297, -21.244942311987401 ], [ -159.727900539440299, -21.244951735223239 ], [ -159.727881692968623, -21.24498942816658 ], [ -159.727881692968623, -21.245102506996613 ], [ -159.727909962676137, -21.245130776704119 ], [ -159.727900539440299, -21.245168469647464 ], [ -159.727928809147784, -21.245215585826642 ], [ -159.72794765561946, -21.245573668788403 ], [ -159.727975925326973, -21.245658477910926 ], [ -159.727975925326973, -21.245790403212627 ], [ -159.727919385911974, -21.245846942627644 ], [ -159.727919385911974, -21.24587521233515 ], [ -159.72794765561946, -21.245922328514329 ], [ -159.728004195034487, -21.245941174986001 ], [ -159.727994771798649, -21.24598829116518 ], [ -159.727938232383622, -21.24598829116518 ], [ -159.727909962676137, -21.246016560872686 ], [ -159.727928809147784, -21.246091946759375 ], [ -159.727957078855297, -21.246101369995209 ], [ -159.727975925326973, -21.246299257947761 ], [ -159.728004195034487, -21.246318104419434 ], [ -159.727985348562811, -21.24637464383445 ], [ -159.728032464742, -21.246478299428645 ], [ -159.728070157685323, -21.246468876192807 ], [ -159.72812669710035, -21.246515992371986 ], [ -159.728239775930376, -21.246817535918733 ], [ -159.728324585052889, -21.246836382390406 ], [ -159.728343431524564, -21.246864652097912 ], [ -159.728428240647105, -21.246836382390406 ], [ -159.728399970939591, -21.246779842975389 ], [ -159.728437663882943, -21.246760996503721 ], [ -159.728626128599643, -21.246770419739555 ], [ -159.728663821542995, -21.246751573267883 ], [ -159.728644975071319, -21.246723303560376 ], [ -159.72868266801467, -21.246704457088704 ], [ -159.728814593316372, -21.246723303560376 ], [ -159.728814593316372, -21.24669503385287 ], [ -159.728871132731371, -21.24669503385287 ], [ -159.728927672146398, -21.246742150032048 ], [ -159.728871132731371, -21.246760996503721 ], [ -159.728880555967208, -21.246789266211227 ], [ -159.728974788325587, -21.246779842975389 ], [ -159.728974788325587, -21.246742150032048 ], [ -159.729021904504748, -21.246760996503721 ], [ -159.729031327740586, -21.246676187381198 ], [ -159.729078443919775, -21.246713880324538 ], [ -159.729087867155613, -21.246676187381198 ], [ -159.729182099513963, -21.246610224730347 ], [ -159.729229215693152, -21.246619647966181 ], [ -159.729200945985639, -21.246676187381198 ], [ -159.729200945985639, -21.246704457088704 ], [ -159.729229215693152, -21.246713880324538 ], [ -159.729219792457314, -21.24673272679621 ], [ -159.729172676278125, -21.246704457088704 ], [ -159.729134983334774, -21.246713880324538 ], [ -159.729163253042287, -21.246808112682899 ], [ -159.729276331872313, -21.246789266211227 ], [ -159.729276331872313, -21.246751573267883 ], [ -159.729304601579827, -21.246742150032048 ], [ -159.729295178343989, -21.24669503385287 ], [ -159.729266908636475, -21.246676187381198 ], [ -159.729276331872313, -21.246619647966181 ], [ -159.729304601579827, -21.246619647966181 ], [ -159.729323448051503, -21.246713880324538 ], [ -159.729389410702339, -21.246723303560376 ], [ -159.729389410702339, -21.246704457088704 ], [ -159.729408257174015, -21.246704457088704 ], [ -159.729398833938177, -21.246723303560376 ], [ -159.729417680409853, -21.246723303560376 ], [ -159.72947421982488, -21.246704457088704 ], [ -159.729483643060718, -21.24673272679621 ], [ -159.729540182475716, -21.246723303560376 ], [ -159.729606145126581, -21.246826959154571 ], [ -159.729596721890744, -21.246864652097912 ], [ -159.729559028947392, -21.24687407533375 ], [ -159.72956845218323, -21.246921191512929 ], [ -159.729530759239879, -21.246921191512929 ], [ -159.729530759239879, -21.246892921805422 ], [ -159.72947421982488, -21.246892921805422 ], [ -159.729389410702339, -21.246930614748763 ], [ -159.729389410702339, -21.246958884456273 ], [ -159.729351717759016, -21.246977730927945 ], [ -159.72923863892899, -21.246987154163779 ], [ -159.729229215693152, -21.246968307692107 ], [ -159.729200945985639, -21.246987154163779 ], [ -159.729200945985639, -21.247024847107124 ], [ -159.729134983334774, -21.247043693578796 ], [ -159.729069020683937, -21.247109656229647 ], [ -159.729050174212261, -21.247251004767183 ], [ -159.729087867155613, -21.247298120946361 ], [ -159.729050174212261, -21.247316967418033 ], [ -159.729059597448099, -21.247477162427241 ], [ -159.729087867155613, -21.247486585663079 ], [ -159.729116136863126, -21.247439469483901 ], [ -159.729116136863126, -21.247335813889705 ], [ -159.729153829806449, -21.247279274474689 ], [ -159.729163253042287, -21.247147349172987 ], [ -159.729200945985639, -21.247071963286302 ], [ -159.729295178343989, -21.247006000635452 ], [ -159.729521336004041, -21.247006000635452 ], [ -159.729559028947392, -21.247100232993809 ], [ -159.72966268454158, -21.247185042116332 ], [ -159.72966268454158, -21.247288697710527 ], [ -159.729728647192445, -21.247364083597212 ], [ -159.729719223956607, -21.247524278606424 ], [ -159.729766340135797, -21.247590241257274 ], [ -159.729766340135797, -21.247627934200615 ], [ -159.72980403307912, -21.247656203908125 ], [ -159.729822879550795, -21.247769282738155 ], [ -159.729935958380821, -21.247759859502317 ], [ -159.729973651324173, -21.247778705973989 ], [ -159.729973651324173, -21.247797552445661 ], [ -159.729860572494147, -21.247835245389005 ], [ -159.729860572494147, -21.247891784804018 ], [ -159.729917111909145, -21.247967170690707 ], [ -159.729917111909145, -21.24805197981323 ], [ -159.729766340135797, -21.248089672756574 ], [ -159.729756916899959, -21.248146212171587 ], [ -159.72980403307912, -21.248165058643259 ], [ -159.729964228088335, -21.248146212171587 ], [ -159.730011344267524, -21.248165058643259 ], [ -159.729992497795848, -21.248212174822438 ], [ -159.730020767503362, -21.248240444529944 ], [ -159.730001921031686, -21.248494871897513 ], [ -159.729907688673336, -21.24852314160502 ], [ -159.729879418965822, -21.248589104255871 ], [ -159.72988884220166, -21.248796415444261 ], [ -159.729907688673336, -21.248843531623439 ], [ -159.729964228088335, -21.248871801330946 ], [ -159.729945381616659, -21.248918917510128 ], [ -159.729954804852497, -21.249069689283502 ], [ -159.729935958380821, -21.24908853575517 ], [ -159.729954804852497, -21.24908853575517 ], [ -159.72998307456001, -21.249220461056872 ], [ -159.729851149258309, -21.249258154000216 ], [ -159.729851149258309, -21.24955027431113 ], [ -159.729794609843282, -21.249559697546964 ], [ -159.729822879550795, -21.24958796725447 ], [ -159.729917111909145, -21.24958796725447 ], [ -159.729907688673336, -21.249738739027844 ], [ -159.729926535144983, -21.249795278442861 ], [ -159.729766340135797, -21.249795278442861 ], [ -159.729709800720769, -21.249842394622039 ], [ -159.729738070428283, -21.250040282574592 ], [ -159.729869995729985, -21.250059129046264 ], [ -159.729860572494147, -21.25011566846128 ], [ -159.729917111909145, -21.250181631112131 ], [ -159.729794609843282, -21.250191054347965 ], [ -159.729709800720769, -21.250162784640459 ], [ -159.729719223956607, -21.250191054347965 ], [ -159.729690954249094, -21.2502004775838 ], [ -159.729700377484932, -21.250238170527144 ], [ -159.729672107777418, -21.250313556413833 ], [ -159.729690954249094, -21.250360672593011 ], [ -159.729653261305742, -21.250379519064683 ], [ -159.729672107777418, -21.250417212008024 ], [ -159.729653261305742, -21.250539714073891 ], [ -159.729690954249094, -21.250605676724742 ], [ -159.729709800720769, -21.250775294969788 ], [ -159.729690954249094, -21.250841257620639 ], [ -159.729709800720769, -21.250841257620639 ], [ -159.729709800720769, -21.250860104092311 ], [ -159.729672107777418, -21.250869527328145 ], [ -159.729681531013256, -21.250878950563983 ], [ -159.729672107777418, -21.250935489978996 ], [ -159.729643838069933, -21.250935489978996 ], [ -159.729643838069933, -21.250982606158175 ], [ -159.729615568362419, -21.250992029394013 ], [ -159.729653261305742, -21.251020299101519 ], [ -159.729615568362419, -21.251057992044863 ], [ -159.729624991598257, -21.251105108224042 ], [ -159.729587298654906, -21.251095684988204 ], [ -159.729577875419068, -21.251114531459876 ], [ -159.729577875419068, -21.251246456761578 ], [ -159.729606145126581, -21.25126530323325 ], [ -159.729587298654906, -21.25137838206328 ], [ -159.729606145126581, -21.251510307364985 ], [ -159.72956845218323, -21.251463191185803 ], [ -159.729549605711554, -21.251566846779998 ], [ -159.729577875419068, -21.251604539723342 ], [ -159.729559028947392, -21.251595116487504 ], [ -159.729549605711554, -21.251632809430848 ], [ -159.72966268454158, -21.251632809430848 ], [ -159.729606145126581, -21.251689348845865 ] ], [ [ -159.729606145126581, -21.251689348845865 ], [ -159.729624991598257, -21.251689348845865 ], [ -159.729615568362419, -21.251717618553371 ], [ -159.729653261305742, -21.251708195317537 ], [ -159.729653261305742, -21.25176473473255 ], [ -159.729690954249094, -21.251783581204222 ], [ -159.729690954249094, -21.251811850911729 ], [ -159.72966268454158, -21.251821274147566 ], [ -159.729624991598257, -21.251783581204222 ], [ -159.729587298654906, -21.251793004440056 ], [ -159.729540182475716, -21.251924929741762 ], [ -159.729483643060718, -21.251924929741762 ], [ -159.729464796589042, -21.251981469156775 ], [ -159.729493066296556, -21.252038008571791 ], [ -159.72947421982488, -21.252038008571791 ], [ -159.72947421982488, -21.252094547986804 ], [ -159.729436526881528, -21.252094547986804 ], [ -159.729436526881528, -21.252160510637655 ], [ -159.729417680409853, -21.252160510637655 ], [ -159.729436526881528, -21.252028585335953 ], [ -159.729389410702339, -21.252019162100119 ], [ -159.729351717759016, -21.252056855043463 ], [ -159.729398833938177, -21.252094547986804 ], [ -159.729323448051503, -21.252103971222642 ], [ -159.729257485400638, -21.252188780345165 ], [ -159.729257485400638, -21.252226473288506 ], [ -159.729210369221477, -21.252235896524343 ], [ -159.729191522749801, -21.252283012703522 ], [ -159.729106713627289, -21.252358398590207 ], [ -159.729087867155613, -21.252424361241058 ], [ -159.729040750976424, -21.25247147742024 ], [ -159.72901248126891, -21.252462054184402 ], [ -159.728955941853911, -21.252528016835253 ], [ -159.728984211561425, -21.252546863306925 ], [ -159.728937095382236, -21.252641095665282 ], [ -159.72891824891056, -21.252631672429448 ], [ -159.728871132731371, -21.252697635080299 ], [ -159.728871132731371, -21.252782444202822 ], [ -159.728767477137183, -21.252848406853673 ], [ -159.728758053901345, -21.252886099797017 ], [ -159.728701514486346, -21.252933215976196 ], [ -159.728692091250508, -21.253008601862881 ], [ -159.728644975071319, -21.253046294806225 ], [ -159.728635551835481, -21.253225336287105 ], [ -159.728531896241293, -21.253366684824645 ], [ -159.728503626533779, -21.253498610126346 ], [ -159.728475356826266, -21.253884962795613 ], [ -159.72845651035459, -21.254808439907528 ], [ -159.728513049769617, -21.255081713746765 ], [ -159.728635551835481, -21.255383257293513 ], [ -159.728871132731371, -21.255675377604426 ], [ -159.729116136863126, -21.255873265556978 ], [ -159.729408257174015, -21.256061730273693 ], [ -159.729879418965822, -21.256250194990411 ], [ -159.730275194870927, -21.256570585008831 ], [ -159.730623854596843, -21.256900398263085 ], [ -159.730661547540194, -21.256966360913935 ], [ -159.730991360794434, -21.257296174168189 ], [ -159.731434252878728, -21.257880414790012 ], [ -159.731490792293755, -21.258012340091714 ], [ -159.731632140831294, -21.258229074515938 ], [ -159.731735796425482, -21.258464655411835 ], [ -159.731726373189645, -21.258483501883504 ], [ -159.731820605547995, -21.258709659543566 ], [ -159.731820605547995, -21.258766198958579 ], [ -159.732046763208047, -21.259388132523746 ], [ -159.732291767339802, -21.260302186399823 ], [ -159.732461385584827, -21.260820464370795 ], [ -159.732555617943206, -21.261376435285108 ], [ -159.732649850301556, -21.261734518246872 ], [ -159.732791198839095, -21.262102024444467 ], [ -159.73295139384831, -21.262328182104529 ], [ -159.733865447724384, -21.263204543037261 ], [ -159.733987949790247, -21.263355314810635 ], [ -159.734402572167028, -21.263685128064889 ], [ -159.734591036883728, -21.263864169545769 ], [ -159.734675846006269, -21.263977248375802 ], [ -159.734732385421268, -21.264014941319143 ], [ -159.734845464251293, -21.264231675743368 ], [ -159.734902003666321, -21.264288215158384 ], [ -159.735033928968022, -21.264335331337563 ], [ -159.735326049278939, -21.264288215158384 ], [ -159.735316626043101, -21.264316484865891 ], [ -159.735335472514777, -21.264325908101728 ], [ -159.73527893309975, -21.264391870752579 ], [ -159.735260086628074, -21.264523796054281 ], [ -159.735392011929775, -21.264797069893518 ], [ -159.735429704873127, -21.265249385213639 ], [ -159.735410858401451, -21.265362464043669 ], [ -159.735392011929775, -21.265371887279507 ], [ -159.735401435165613, -21.265541505524549 ], [ -159.7353731654581, -21.265560351996221 ], [ -159.735354318986452, -21.265682854062089 ], [ -159.735335472514777, -21.266040937023849 ], [ -159.735316626043101, -21.266097476438865 ], [ -159.735250663392236, -21.266116322910538 ], [ -159.735288356335587, -21.266154015853878 ], [ -159.735288356335587, -21.266191708797223 ], [ -159.735260086628074, -21.266201132033061 ], [ -159.73527893309975, -21.266248248212239 ], [ -159.735260086628074, -21.266295364391418 ], [ -159.735297779571425, -21.266267094683911 ], [ -159.735335472514777, -21.26628594115558 ], [ -159.735439128108965, -21.266427289693119 ], [ -159.735627592825665, -21.266578061466493 ], [ -159.735684132240692, -21.266691140296523 ], [ -159.735712401948206, -21.266681717060688 ], [ -159.735891443429068, -21.26681364236239 ], [ -159.736042215202446, -21.266964414135764 ], [ -159.736070484909959, -21.267058646494121 ], [ -159.736258949626688, -21.267199995031657 ], [ -159.736306065805849, -21.267331920333358 ], [ -159.736306065805849, -21.267360190040868 ], [ -159.736287219334201, -21.267360190040868 ], [ -159.736296642570011, -21.267416729455881 ], [ -159.73624952639085, -21.267520385050076 ], [ -159.736221256683336, -21.267529808285914 ], [ -159.736230679919174, -21.267510961814242 ], [ -159.736211833447499, -21.267510961814242 ], [ -159.736174140504147, -21.267539231521749 ], [ -159.736164717268309, -21.267595770936765 ], [ -159.736183563739985, -21.267605194172599 ], [ -159.7361552940325, -21.267661733587616 ], [ -159.736192986975823, -21.26767115682345 ], [ -159.736202410211661, -21.267699426530957 ], [ -159.736230679919174, -21.267633463880106 ], [ -159.736268372862526, -21.267642887115944 ], [ -159.736324912277524, -21.267605194172599 ], [ -159.736306065805849, -21.267652310351778 ], [ -159.736334335513362, -21.267661733587616 ], [ -159.736277796098364, -21.267708849766795 ], [ -159.736306065805849, -21.267755965945973 ], [ -159.736362605220876, -21.267755965945973 ], [ -159.736381451692552, -21.267699426530957 ], [ -159.736400298164227, -21.267699426530957 ], [ -159.73643799110755, -21.267727696238467 ], [ -159.73643799110755, -21.26778423565348 ], [ -159.736456837579226, -21.26778423565348 ], [ -159.736466260815064, -21.267737119474301 ], [ -159.736551069937605, -21.267765389181807 ], [ -159.736918576135196, -21.268019816549376 ], [ -159.738567642406451, -21.268915023953781 ], [ -159.739038804198259, -21.269216567500528 ], [ -159.739745546885928, -21.269546380754782 ], [ -159.740405173394464, -21.269800808122351 ], [ -159.741074223138781, -21.270149467848277 ], [ -159.741413459628887, -21.270271969914141 ], [ -159.741630194053101, -21.270385048744174 ], [ -159.741696156703966, -21.270385048744174 ], [ -159.741809235533992, -21.270460434630859 ], [ -159.741846928477344, -21.270451011395025 ], [ -159.741846928477344, -21.270469857866694 ], [ -159.741978853779045, -21.270488704338366 ], [ -159.741922314364018, -21.270460434630859 ], [ -159.74196000730737, -21.270451011395025 ], [ -159.742110779080747, -21.270516974045876 ], [ -159.742082509373233, -21.27052639728171 ], [ -159.742101355844909, -21.270545243753382 ], [ -159.74214847202407, -21.27052639728171 ], [ -159.742139048788232, -21.270554666989216 ], [ -159.742205011439097, -21.270582936696727 ], [ -159.742233281146611, -21.270582936696727 ], [ -159.742214434674935, -21.270554666989216 ], [ -159.742308667033285, -21.270564090225054 ], [ -159.742346359976636, -21.270620629640067 ], [ -159.742450015570824, -21.270677169055084 ], [ -159.742685596466714, -21.270724285234262 ], [ -159.742657326759229, -21.270743131705935 ], [ -159.742836368240091, -21.270809094356785 ], [ -159.742883484419281, -21.270809094356785 ], [ -159.742864637947605, -21.270790247885113 ], [ -159.742921177362632, -21.270799671120951 ], [ -159.743232144145196, -21.270941019658487 ], [ -159.743627920050301, -21.271072944960189 ], [ -159.744221583907972, -21.271327372327757 ], [ -159.744626783048915, -21.271459297629459 ], [ -159.744749285114779, -21.27152526028031 ], [ -159.744994289246506, -21.271600646166995 ], [ -159.745126214548208, -21.271610069402833 ], [ -159.746077961367632, -21.271826803827057 ], [ -159.746803550526977, -21.271921036185415 ], [ -159.747142787017083, -21.272043538251282 ], [ -159.747340674969621, -21.272052961487116 ], [ -159.747472600271323, -21.272034115015444 ], [ -159.747472600271323, -21.272052961487116 ], [ -159.747510293214674, -21.272043538251282 ], [ -159.748122803543993, -21.272175463552983 ], [ -159.748480886505774, -21.272194310024656 ], [ -159.749112243306769, -21.272326235326357 ], [ -159.749649367749413, -21.272373351505536 ], [ -159.750007450711166, -21.272439314156387 ], [ -159.750299571022083, -21.27252412327891 ], [ -159.750535151917973, -21.272618355637267 ], [ -159.750827272228889, -21.272778550646475 ], [ -159.750968620766429, -21.272816243589819 ], [ -159.75110054606813, -21.272816243589819 ], [ -159.751402089614885, -21.272674895052283 ], [ -159.751675363454126, -21.272665471816445 ], [ -159.752759035575224, -21.272759704174803 ], [ -159.753286736782059, -21.272759704174803 ], [ -159.754012325941403, -21.272722011231462 ], [ -159.754181944186456, -21.272750280938968 ], [ -159.754747338336614, -21.272759704174803 ], [ -159.755416388080931, -21.272835090061491 ], [ -159.75584043369355, -21.272853936533163 ], [ -159.756321018721195, -21.272797397118147 ], [ -159.757612002030697, -21.272477007099727 ], [ -159.757791043511588, -21.272467583863893 ], [ -159.758130280001666, -21.272392197977208 ], [ -159.758441246784258, -21.272354505033864 ], [ -159.758893562104362, -21.272335658562191 ], [ -159.759110296528604, -21.272279119147175 ], [ -159.759327030952818, -21.272279119147175 ], [ -159.759619151263735, -21.272335658562191 ], [ -159.759647420971248, -21.272373351505536 ], [ -159.759685113914571, -21.272354505033864 ], [ -159.759694537150409, -21.27238277474137 ], [ -159.759977234225488, -21.272392197977208 ], [ -159.760278777772243, -21.272232002967996 ], [ -159.760683976913185, -21.272194310024656 ], [ -159.760966673988264, -21.272109500902133 ], [ -159.761183408412478, -21.272005845307937 ], [ -159.761456682251719, -21.271921036185415 ], [ -159.762201117882739, -21.271600646166995 ], [ -159.762455545250305, -21.27152526028031 ], [ -159.762568624080359, -21.271468720865293 ], [ -159.762728819089546, -21.271336795563592 ], [ -159.762954976749626, -21.271214293497728 ], [ -159.763086902051327, -21.271101214667695 ], [ -159.763407292069729, -21.270931596422653 ], [ -159.763539217371431, -21.270771401413441 ], [ -159.763944416512373, -21.270451011395025 ], [ -159.764519233898369, -21.270130621376605 ], [ -159.76479250773761, -21.270008119310738 ], [ -159.764962125982663, -21.269885617244874 ], [ -159.765291939236903, -21.269725422235663 ], [ -159.765395594831091, -21.26964061311314 ], [ -159.76558405954782, -21.269555803990617 ], [ -159.765885603094574, -21.269320223094724 ], [ -159.766319071943002, -21.269094065434661 ], [ -159.766686578140622, -21.26884906130293 ], [ -159.76697869845151, -21.268707712765394 ], [ -159.767883329091774, -21.268010393313542 ], [ -159.768213142346013, -21.267831351832658 ], [ -159.768392183826904, -21.267699426530957 ], [ -159.76859949501528, -21.267605194172599 ], [ -159.769381623589652, -21.267341343569196 ], [ -159.769664320664731, -21.26731307386169 ], [ -159.770012980390675, -21.267190571795823 ], [ -159.770399333059942, -21.2671057626733 ], [ -159.770804532200884, -21.267058646494121 ], [ -159.771332233407691, -21.267086916201627 ], [ -159.771511274888553, -21.26717172532415 ], [ -159.77156781430358, -21.26717172532415 ], [ -159.771577237539418, -21.267134032380806 ], [ -159.771633776954417, -21.267152878852478 ], [ -159.771633776954417, -21.267134032380806 ], [ -159.77170916284112, -21.267096339437465 ], [ -159.772180324632899, -21.26699268384327 ], [ -159.772764565254732, -21.266728833239867 ], [ -159.773867083847534, -21.266483829108136 ], [ -159.774583249771041, -21.266248248212239 ], [ -159.775016718619497, -21.266163439089716 ], [ -159.775261722751225, -21.266163439089716 ], [ -159.775469033939601, -21.266219978504729 ], [ -159.775657498656329, -21.266229401740567 ], [ -159.775657498656329, -21.266248248212239 ], [ -159.775742307778842, -21.266276517919746 ], [ -159.775968465438922, -21.266295364391418 ], [ -159.776279432221486, -21.266191708797223 ], [ -159.776731747541618, -21.266088053203028 ], [ -159.777363104342612, -21.266088053203028 ], [ -159.777476183172638, -21.266059783495521 ], [ -159.777504452880152, -21.266088053203028 ], [ -159.777551569059341, -21.266088053203028 ], [ -159.777617531710177, -21.266154015853878 ], [ -159.777645801417691, -21.266144592618044 ], [ -159.777645801417691, -21.266163439089716 ], [ -159.777777726719393, -21.266154015853878 ], [ -159.777768303483555, -21.26613516938221 ], [ -159.777805996426906, -21.266144592618044 ], [ -159.777815419662744, -21.266116322910538 ], [ -159.777900228785256, -21.266125746146372 ], [ -159.777985037907797, -21.266219978504729 ], [ -159.778116963209499, -21.26628594115558 ], [ -159.778446776463738, -21.266248248212239 ], [ -159.778767166482169, -21.26628594115558 ], [ -159.778851975604681, -21.266323634098924 ], [ -159.778983900906383, -21.266342480570597 ], [ -159.779370253575649, -21.266342480570597 ], [ -159.779813145659944, -21.266276517919746 ], [ -159.780076996263347, -21.266201132033061 ], [ -159.780312577159236, -21.266182285561388 ], [ -159.780651813649314, -21.266078629967193 ], [ -159.780906241016908, -21.266031513788015 ], [ -159.781330286629498, -21.265833625835462 ], [ -159.781556444289578, -21.265777086420446 ], [ -159.781669523119604, -21.265720547005429 ], [ -159.781857987836304, -21.265682854062089 ], [ -159.783026469079971, -21.265588621703728 ], [ -159.783214933796671, -21.2656074681754 ], [ -159.783431668220913, -21.2656074681754 ], [ -159.7835918632301, -21.265579198467893 ], [ -159.783978215899367, -21.265598044939566 ], [ -159.784732074766254, -21.265494389345371 ], [ -159.78503361831298, -21.265484966109536 ], [ -159.786013634839918, -21.265334194336162 ], [ -159.786710954291777, -21.265324771100325 ], [ -159.786908842244316, -21.265343617571997 ], [ -159.787464813158635, -21.265145729619444 ], [ -159.787606161696175, -21.265117459911938 ], [ -159.788491945864735, -21.265004381081908 ], [ -159.789179842080756, -21.264966688138564 ], [ -159.789754659466752, -21.264863032544369 ], [ -159.790027933305993, -21.264853609308535 ], [ -159.791563920747222, -21.264523796054281 ], [ -159.791865464293977, -21.264495526346771 ], [ -159.792185854312407, -21.264420140460086 ], [ -159.79259105345335, -21.264373024280907 ], [ -159.793203563782669, -21.26425052221504 ], [ -159.793787804404502, -21.264212829271695 ], [ -159.794193003545416, -21.264099750441666 ], [ -159.794824360346439, -21.263817053366591 ], [ -159.79519186654403, -21.263779360423246 ], [ -159.795257829194867, -21.263732244244068 ], [ -159.795408600968244, -21.263543779527353 ], [ -159.795644181864162, -21.263355314810635 ], [ -159.795785530401673, -21.263185696565589 ], [ -159.795879762760052, -21.263148003622245 ], [ -159.795936302175051, -21.263091464207232 ], [ -159.795973995118402, -21.263100887443066 ], [ -159.796087073948428, -21.263034924792215 ], [ -159.796803239871963, -21.26278049742465 ], [ -159.797359210786283, -21.262488377113737 ], [ -159.797811526106386, -21.262290489161185 ], [ -159.798358073784868, -21.262158563859483 ], [ -159.798829235576676, -21.261517783822647 ], [ -159.799008277057538, -21.261367012049273 ], [ -159.799290974132617, -21.261197393804228 ], [ -159.799573671207696, -21.261093738210032 ], [ -159.799611364151048, -21.261046622030854 ], [ -159.799715019745236, -21.261018352323347 ], [ -159.79979040563191, -21.260961812908331 ], [ -159.799846945046937, -21.260961812908331 ], [ -159.799960023876963, -21.260914696729152 ], [ -159.80001656329199, -21.260867580549974 ], [ -159.800327530074554, -21.260792194663285 ], [ -159.801071965705603, -21.260443534937359 ], [ -159.801580820440734, -21.260236223748972 ], [ -159.801938903402487, -21.260151414626449 ], [ -159.802240446949241, -21.260047759032254 ], [ -159.802626799618508, -21.259991219617241 ], [ -159.802768148156048, -21.259944103438059 ], [ -159.803013152287775, -21.259821601372195 ], [ -159.803390081721204, -21.259586020476299 ], [ -159.803682202032121, -21.259472941646269 ], [ -159.804341828540629, -21.259133705156177 ], [ -159.804662218559059, -21.259011203090314 ], [ -159.805133380350838, -21.258898124260281 ], [ -159.805642235085969, -21.25883216160943 ], [ -159.806179359528613, -21.2587190827794 ], [ -159.807178222527227, -21.25865312012855 ], [ -159.807338417536442, -21.258624850421043 ], [ -159.807517459017305, -21.258549464534354 ], [ -159.807573998432332, -21.258455232175997 ], [ -159.807639961083169, -21.258408115996819 ], [ -159.808139392582461, -21.2582196512801 ], [ -159.808761326147646, -21.258050033035058 ], [ -159.809505761778667, -21.257927530969191 ], [ -159.809684803259557, -21.257842721846668 ], [ -159.809901537683771, -21.257776759195817 ], [ -159.8102784671172, -21.257795605667489 ], [ -159.810768475380684, -21.25768252683746 ], [ -159.811409255417516, -21.257597717714937 ], [ -159.811720222200108, -21.257588294479099 ], [ -159.811974649567674, -21.257616564186609 ], [ -159.812106574869375, -21.257607140950771 ], [ -159.812577736661154, -21.257673103601622 ], [ -159.813567176423931, -21.257729643016638 ], [ -159.813736794668955, -21.257795605667489 ], [ -159.813727371433117, -21.257889838025847 ], [ -159.813765064376469, -21.257889838025847 ], [ -159.813765064376469, -21.257786182431651 ], [ -159.813793334083982, -21.257786182431651 ], [ -159.813793334083982, -21.257889838025847 ], [ -159.813812180555658, -21.257899261261684 ], [ -159.813840450263172, -21.257889838025847 ], [ -159.81380275731982, -21.257710796544966 ], [ -159.813812180555658, -21.257607140950771 ], [ -159.814000645272358, -21.257512908592414 ], [ -159.814170263517411, -21.257522331828248 ], [ -159.814179686753249, -21.257560024771593 ], [ -159.814255072639924, -21.257607140950771 ], [ -159.814603732365867, -21.257588294479099 ], [ -159.814726234431731, -21.257597717714937 ], [ -159.814867582969271, -21.25765425712995 ], [ -159.815112587100998, -21.257663680365788 ], [ -159.815310475053536, -21.257597717714937 ], [ -159.815348167996888, -21.257560024771593 ], [ -159.815517786241941, -21.257550601535758 ], [ -159.81598894803372, -21.257456369177397 ], [ -159.816102026863774, -21.257409252998219 ], [ -159.816252798637123, -21.257277327696517 ], [ -159.8164035704105, -21.25718309533816 ], [ -159.817374163701601, -21.256711933546367 ], [ -159.817685130484193, -21.256580008244665 ], [ -159.817986674030919, -21.256514045593814 ], [ -159.818052636681784, -21.256466929414636 ], [ -159.818476682294403, -21.25629731116959 ], [ -159.818486105530241, -21.256269041462083 ], [ -159.818542644945239, -21.256269041462083 ], [ -159.818618030831942, -21.256212502047067 ], [ -159.818608607596104, -21.256193655575395 ], [ -159.818655723775265, -21.256146539396216 ], [ -159.818683993482779, -21.256061730273693 ], [ -159.818825342020318, -21.255967497915336 ], [ -159.819089192623721, -21.255647107896916 ], [ -159.81970170295304, -21.254996904624242 ], [ -159.820012669735632, -21.254582282247465 ], [ -159.820333059754063, -21.25394150221063 ], [ -159.820634603300789, -21.253451493947168 ], [ -159.82071941242333, -21.253234759522943 ], [ -159.820992686262571, -21.252886099797017 ], [ -159.821030379205894, -21.252744751259478 ], [ -159.821105765092597, -21.252593979486104 ], [ -159.821539233941053, -21.252009738864281 ], [ -159.821869047195293, -21.251623386195014 ], [ -159.821953856317805, -21.251482037657475 ], [ -159.822038665440346, -21.251425498242462 ], [ -159.822142321034534, -21.251152224403221 ], [ -159.822236553392884, -21.25108626175237 ], [ -159.822302516043749, -21.250935489978996 ], [ -159.822443864581288, -21.250756448498116 ], [ -159.822538096939638, -21.250549137309726 ], [ -159.822726561656367, -21.250238170527144 ], [ -159.822849063722231, -21.25008739875377 ], [ -159.822999835495608, -21.249719892556172 ], [ -159.823141184033148, -21.24952200460362 ], [ -159.823216569919822, -21.249371232830246 ], [ -159.823263686099011, -21.249333539886905 ], [ -159.823282532570659, -21.249258154000216 ], [ -159.823301379042334, -21.249258154000216 ], [ -159.823452150815712, -21.248871801330946 ] ], [ [ -159.736127024324986, -21.26717172532415 ], [ -159.736127024324986, -21.267134032380806 ], [ -159.736070484909959, -21.267124609144972 ], [ -159.736032791966608, -21.267086916201627 ], [ -159.736051638438283, -21.267134032380806 ], [ -159.736079908145797, -21.267134032380806 ], [ -159.736117601089148, -21.267152878852478 ], [ -159.736117601089148, -21.26717172532415 ], [ -159.736127024324986, -21.26717172532415 ] ], [ [ -159.736127024324986, -21.26717172532415 ], [ -159.736183563739985, -21.267275380918345 ], [ -159.736211833447499, -21.267265957682508 ], [ -159.736164717268309, -21.267190571795823 ], [ -159.736127024324986, -21.26717172532415 ] ], [ [ -159.730529622238492, -21.263016078320543 ], [ -159.730473082823465, -21.263044348028053 ], [ -159.730482506059303, -21.263110310678904 ], [ -159.730407120172629, -21.263100887443066 ], [ -159.73044481311598, -21.263138580386411 ], [ -159.73044481311598, -21.263185696565589 ], [ -159.730369427229277, -21.263232812744768 ], [ -159.730341157521764, -21.263345891574801 ], [ -159.730294041342603, -21.263345891574801 ], [ -159.730237501927576, -21.263411854225652 ], [ -159.730228078691738, -21.263477816876502 ], [ -159.730190385748386, -21.263506086584009 ], [ -159.7302186554559, -21.263543779527353 ], [ -159.730171539276739, -21.263543779527353 ], [ -159.730133846333388, -21.263609742178204 ], [ -159.730133846333388, -21.263703974536561 ], [ -159.730162116040901, -21.263732244244068 ], [ -159.730143269569226, -21.26375109071574 ], [ -159.730152692805063, -21.263798206894919 ], [ -159.730114999861712, -21.263817053366591 ], [ -159.730114999861712, -21.263873592781607 ], [ -159.730180962512549, -21.263873592781607 ], [ -159.730133846333388, -21.263939555432458 ], [ -159.730162116040901, -21.263996094847471 ], [ -159.730133846333388, -21.264024364554981 ], [ -159.730133846333388, -21.264080903969994 ], [ -159.730152692805063, -21.264090327205832 ], [ -159.730133846333388, -21.264128020149172 ], [ -159.730190385748386, -21.264128020149172 ], [ -159.730228078691738, -21.264165713092517 ], [ -159.730228078691738, -21.264203406035861 ], [ -159.730284618106765, -21.264193982800023 ], [ -159.730275194870927, -21.264222252507533 ], [ -159.730416543408467, -21.264231675743368 ], [ -159.730397696936791, -21.264184559564189 ], [ -159.730463659587627, -21.264184559564189 ], [ -159.730482506059303, -21.264212829271695 ], [ -159.73053904547433, -21.264146866620845 ], [ -159.730623854596843, -21.264128020149172 ], [ -159.730633277832681, -21.264090327205832 ], [ -159.730915974907759, -21.264033787790815 ], [ -159.731000784030272, -21.263977248375802 ], [ -159.731047900209461, -21.263901862489114 ], [ -159.73109501638865, -21.263883016017441 ], [ -159.731113862860298, -21.263826476602429 ], [ -159.731198671982838, -21.263788783659084 ], [ -159.73133059728454, -21.26343070069732 ], [ -159.731321174048702, -21.26327992892395 ], [ -159.731377713463701, -21.263232812744768 ], [ -159.731377713463701, -21.263176273329755 ], [ -159.731471945822079, -21.263063194499725 ], [ -159.731490792293755, -21.262987808613037 ], [ -159.731528485237078, -21.262968962141365 ], [ -159.731509638765402, -21.262940692433858 ], [ -159.731547331708754, -21.262921845962186 ], [ -159.731547331708754, -21.262855883311335 ], [ -159.731575601416267, -21.262827613603829 ], [ -159.731566178180429, -21.262761650952978 ], [ -159.731528485237078, -21.262723958009634 ], [ -159.731537908472916, -21.262610879179604 ], [ -159.731509638765402, -21.262601455943766 ], [ -159.73151906200124, -21.262610879179604 ], [ -159.731509638765402, -21.262629725651276 ], [ -159.731490792293755, -21.262563763000426 ], [ -159.731462522586241, -21.262554339764588 ], [ -159.731340020520378, -21.262582609472098 ], [ -159.731226941690352, -21.262695688302127 ], [ -159.731226941690352, -21.262761650952978 ], [ -159.731113862860298, -21.262827613603829 ], [ -159.731047900209461, -21.262902999490514 ], [ -159.731047900209461, -21.262940692433858 ], [ -159.730934821379435, -21.262978385377203 ], [ -159.730925398143597, -21.263006655084709 ], [ -159.730840589021085, -21.263016078320543 ], [ -159.730831165785247, -21.263034924792215 ], [ -159.730746356662706, -21.263016078320543 ], [ -159.730736933426869, -21.263044348028053 ], [ -159.730605008125167, -21.263034924792215 ], [ -159.730576738417682, -21.263063194499725 ], [ -159.730548468710168, -21.263034924792215 ], [ -159.730529622238492, -21.263044348028053 ], [ -159.730529622238492, -21.263016078320543 ] ], [ [ -159.729606145126581, -21.251689348845865 ], [ -159.729559028947392, -21.251661079138355 ], [ -159.729549605711554, -21.251698772081699 ], [ -159.729596721890744, -21.251727041789206 ], [ -159.729606145126581, -21.251689348845865 ] ], [ [ -159.823593499353251, -21.207663991020816 ], [ -159.823565229645737, -21.207739376907501 ], [ -159.823602922589089, -21.20781476279419 ], [ -159.823725424654953, -21.207861878973368 ], [ -159.823800810541655, -21.20785245573753 ], [ -159.823819657013303, -21.207899571916712 ], [ -159.823857349956654, -21.207890148680875 ], [ -159.823847926720816, -21.207824186030024 ], [ -159.823810233777465, -21.207843032501696 ], [ -159.823800810541655, -21.207767646615011 ], [ -159.823687731711601, -21.207682837492488 ], [ -159.823593499353251, -21.207663991020816 ] ], [ [ -159.785156120378872, -21.202443518367758 ], [ -159.785109004199683, -21.202481211311103 ], [ -159.785109004199683, -21.202509481018609 ], [ -159.785174966850519, -21.20257544366946 ], [ -159.785165543614681, -21.202613136612804 ], [ -159.785127850671358, -21.202631983084476 ], [ -159.785127850671358, -21.202669676027821 ], [ -159.785109004199683, -21.202669676027821 ], [ -159.785127850671358, -21.202707368971161 ], [ -159.785156120378872, -21.202707368971161 ], [ -159.785165543614681, -21.202641406320311 ], [ -159.785222083029709, -21.202622559848642 ], [ -159.785222083029709, -21.202566020433625 ], [ -159.785240929501384, -21.202566020433625 ], [ -159.785240929501384, -21.202528327490281 ], [ -159.785193813322195, -21.202500057782775 ], [ -159.785240929501384, -21.202452941603596 ], [ -159.785174966850519, -21.202377555716907 ], [ -159.785156120378872, -21.202386978952745 ], [ -159.785156120378872, -21.202443518367758 ] ], [ [ -159.78502419507717, -21.202848717508701 ], [ -159.785005348605495, -21.202942949867058 ], [ -159.78503361831298, -21.202952373102896 ], [ -159.78503361831298, -21.202999489282075 ], [ -159.785061888020493, -21.203018335753747 ], [ -159.785061888020493, -21.202905256923714 ], [ -159.785043041548818, -21.202886410452045 ], [ -159.785080734492169, -21.202839294272863 ], [ -159.785137273907196, -21.202829871037029 ], [ -159.785137273907196, -21.202763908386178 ], [ -159.785090157728007, -21.202763908386178 ], [ -159.785090157728007, -21.202801601329522 ], [ -159.785061888020493, -21.202801601329522 ], [ -159.785052464784656, -21.202848717508701 ], [ -159.78502419507717, -21.202848717508701 ] ], [ [ -159.785014771841333, -21.202481211311103 ], [ -159.785043041548818, -21.202509481018609 ], [ -159.785043041548818, -21.202443518367758 ], [ -159.785014771841333, -21.202481211311103 ] ], [ [ -159.785005348605495, -21.20278275485785 ], [ -159.785043041548818, -21.202735638678671 ], [ -159.785071311256331, -21.202735638678671 ], [ -159.78502419507717, -21.202669676027821 ], [ -159.784995925369657, -21.202697945735327 ], [ -159.785005348605495, -21.20278275485785 ] ], [ [ -159.782856850834918, -21.203056028697087 ], [ -159.782885120542431, -21.203046605461253 ], [ -159.782894543778269, -21.203027758989581 ], [ -159.78284742759908, -21.203037182225419 ], [ -159.78284742759908, -21.203084298404598 ], [ -159.782866274070756, -21.203084298404598 ], [ -159.782856850834918, -21.203056028697087 ] ], [ [ -159.779615257707377, -21.204073738167359 ], [ -159.779634104179053, -21.204073738167359 ], [ -159.779671797122404, -21.204017198752346 ], [ -159.779643527414891, -21.204017198752346 ], [ -159.779615257707377, -21.204073738167359 ] ], [ [ -159.779398523283163, -21.266417866457282 ], [ -159.779464485934, -21.266417866457282 ], [ -159.779464485934, -21.266399019985613 ], [ -159.779417369754839, -21.266399019985613 ], [ -159.779398523283163, -21.266417866457282 ] ], [ [ -159.77922890503811, -21.266427289693119 ], [ -159.779313714160651, -21.266408443221447 ], [ -159.77922890503811, -21.266417866457282 ], [ -159.77922890503811, -21.266427289693119 ] ], [ [ -159.779068710028895, -21.266417866457282 ], [ -159.778974477670545, -21.266417866457282 ], [ -159.778974477670545, -21.266436712928954 ], [ -159.779068710028895, -21.266436712928954 ], [ -159.779068710028895, -21.266417866457282 ] ], [ [ -159.746662201989437, -21.207748800143339 ], [ -159.746652778753599, -21.20778649308668 ], [ -159.746671625225275, -21.20778649308668 ], [ -159.746709318168627, -21.207720530435829 ], [ -159.746662201989437, -21.207748800143339 ] ], [ [ -159.729097290391451, -21.247750436266482 ], [ -159.729153829806449, -21.247769282738155 ], [ -159.729153829806449, -21.247741013030648 ], [ -159.729106713627289, -21.247722166558976 ], [ -159.729097290391451, -21.247750436266482 ] ], [ [ -159.729087867155613, -21.247627934200615 ], [ -159.729087867155613, -21.247580818021436 ], [ -159.729040750976424, -21.247590241257274 ], [ -159.729050174212261, -21.247637357436453 ], [ -159.729087867155613, -21.247627934200615 ] ], [ [ -159.729031327740586, -21.246760996503721 ], [ -159.729087867155613, -21.246770419739555 ], [ -159.729097290391451, -21.246751573267883 ], [ -159.729059597448099, -21.246723303560376 ], [ -159.729031327740586, -21.246760996503721 ] ], [ [ -159.727598995893544, -21.243886909573789 ], [ -159.727598995893544, -21.243924602517129 ], [ -159.727655535308571, -21.243934025752967 ], [ -159.727636688836895, -21.243849216630444 ], [ -159.727598995893544, -21.243886909573789 ] ], [ [ -159.727363414997654, -21.248457178954169 ], [ -159.727240912931791, -21.248353523359977 ], [ -159.726882829970009, -21.24841006277499 ], [ -159.726656672309957, -21.248381793067484 ], [ -159.726571863187445, -21.24834410012414 ], [ -159.726534170244094, -21.248296983944961 ], [ -159.726496477300742, -21.248174481879094 ], [ -159.726468207593228, -21.248174481879094 ], [ -159.726439937885743, -21.248089672756574 ], [ -159.726402244942392, -21.248089672756574 ], [ -159.72636455199904, -21.247986017162379 ], [ -159.726373975234878, -21.247675050379797 ], [ -159.726458784357419, -21.247467739191407 ], [ -159.726421091414068, -21.247335813889705 ], [ -159.726430514649905, -21.247203888588004 ], [ -159.726515323772418, -21.24705311681463 ], [ -159.726534170244094, -21.246949461220435 ], [ -159.726553016715769, -21.246911768277094 ], [ -159.726637825838282, -21.246883498569584 ], [ -159.726722634960822, -21.246817535918733 ], [ -159.726835713790848, -21.246855228862078 ], [ -159.726939369385036, -21.246742150032048 ], [ -159.726929946149198, -21.246581955022837 ], [ -159.726807444083335, -21.246450029721135 ], [ -159.726553016715769, -21.246299257947761 ], [ -159.726524747008256, -21.246308681183599 ], [ -159.726373975234878, -21.246261565004421 ], [ -159.726147817574827, -21.246270988240255 ], [ -159.725968776093936, -21.246308681183599 ], [ -159.725488191066319, -21.246308681183599 ], [ -159.724922796916161, -21.246252141768583 ], [ -159.724611830133568, -21.246186179117732 ], [ -159.724479904831867, -21.246110793231047 ], [ -159.724385672473517, -21.245912905278495 ], [ -159.724357402766003, -21.245752710269283 ], [ -159.724300863351004, -21.245715017325942 ], [ -159.724282016879329, -21.24566790114676 ], [ -159.724216054228464, -21.245649054675091 ], [ -159.724216054228464, -21.245601938495909 ], [ -159.724159514813465, -21.245554822316731 ], [ -159.724159514813465, -21.245479436430045 ], [ -159.724112398634276, -21.24548885966588 ], [ -159.724121821870114, -21.245328664656672 ], [ -159.7240935521626, -21.245309818185 ], [ -159.724055859219277, -21.24519673935497 ], [ -159.724008743040088, -21.245168469647464 ], [ -159.723971050096736, -21.245177892883298 ], [ -159.723952203625061, -21.245130776704119 ], [ -159.723914510681738, -21.245130776704119 ], [ -159.723886240974224, -21.245168469647464 ], [ -159.723829701559197, -21.245187316119132 ], [ -159.723754315672522, -21.245168469647464 ], [ -159.723735469200847, -21.245206162590804 ], [ -159.723773162144198, -21.245243855534149 ], [ -159.723735469200847, -21.245234432298314 ], [ -159.723754315672522, -21.245253278769983 ], [ -159.723744892436684, -21.245290971713327 ], [ -159.723688353021657, -21.245262702005821 ], [ -159.723650660078334, -21.245187316119132 ], [ -159.723622390370821, -21.245177892883298 ], [ -159.723575274191631, -21.245206162590804 ], [ -159.723603543899145, -21.245262702005821 ], [ -159.723575274191631, -21.245309818185 ], [ -159.723622390370821, -21.245394627307522 ], [ -159.723603543899145, -21.245422897015029 ], [ -159.723622390370821, -21.24551712937339 ], [ -159.723603543899145, -21.245507706137552 ], [ -159.723594120663307, -21.245535975845058 ], [ -159.723622390370821, -21.245554822316731 ], [ -159.723622390370821, -21.245611361731747 ], [ -159.723650660078334, -21.245611361731747 ], [ -159.723707199493333, -21.24566790114676 ], [ -159.723660083314172, -21.245912905278495 ], [ -159.723688353021657, -21.245941174986001 ], [ -159.723678929785819, -21.24616733264606 ], [ -159.723716622729171, -21.246270988240255 ], [ -159.723697776257495, -21.246327527655271 ], [ -159.723716622729171, -21.246327527655271 ], [ -159.723726045965009, -21.24637464383445 ], [ -159.723726045965009, -21.246412336777794 ], [ -159.723688353021657, -21.246431183249463 ], [ -159.723735469200847, -21.246450029721135 ], [ -159.723735469200847, -21.246506569136152 ], [ -159.723697776257495, -21.246525415607824 ], [ -159.723735469200847, -21.246544262079496 ], [ -159.723754315672522, -21.24666676414536 ], [ -159.723735469200847, -21.246770419739555 ], [ -159.723744892436684, -21.246779842975389 ], [ -159.723735469200847, -21.24705311681463 ], [ -159.723754315672522, -21.24705311681463 ], [ -159.723735469200847, -21.24719446535217 ], [ -159.723754315672522, -21.24723215829551 ], [ -159.723735469200847, -21.247251004767183 ], [ -159.723773162144198, -21.247251004767183 ], [ -159.723782585380036, -21.247335813889705 ], [ -159.723773162144198, -21.247326390653871 ], [ -159.723744892436684, -21.247335813889705 ], [ -159.723773162144198, -21.24734523712554 ], [ -159.723792008615874, -21.247411199776391 ], [ -159.723773162144198, -21.247439469483901 ], [ -159.723801431851712, -21.247467739191407 ], [ -159.723801431851712, -21.247514855370586 ], [ -159.723829701559197, -21.247524278606424 ], [ -159.723810855087521, -21.247599664493109 ], [ -159.723848548030873, -21.247627934200615 ], [ -159.723886240974224, -21.247703320087304 ], [ -159.723876817738386, -21.24773158979481 ], [ -159.7239050874459, -21.24773158979481 ], [ -159.723923933917575, -21.247816398917333 ], [ -159.723942780389223, -21.247816398917333 ], [ -159.723923933917575, -21.24787293833235 ], [ -159.723952203625061, -21.247863515096512 ], [ -159.723952203625061, -21.247901208039856 ], [ -159.724008743040088, -21.247957747454873 ], [ -159.723989896568412, -21.247995440398213 ], [ -159.724046435983439, -21.248023710105723 ], [ -159.724112398634276, -21.248165058643259 ], [ -159.724150091577627, -21.248193328350766 ], [ -159.724178361285141, -21.248249867765782 ], [ -159.724168938049303, -21.248296983944961 ], [ -159.724216054228464, -21.248315830416633 ], [ -159.72431970982268, -21.248513718369185 ], [ -159.72431970982268, -21.24855141131253 ], [ -159.724357402766003, -21.248560834548364 ], [ -159.724489328067705, -21.248768145736754 ], [ -159.724611830133568, -21.248890647802618 ], [ -159.724753178671108, -21.24908853575517 ], [ -159.724941643387837, -21.249163921641859 ], [ -159.725327996057104, -21.249201614585203 ], [ -159.725733195198046, -21.249342963122739 ], [ -159.725883966971423, -21.249418349009428 ], [ -159.726072431688124, -21.249465465188607 ], [ -159.726402244942392, -21.249625660197815 ], [ -159.726703788489147, -21.249701046084503 ], [ -159.727052448215062, -21.24972931579201 ], [ -159.727222066460115, -21.249691622848665 ], [ -159.727240912931791, -21.249710469320338 ], [ -159.727344568525979, -21.249710469320338 ], [ -159.727514186771032, -21.249672776376993 ], [ -159.727674381780218, -21.24958796725447 ], [ -159.727881692968623, -21.249390079301918 ], [ -159.727966502091135, -21.249201614585203 ], [ -159.727966502091135, -21.248984880160979 ], [ -159.72794765561946, -21.248966033689307 ], [ -159.727900539440299, -21.248984880160979 ], [ -159.727900539440299, -21.248947187217635 ], [ -159.727872269732785, -21.248928340745962 ], [ -159.727900539440299, -21.248900071038456 ], [ -159.727891116204461, -21.248834108387605 ], [ -159.727796883846082, -21.248768145736754 ], [ -159.727768614138597, -21.248721029557576 ], [ -159.727674381780218, -21.248702183085904 ], [ -159.727485917063518, -21.248607950727543 ], [ -159.727325722054303, -21.248626797199215 ], [ -159.727344568525979, -21.248664490142559 ], [ -159.727401107940977, -21.248655066906725 ], [ -159.727448224120167, -21.248683336614231 ], [ -159.727419954412653, -21.248721029557576 ], [ -159.727485917063518, -21.248711606321738 ], [ -159.727485917063518, -21.24873045279341 ], [ -159.727467070591842, -21.248721029557576 ], [ -159.72747649382768, -21.248786992208426 ], [ -159.727419954412653, -21.248815261915933 ], [ -159.727429377648491, -21.248843531623439 ], [ -159.727344568525979, -21.248871801330946 ], [ -159.727316298818465, -21.248815261915933 ], [ -159.727335145290141, -21.248739876029244 ], [ -159.727297452346789, -21.248739876029244 ], [ -159.727306875582627, -21.248768145736754 ], [ -159.727184373516764, -21.248739876029244 ], [ -159.72715610380925, -21.248692759850066 ], [ -159.727231489695953, -21.248645643670887 ], [ -159.727222066460115, -21.248617373963381 ], [ -159.727250336167629, -21.248617373963381 ], [ -159.727297452346789, -21.248560834548364 ], [ -159.72739168470514, -21.248541988076692 ], [ -159.727363414997654, -21.248457178954169 ] ], [ [ -159.727288029110952, -21.250596253488908 ], [ -159.727278605875114, -21.250558560545564 ], [ -159.727297452346789, -21.250492597894713 ], [ -159.727269182639276, -21.250492597894713 ], [ -159.727231489695953, -21.250417212008024 ], [ -159.727203219988439, -21.250417212008024 ], [ -159.727212643224277, -21.250426635243862 ], [ -159.727203219988439, -21.250454904951368 ], [ -159.727184373516764, -21.250417212008024 ], [ -159.727118410865927, -21.25040778877219 ], [ -159.727024178507548, -21.250436058479696 ], [ -159.727005332035873, -21.250502021130547 ], [ -159.726948792620874, -21.250539714073891 ], [ -159.726939369385036, -21.25058683025307 ], [ -159.72692052291336, -21.25058683025307 ], [ -159.726911099677523, -21.250549137309726 ], [ -159.726911099677523, -21.250577407017236 ], [ -159.726863983498333, -21.250596253488908 ], [ -159.726863983498333, -21.250652792903921 ], [ -159.72692052291336, -21.250643369668087 ], [ -159.72692052291336, -21.250671639375593 ], [ -159.726986485564225, -21.250690485847265 ], [ -159.726995908800035, -21.250643369668087 ], [ -159.727014755271711, -21.250652792903921 ], [ -159.727024178507548, -21.250624523196414 ], [ -159.727071294686738, -21.250671639375593 ], [ -159.727090141158413, -21.250615099960577 ], [ -159.727118410865927, -21.250633946432249 ], [ -159.72715610380925, -21.250596253488908 ], [ -159.727146680573412, -21.250643369668087 ], [ -159.727193796752601, -21.250662216139759 ], [ -159.727222066460115, -21.250615099960577 ], [ -159.727259759403438, -21.250633946432249 ], [ -159.727259759403438, -21.25058683025307 ], [ -159.727288029110952, -21.250596253488908 ] ], [ [ -159.727033601743386, -21.255628261425244 ], [ -159.726647249074119, -21.255722493783605 ], [ -159.726477630829066, -21.255807302906128 ], [ -159.72636455199904, -21.255901535264485 ], [ -159.726345705527365, -21.25600519085868 ], [ -159.726289166112366, -21.256052307037859 ], [ -159.72617608728234, -21.256089999981203 ], [ -159.726119547867313, -21.256146539396216 ], [ -159.726063008452314, -21.256269041462083 ], [ -159.72594992962226, -21.256400966763785 ], [ -159.725836850792234, -21.256636547659681 ], [ -159.725818004320558, -21.25679674266889 ], [ -159.725846274028072, -21.257098286215637 ], [ -159.725968776093936, -21.25747521564907 ], [ -159.726157240810664, -21.257918107733357 ], [ -159.726279742876528, -21.258115995685909 ], [ -159.726383398470716, -21.258351576581802 ], [ -159.726562439951607, -21.258549464534354 ], [ -159.726750904668307, -21.258634273656877 ], [ -159.726845137026686, -21.258643696892715 ], [ -159.727014755271711, -21.258624850421043 ], [ -159.72715610380925, -21.258558887770192 ], [ -159.727146680573412, -21.25854004129852 ], [ -159.727212643224277, -21.258511771591014 ], [ -159.727278605875114, -21.258445808940163 ], [ -159.72738226146933, -21.258238497751773 ], [ -159.727372838233492, -21.258097149214237 ], [ -159.727316298818465, -21.257984070384207 ], [ -159.727212643224277, -21.257889838025847 ], [ -159.72715610380925, -21.257786182431651 ], [ -159.727127834101736, -21.257428099469891 ], [ -159.727024178507548, -21.257164248866488 ], [ -159.726958215856712, -21.257060593272293 ], [ -159.726835713790848, -21.256938091206429 ], [ -159.726553016715769, -21.256768472961383 ], [ -159.72660013289493, -21.256645970895516 ], [ -159.726722634960822, -21.256532892065486 ], [ -159.726732058196632, -21.256485775886308 ], [ -159.726798020847497, -21.25647635265047 ], [ -159.726807444083335, -21.256316157641262 ], [ -159.726939369385036, -21.256259618226245 ], [ -159.7270618714509, -21.256137116160382 ], [ -159.727288029110952, -21.256061730273693 ], [ -159.727316298818465, -21.256014614094514 ], [ -159.727353991761817, -21.25600519085868 ], [ -159.72738226146933, -21.255901535264485 ], [ -159.727401107940977, -21.255901535264485 ], [ -159.727429377648491, -21.255769609962783 ], [ -159.72738226146933, -21.255788456434455 ], [ -159.727372838233492, -21.255741340255277 ], [ -159.727335145290141, -21.255769609962783 ], [ -159.727316298818465, -21.255722493783605 ], [ -159.727250336167629, -21.255703647311933 ], [ -159.727240912931791, -21.255675377604426 ], [ -159.727174950280926, -21.255637684661082 ], [ -159.727033601743386, -21.255628261425244 ] ], [ [ -159.726355128763203, -21.250049705810429 ], [ -159.72571434872637, -21.25011566846128 ], [ -159.725280879877914, -21.250417212008024 ], [ -159.725092415161214, -21.250511444366385 ], [ -159.725007606038673, -21.250605676724742 ], [ -159.724819141321973, -21.250747025262278 ], [ -159.724574137190245, -21.251133377931549 ], [ -159.724536444246894, -21.251161647639059 ], [ -159.724442211888544, -21.251359535591611 ], [ -159.724404518945192, -21.251387805299117 ], [ -159.724178361285141, -21.25176473473255 ], [ -159.724150091577627, -21.251887236798417 ], [ -159.724140668341789, -21.252188780345165 ], [ -159.7240935521626, -21.252433784476896 ], [ -159.724112398634276, -21.252754174495315 ], [ -159.724216054228464, -21.253083987749569 ], [ -159.724347979530165, -21.253394954532151 ], [ -159.72455529071857, -21.253734191022243 ], [ -159.724800294850297, -21.253979195153974 ], [ -159.724828564557811, -21.253979195153974 ], [ -159.725007606038673, -21.25412054369151 ], [ -159.725356265764617, -21.254243045757377 ], [ -159.725544730481317, -21.254346701351572 ], [ -159.725638962839696, -21.254365547823244 ], [ -159.726072431688124, -21.254356124587407 ], [ -159.726383398470716, -21.254261892229049 ], [ -159.726581286423283, -21.254243045757377 ], [ -159.726713211724984, -21.254186506342361 ], [ -159.726845137026686, -21.254045157804825 ], [ -159.726977062328388, -21.253724767786405 ], [ -159.727014755271711, -21.253564572777197 ], [ -159.727024178507548, -21.253319568645466 ], [ -159.727005332035873, -21.253197066579599 ], [ -159.726948792620874, -21.253008601862881 ], [ -159.726882829970009, -21.252886099797017 ], [ -159.726798020847497, -21.252810713910328 ], [ -159.726703788489147, -21.252782444202822 ], [ -159.726581286423283, -21.252782444202822 ], [ -159.726515323772418, -21.252838983617835 ], [ -159.726430514649905, -21.252848406853673 ], [ -159.726326859055717, -21.252725904787805 ], [ -159.726308012584042, -21.252396091533551 ], [ -159.726213780225663, -21.251934352977596 ], [ -159.726242049933177, -21.251661079138355 ], [ -159.726279742876528, -21.251557423544163 ], [ -159.726487054064904, -21.251180494110727 ], [ -159.726628402602444, -21.251001452629847 ], [ -159.726684942017471, -21.250850680856473 ], [ -159.72674148143247, -21.250775294969788 ], [ -159.726722634960822, -21.250699909083099 ], [ -159.72674148143247, -21.250567983781398 ], [ -159.726854560262524, -21.250492597894713 ], [ -159.726882829970009, -21.250436058479696 ], [ -159.726873406734171, -21.250388942300518 ], [ -159.726750904668307, -21.250238170527144 ], [ -159.726515323772418, -21.250143938168787 ], [ -159.72641166817823, -21.250068552282098 ], [ -159.726355128763203, -21.250049705810429 ] ], [ [ -159.725507037537994, -21.241210710596409 ], [ -159.725478767830481, -21.241295519718932 ], [ -159.725507037537994, -21.241314366190604 ], [ -159.725563576952993, -21.241257826775588 ], [ -159.725554153717155, -21.241191864124737 ], [ -159.725488191066319, -21.241191864124737 ], [ -159.725507037537994, -21.241210710596409 ] ], [ [ -159.725356265764617, -21.241465137963978 ], [ -159.725365689000455, -21.241418021784796 ], [ -159.725337419292941, -21.241408598548961 ], [ -159.725327996057104, -21.241465137963978 ], [ -159.725356265764617, -21.241465137963978 ] ], [ [ -159.723735469200847, -21.247590241257274 ], [ -159.72376373890836, -21.247590241257274 ], [ -159.723792008615874, -21.24755254831393 ], [ -159.723773162144198, -21.247543125078096 ], [ -159.723735469200847, -21.247590241257274 ] ], [ [ -159.723678929785819, -21.247514855370586 ], [ -159.723744892436684, -21.247477162427241 ], [ -159.723678929785819, -21.247496008898914 ], [ -159.723678929785819, -21.247514855370586 ] ] ] } },
{ "type": "Feature", "properties": { "level_m": 0.503, "margin_cm": 17.5, "kind": "working" }, "geometry": { "type": "MultiLineString", "coordinates": [ [ [ -159.736192986975823, -21.267642887115944 ], [ -159.7361552940325, -21.267633463880106 ], [ -159.736174140504147, -21.267680580059285 ], [ -159.736211833447499, -21.267680580059285 ], [ -159.736192986975823, -21.267642887115944 ] ], [ [ -159.724131245105951, -21.245422897015029 ], [ -159.724112398634276, -21.245385204071685 ], [ -159.724121821870114, -21.245328664656672 ], [ -159.7240935521626, -21.245309818185 ], [ -159.724065282455115, -21.245206162590804 ], [ -159.724008743040088, -21.245168469647464 ], [ -159.723971050096736, -21.245177892883298 ], [ -159.723952203625061, -21.245130776704119 ], [ -159.723914510681738, -21.245130776704119 ], [ -159.723886240974224, -21.245168469647464 ], [ -159.723829701559197, -21.245187316119132 ], [ -159.723810855087521, -21.245168469647464 ], [ -159.723735469200847, -21.245177892883298 ], [ -159.723744892436684, -21.245225009062477 ], [ -159.723773162144198, -21.245234432298314 ], [ -159.723735469200847, -21.245234432298314 ], [ -159.723754315672522, -21.245290971713327 ], [ -159.723707199493333, -21.245281548477493 ], [ -159.723631813606659, -21.245177892883298 ], [ -159.723575274191631, -21.245206162590804 ], [ -159.723603543899145, -21.245262702005821 ], [ -159.723575274191631, -21.245309818185 ], [ -159.723622390370821, -21.245394627307522 ], [ -159.723603543899145, -21.245422897015029 ], [ -159.723622390370821, -21.24551712937339 ], [ -159.723603543899145, -21.245507706137552 ], [ -159.723594120663307, -21.245535975845058 ], [ -159.723622390370821, -21.245554822316731 ], [ -159.723622390370821, -21.245611361731747 ], [ -159.723650660078334, -21.245611361731747 ], [ -159.723707199493333, -21.24566790114676 ], [ -159.723697776257495, -21.245818672920134 ], [ -159.72366950655001, -21.245837519391806 ], [ -159.723678929785819, -21.245884635570984 ], [ -159.723660083314172, -21.245912905278495 ], [ -159.723688353021657, -21.245941174986001 ], [ -159.723678929785819, -21.24616733264606 ], [ -159.723716622729171, -21.246270988240255 ], [ -159.723697776257495, -21.246327527655271 ], [ -159.723716622729171, -21.246327527655271 ], [ -159.723726045965009, -21.24637464383445 ], [ -159.723726045965009, -21.246412336777794 ], [ -159.723688353021657, -21.246431183249463 ], [ -159.723735469200847, -21.246450029721135 ], [ -159.723735469200847, -21.246506569136152 ], [ -159.723697776257495, -21.246525415607824 ], [ -159.723735469200847, -21.246544262079496 ], [ -159.723754315672522, -21.24666676414536 ], [ -159.723735469200847, -21.246770419739555 ], [ -159.723754315672522, -21.247034270342958 ], [ -159.723735469200847, -21.24705311681463 ], [ -159.723754315672522, -21.24705311681463 ], [ -159.72376373890836, -21.247100232993809 ], [ -159.723754315672522, -21.247137925937153 ], [ -159.723735469200847, -21.247137925937153 ], [ -159.723754315672522, -21.247213311823838 ], [ -159.723735469200847, -21.247251004767183 ], [ -159.723773162144198, -21.247241581531348 ], [ -159.723782585380036, -21.247335813889705 ], [ -159.72376373890836, -21.247326390653871 ], [ -159.723744892436684, -21.247335813889705 ], [ -159.723773162144198, -21.24734523712554 ], [ -159.723792008615874, -21.247411199776391 ], [ -159.723773162144198, -21.247439469483901 ], [ -159.723829701559197, -21.247524278606424 ], [ -159.723810855087521, -21.247599664493109 ], [ -159.72385797126671, -21.247637357436453 ], [ -159.723876817738386, -21.24773158979481 ], [ -159.7239050874459, -21.24773158979481 ], [ -159.723923933917575, -21.247816398917333 ], [ -159.723942780389223, -21.247816398917333 ], [ -159.723923933917575, -21.24784466862484 ], [ -159.723952203625061, -21.247863515096512 ], [ -159.723961626860898, -21.24791063127569 ], [ -159.723980473332574, -21.24791063127569 ], [ -159.723989896568412, -21.247957747454873 ], [ -159.724008743040088, -21.247957747454873 ], [ -159.723989896568412, -21.247995440398213 ], [ -159.724055859219277, -21.248033133341558 ], [ -159.724112398634276, -21.248165058643259 ], [ -159.724159514813465, -21.248202751586604 ], [ -159.724168938049303, -21.248287560709127 ], [ -159.724216054228464, -21.248315830416633 ], [ -159.724272593643491, -21.24841006277499 ], [ -159.724329133058518, -21.24852314160502 ], [ -159.72431970982268, -21.24855141131253 ], [ -159.724347979530165, -21.248541988076692 ], [ -159.72441394218103, -21.248664490142559 ], [ -159.72474375543527, -21.249079112519336 ], [ -159.724941643387837, -21.249163921641859 ], [ -159.725337419292941, -21.249201614585203 ], [ -159.725742618433884, -21.249342963122739 ], [ -159.725893390207261, -21.249418349009428 ], [ -159.726147817574827, -21.249493734896113 ], [ -159.72641166817823, -21.249625660197815 ], [ -159.726760327904145, -21.249710469320338 ], [ -159.726901676441685, -21.24972931579201 ], [ -159.727137257337574, -21.249719892556172 ], [ -159.727203219988439, -21.249691622848665 ], [ -159.727335145290141, -21.249710469320338 ], [ -159.727551879714355, -21.249653929905321 ], [ -159.727693228251894, -21.249569120782798 ], [ -159.727853423261109, -21.249418349009428 ], [ -159.727938232383622, -21.249286423707723 ], [ -159.727966502091135, -21.24908853575517 ], [ -159.727957078855297, -21.249060266047664 ], [ -159.727938232383622, -21.249069689283502 ], [ -159.72794765561946, -21.248994303396813 ], [ -159.727900539440299, -21.248984880160979 ], [ -159.727872269732785, -21.248937763981797 ], [ -159.727872269732785, -21.248900071038456 ], [ -159.727891116204461, -21.248900071038456 ], [ -159.727881692968623, -21.248824685151767 ], [ -159.727740344431083, -21.248711606321738 ], [ -159.727551879714355, -21.248655066906725 ], [ -159.727485917063518, -21.248607950727543 ], [ -159.727372838233492, -21.248607950727543 ], [ -159.727335145290141, -21.248617373963381 ], [ -159.727325722054303, -21.248645643670887 ], [ -159.727344568525979, -21.248664490142559 ], [ -159.72739168470514, -21.248645643670887 ], [ -159.727457647356005, -21.248683336614231 ], [ -159.727448224120167, -21.248702183085904 ], [ -159.727485917063518, -21.248711606321738 ], [ -159.727485917063518, -21.248758722500916 ], [ -159.727467070591842, -21.248824685151767 ], [ -159.727429377648491, -21.248824685151767 ], [ -159.727401107940977, -21.248871801330946 ], [ -159.72739168470514, -21.248852954859277 ], [ -159.727335145290141, -21.248871801330946 ], [ -159.727325722054303, -21.248796415444261 ], [ -159.727297452346789, -21.248796415444261 ], [ -159.727335145290141, -21.248777568972589 ], [ -159.727335145290141, -21.248739876029244 ], [ -159.727306875582627, -21.248739876029244 ], [ -159.727297452346789, -21.248777568972589 ], [ -159.727259759403438, -21.248777568972589 ], [ -159.727259759403438, -21.248758722500916 ], [ -159.727203219988439, -21.248739876029244 ], [ -159.727184373516764, -21.248758722500916 ], [ -159.727174950280926, -21.248711606321738 ], [ -159.727146680573412, -21.248702183085904 ], [ -159.727174950280926, -21.248645643670887 ], [ -159.727184373516764, -21.248673913378394 ], [ -159.727203219988439, -21.248626797199215 ], [ -159.727231489695953, -21.248645643670887 ], [ -159.727222066460115, -21.248617373963381 ], [ -159.727259759403438, -21.248579681020036 ], [ -159.727306875582627, -21.24855141131253 ], [ -159.72738226146933, -21.24855141131253 ], [ -159.727363414997654, -21.248457178954169 ], [ -159.727278605875114, -21.248362946595812 ], [ -159.727231489695953, -21.248353523359977 ], [ -159.726892253205847, -21.24841006277499 ], [ -159.726647249074119, -21.248381793067484 ], [ -159.726571863187445, -21.24834410012414 ], [ -159.726515323772418, -21.248278137473289 ], [ -159.726496477300742, -21.248174481879094 ], [ -159.726468207593228, -21.248174481879094 ], [ -159.726439937885743, -21.248099095992409 ], [ -159.726402244942392, -21.248089672756574 ], [ -159.72636455199904, -21.247995440398213 ], [ -159.726373975234878, -21.247646780672287 ], [ -159.72641166817823, -21.247543125078096 ], [ -159.726449361121581, -21.247505432134751 ], [ -159.726449361121581, -21.247430046248063 ], [ -159.726421091414068, -21.247382930068884 ], [ -159.726439937885743, -21.247175618880497 ], [ -159.726515323772418, -21.24705311681463 ], [ -159.726553016715769, -21.246911768277094 ], [ -159.726647249074119, -21.24687407533375 ], [ -159.726722634960822, -21.246808112682899 ], [ -159.726732058196632, -21.246826959154571 ], [ -159.726769751139983, -21.246808112682899 ], [ -159.726807444083335, -21.246855228862078 ], [ -159.726835713790848, -21.246855228862078 ], [ -159.726929946149198, -21.246760996503721 ], [ -159.726939369385036, -21.246619647966181 ], [ -159.726882829970009, -21.246525415607824 ], [ -159.726750904668307, -21.246402913541957 ], [ -159.726571863187445, -21.246327527655271 ], [ -159.726553016715769, -21.246299257947761 ], [ -159.726524747008256, -21.246308681183599 ], [ -159.726439937885743, -21.246270988240255 ], [ -159.72631743581988, -21.246261565004421 ], [ -159.725978199329774, -21.246308681183599 ], [ -159.725629539603858, -21.246318104419434 ], [ -159.724903950444485, -21.246252141768583 ], [ -159.724602406897759, -21.246186179117732 ], [ -159.724498751303543, -21.246129639702719 ], [ -159.72446105836022, -21.246082523523537 ], [ -159.724385672473517, -21.245912905278495 ], [ -159.724366826001841, -21.245771556740955 ], [ -159.724300863351004, -21.245715017325942 ], [ -159.724282016879329, -21.24566790114676 ], [ -159.724216054228464, -21.245649054675091 ], [ -159.724216054228464, -21.245601938495909 ], [ -159.724150091577627, -21.245554822316731 ], [ -159.724159514813465, -21.245479436430045 ], [ -159.724112398634276, -21.24548885966588 ], [ -159.724102975398438, -21.245451166722539 ], [ -159.724131245105951, -21.245422897015029 ] ], [ [ -159.823593499353251, -21.207663991020816 ], [ -159.823565229645737, -21.207739376907501 ], [ -159.823602922589089, -21.20781476279419 ], [ -159.823725424654953, -21.207861878973368 ], [ -159.823810233777465, -21.20785245573753 ], [ -159.823819657013303, -21.207899571916712 ], [ -159.823857349956654, -21.207890148680875 ], [ -159.823847926720816, -21.207824186030024 ], [ -159.823810233777465, -21.207843032501696 ], [ -159.823810233777465, -21.20781476279419 ], [ -159.82378196406998, -21.207805339558352 ], [ -159.823800810541655, -21.207767646615011 ], [ -159.823687731711601, -21.207682837492488 ], [ -159.823593499353251, -21.207663991020816 ] ], [ [ -159.823499266994901, -21.207739376907501 ], [ -159.82332022551401, -21.20770168396416 ], [ -159.823169453740633, -21.207598028369965 ], [ -159.82299041225977, -21.207418986889085 ], [ -159.822933872844743, -21.207324754530724 ], [ -159.82267002224134, -21.207117443342337 ], [ -159.822632329297988, -21.207051480691486 ], [ -159.822453287817126, -21.206872439210606 ], [ -159.82234963222291, -21.206806476559752 ], [ -159.822321362515424, -21.20681589979559 ], [ -159.822283669572073, -21.206731090673067 ], [ -159.822264823100397, -21.206759360380573 ], [ -159.822189437213723, -21.206712244201395 ], [ -159.82192558661032, -21.206363584475469 ], [ -159.821360192460162, -21.20581703679699 ], [ -159.821247113630136, -21.205741650910305 ], [ -159.821199997450947, -21.205675688259454 ], [ -159.820964416555057, -21.20552491648608 ], [ -159.82067229624414, -21.205213949703495 ], [ -159.820587487121628, -21.205166833524316 ], [ -159.820380175933224, -21.204968945571764 ], [ -159.820229404159846, -21.204874713213407 ], [ -159.820031516207308, -21.204705094968361 ], [ -159.81970170295304, -21.204356435242435 ], [ -159.81941900587799, -21.20413970081821 ], [ -159.819221117925423, -21.203941812865658 ], [ -159.819070346152046, -21.203847580507301 ], [ -159.818693416718617, -21.203696808733927 ], [ -159.818457835822727, -21.203508344017209 ], [ -159.818203408455162, -21.203357572243835 ], [ -159.818099752860945, -21.203244493413806 ], [ -159.818005520502595, -21.203216223706299 ], [ -159.817977250795082, -21.203178530762955 ], [ -159.818231678162647, -21.20328218635715 ], [ -159.818269371105998, -21.203263339885478 ], [ -159.818250524634323, -21.203235070177971 ], [ -159.817411856644952, -21.202867563980373 ], [ -159.817364740465763, -21.202858140744535 ], [ -159.817345893994087, -21.202886410452045 ], [ -159.817345893994087, -21.202189091000193 ], [ -159.817289354579088, -21.201887547453445 ], [ -159.817157429277387, -21.201651966557549 ], [ -159.817063196919008, -21.201567157435026 ], [ -159.817063196919008, -21.201538887727519 ], [ -159.817034927211495, -21.201538887727519 ], [ -159.816931271617307, -21.201435232133324 ], [ -159.816780499843929, -21.201350423010801 ], [ -159.81635645423134, -21.201227920944937 ], [ -159.816158566278773, -21.201199651237427 ], [ -159.816102026863774, -21.201171381529921 ], [ -159.816064333920423, -21.201180804765755 ], [ -159.815743943901992, -21.201086572407398 ], [ -159.815508363006103, -21.201058302699892 ], [ -159.814942968855945, -21.200916954162352 ], [ -159.814641425309219, -21.200869837983173 ], [ -159.814471807064166, -21.200869837983173 ], [ -159.814462383828328, -21.200832145039829 ], [ -159.814405844413301, -21.200841568275667 ], [ -159.814330458526626, -21.200813298568161 ], [ -159.814085454394899, -21.200813298568161 ], [ -159.814085454394899, -21.200794452096488 ], [ -159.814047761451548, -21.200794452096488 ], [ -159.814028914979872, -21.200813298568161 ], [ -159.813812180555658, -21.200822721803995 ], [ -159.813793334083982, -21.200794452096488 ], [ -159.813840450263172, -21.200813298568161 ], [ -159.813840450263172, -21.200785028860651 ], [ -159.813746217904793, -21.200803875332323 ], [ -159.813755641140631, -21.200785028860651 ], [ -159.813689678489794, -21.200794452096488 ], [ -159.813680255253956, -21.200775605624816 ], [ -159.813538906716417, -21.200766182388978 ], [ -159.813510637008903, -21.200747335917306 ], [ -159.813520060244741, -21.200728489445638 ], [ -159.813444674358067, -21.2007190662098 ], [ -159.813406981414715, -21.200681373266455 ], [ -159.813378711707202, -21.200690796502293 ], [ -159.813275056113014, -21.200615410615605 ], [ -159.813209093462149, -21.200634257087277 ], [ -159.813180823754664, -21.200587140908098 ], [ -159.813124284339636, -21.200596564143936 ], [ -159.813124284339636, -21.200549447964754 ], [ -159.813096014632123, -21.200549447964754 ], [ -159.813096014632123, -21.200530601493085 ], [ -159.813077168160447, -21.200530601493085 ], [ -159.813067744924609, -21.200587140908098 ], [ -159.813020628745448, -21.200577717672264 ], [ -159.813001782273773, -21.200596564143936 ], [ -159.812851010500395, -21.200558871200592 ], [ -159.812841587264558, -21.200521178257247 ], [ -159.812794471085368, -21.200530601493085 ], [ -159.812728508434532, -21.200502331785575 ], [ -159.812313886057751, -21.200276174125516 ], [ -159.811899263680971, -21.200115979116308 ], [ -159.811861570737619, -21.200097132644636 ], [ -159.811870993973457, -21.200078286172964 ], [ -159.811795608086783, -21.200078286172964 ], [ -159.811164251285788, -21.199833282041233 ], [ -159.81107001892741, -21.199776742626216 ], [ -159.811041749219925, -21.199786165862051 ], [ -159.811013479512411, -21.199757896154544 ], [ -159.811060595691572, -21.19974847291871 ], [ -159.811060595691572, -21.1997202032112 ], [ -159.81097578656906, -21.199710779975366 ], [ -159.81097578656906, -21.199673087032021 ], [ -159.810900400682385, -21.1997202032112 ], [ -159.810919247154061, -21.199729626447038 ], [ -159.810900400682385, -21.199757896154544 ], [ -159.810843861267358, -21.19974847291871 ], [ -159.81083443803152, -21.199701356739528 ], [ -159.810806168324007, -21.1997202032112 ], [ -159.810806168324007, -21.199701356739528 ], [ -159.81074020567317, -21.199682510267859 ], [ -159.810721359201494, -21.199691933503694 ], [ -159.810721359201494, -21.199757896154544 ], [ -159.810693089493981, -21.19974847291871 ], [ -159.810693089493981, -21.1997202032112 ], [ -159.810655396550658, -21.1997202032112 ], [ -159.810636550078982, -21.199786165862051 ], [ -159.810664819786467, -21.199776742626216 ], [ -159.810664819786467, -21.199805012333723 ], [ -159.810542317720603, -21.199899244692084 ], [ -159.810485778305605, -21.199984053814603 ], [ -159.810438662126415, -21.199993477050441 ], [ -159.809826151797097, -21.200002900286275 ], [ -159.809383259712803, -21.199974630578769 ], [ -159.8091194091094, -21.200050016465454 ], [ -159.808525745251757, -21.200021746757947 ], [ -159.807696500498196, -21.200031169993785 ], [ -159.807055720461364, -21.199984053814603 ], [ -159.806641098084583, -21.199993477050441 ], [ -159.806348977773666, -21.200021746757947 ], [ -159.806094550406101, -21.200087709408798 ], [ -159.805519733020105, -21.200304443833023 ], [ -159.804878952983273, -21.20042694589889 ], [ -159.804567986200681, -21.200455215606397 ], [ -159.804002592050551, -21.200455215606397 ], [ -159.80322046347618, -21.200389252955546 ], [ -159.80243833490178, -21.2002196347105 ], [ -159.802099098411702, -21.20010655588047 ], [ -159.801957749874163, -21.199984053814603 ], [ -159.801797554864947, -21.199757896154544 ], [ -159.801778708393272, -21.199710779975366 ], [ -159.801797554864947, -21.199503468786975 ], [ -159.801778708393272, -21.199437506136125 ], [ -159.801722168978273, -21.199380966721112 ], [ -159.801580820440734, -21.199296157598589 ], [ -159.801382932488167, -21.199258464655244 ], [ -159.801260430422303, -21.199154809061049 ], [ -159.801175621299791, -21.199032306995186 ], [ -159.800949463639739, -21.198919228165156 ], [ -159.800845808045523, -21.198834419042633 ], [ -159.800450032140418, -21.198740186684272 ], [ -159.799658480330208, -21.198787302863455 ], [ -159.798848082048323, -21.198721340212604 ], [ -159.798471152614894, -21.198740186684272 ], [ -159.798452306143218, -21.198759033155945 ], [ -159.798263841426518, -21.198777879627617 ], [ -159.798235571719005, -21.198768456391782 ], [ -159.798235571719005, -21.198721340212604 ], [ -159.798150762596492, -21.198721340212604 ], [ -159.798094223181465, -21.198674224033422 ], [ -159.797199015777068, -21.198693070505094 ], [ -159.796718430749422, -21.198740186684272 ], [ -159.796690161041937, -21.198721340212604 ], [ -159.796690161041937, -21.198740186684272 ], [ -159.79663362162691, -21.19874960992011 ], [ -159.796068227476752, -21.198796726099289 ], [ -159.796049381005105, -21.198815572570961 ], [ -159.796002264825916, -21.198796726099289 ], [ -159.795860916288376, -21.198815572570961 ], [ -159.7958420698167, -21.198796726099289 ], [ -159.795813800109187, -21.198834419042633 ], [ -159.795653605099972, -21.198834419042633 ], [ -159.795418024204082, -21.198881535221812 ], [ -159.795399177732406, -21.19886268875014 ], [ -159.795116480657356, -21.198872111985974 ], [ -159.794993978591464, -21.198853265514305 ], [ -159.794513393563847, -21.19892865140099 ], [ -159.79389145999869, -21.199164232296887 ], [ -159.793863190291177, -21.199145385825215 ], [ -159.793816074111987, -21.199192502004394 ], [ -159.79357106998026, -21.199267887891082 ], [ -159.793420298206883, -21.199343273777767 ], [ -159.793392028499397, -21.199333850541933 ], [ -159.793307219376857, -21.199380966721112 ], [ -159.793165870839317, -21.199409236428618 ], [ -159.792195277548245, -21.199739049682872 ], [ -159.791139875134604, -21.200144248823815 ], [ -159.790847754823716, -21.200238481182172 ], [ -159.790819485116202, -21.200229057946338 ], [ -159.790602750691988, -21.200313867068861 ], [ -159.790461402154449, -21.200332713540529 ], [ -159.789886584768453, -21.20054002472892 ], [ -159.789679273580049, -21.200653103558949 ], [ -159.789226958259945, -21.200822721803995 ], [ -159.78897253089238, -21.200973493577369 ], [ -159.78873694999649, -21.201077149171564 ], [ -159.788501369100572, -21.201246767416606 ], [ -159.787851165827902, -21.201614273614204 ], [ -159.787719240526201, -21.201717929208399 ], [ -159.787106730196882, -21.202057165698491 ], [ -159.786946535187667, -21.202000626283475 ], [ -159.786861726065155, -21.202000626283475 ], [ -159.78679576341429, -21.20196293334013 ], [ -159.786626145169237, -21.201953510104296 ], [ -159.786569605754238, -21.201906393925118 ], [ -159.786531912810887, -21.20192524039679 ], [ -159.786399987509185, -21.201887547453445 ], [ -159.786352871330024, -21.201906393925118 ], [ -159.785891132774054, -21.201915817160952 ], [ -159.785844016594865, -21.201953510104296 ], [ -159.785721514529001, -21.201953510104296 ], [ -159.785712091293163, -21.201972356575968 ], [ -159.785533049812301, -21.201991203047641 ], [ -159.785485933633112, -21.202019472755147 ], [ -159.785438817453922, -21.202010049519309 ], [ -159.785316315388059, -21.20210428187767 ], [ -159.785269199208898, -21.202085435405998 ], [ -159.785231506265546, -21.202113705113504 ], [ -159.785193813322195, -21.20210428187767 ], [ -159.785071311256331, -21.202179667764355 ], [ -159.78503361831298, -21.202236207179372 ], [ -159.784986502133819, -21.202236207179372 ], [ -159.784929962718792, -21.20228332335855 ], [ -159.784958232426305, -21.202321016301894 ], [ -159.785014771841333, -21.202321016301894 ], [ -159.785052464784656, -21.202349286009401 ], [ -159.785043041548818, -21.202405825424417 ], [ -159.785071311256331, -21.202434095131924 ], [ -159.785118427435521, -21.202405825424417 ], [ -159.785109004199683, -21.202358709245235 ], [ -159.785156120378872, -21.202349286009401 ], [ -159.785193813322195, -21.202311593066057 ], [ -159.785193813322195, -21.202273900122716 ], [ -159.785240929501384, -21.202255053651044 ], [ -159.785222083029709, -21.202217360707699 ], [ -159.785269199208898, -21.202189091000193 ], [ -159.785269199208898, -21.202123128349342 ], [ -159.785382278038924, -21.202123128349342 ], [ -159.785438817453922, -21.202255053651044 ], [ -159.785617858934813, -21.202207937471861 ], [ -159.785806323651542, -21.202207937471861 ], [ -159.785891132774054, -21.202151398056849 ], [ -159.786070174254945, -21.202113705113504 ], [ -159.786447103688374, -21.20210428187767 ], [ -159.786597875461752, -21.202123128349342 ], [ -159.786729800763453, -21.202170244528521 ], [ -159.786776916942614, -21.202160821292683 ], [ -159.786805186650128, -21.202189091000193 ], [ -159.786814609885965, -21.202236207179372 ], [ -159.786729800763453, -21.20228332335855 ], [ -159.786805186650128, -21.202311593066057 ], [ -159.786814609885965, -21.202377555716907 ], [ -159.78665441487675, -21.202415248660252 ], [ -159.786673261348426, -21.202490634546937 ], [ -159.786268062207483, -21.202924103395386 ], [ -159.786164406613295, -21.20307487516876 ], [ -159.786041904547432, -21.203187953998789 ], [ -159.786041904547432, -21.203216223706299 ], [ -159.785844016594865, -21.203404688423014 ], [ -159.785768630708191, -21.203517767253047 ], [ -159.785721514529001, -21.203517767253047 ], [ -159.785467087161436, -21.203385841951345 ], [ -159.785410547746437, -21.203385841951345 ], [ -159.78535400833141, -21.203432958130524 ], [ -159.785382278038924, -21.203480074309702 ], [ -159.785467087161436, -21.203508344017209 ], [ -159.785485933633112, -21.203536613724715 ], [ -159.785533049812301, -21.203536613724715 ], [ -159.785551896283977, -21.20357430666806 ], [ -159.785683821585678, -21.203611999611404 ], [ -159.785825170123189, -21.203687385498089 ], [ -159.785834593359027, -21.203762771384778 ], [ -159.785683821585678, -21.203951236101492 ], [ -159.785655551878165, -21.204054891695687 ], [ -159.785580165991462, -21.204186816997389 ], [ -159.785580165991462, -21.204233933176567 ], [ -159.785419970982275, -21.204516630251643 ], [ -159.785363431567248, -21.204563746430825 ], [ -159.785325738623897, -21.204526053487481 ], [ -159.785382278038924, -21.204657978789182 ], [ -159.785382278038924, -21.204714518204195 ], [ -159.785071311256331, -21.204884136449241 ], [ -159.784995925369657, -21.20495952233593 ], [ -159.784958232426305, -21.20495952233593 ], [ -159.784920539482954, -21.205006638515108 ], [ -159.784826307124604, -21.205034908222615 ], [ -159.784515340342011, -21.205242219411005 ], [ -159.784487070634526, -21.205242219411005 ], [ -159.784458800927013, -21.205157410288482 ], [ -159.784355145332825, -21.204714518204195 ], [ -159.784251489738608, -21.204412974657451 ], [ -159.784223220031123, -21.204224509940733 ], [ -159.784204373559447, -21.204224509940733 ], [ -159.784138410908582, -21.203979505809002 ], [ -159.784138410908582, -21.203904119922313 ], [ -159.784100717965231, -21.203838157271463 ], [ -159.784100717965231, -21.20378161785645 ], [ -159.784063025021908, -21.203734501677271 ], [ -159.784006485606881, -21.203451804602196 ], [ -159.783949946191882, -21.203310456064656 ], [ -159.783949946191882, -21.203235070177971 ], [ -159.783893406776855, -21.20310314487627 ], [ -159.783902830012693, -21.203056028697087 ], [ -159.783836867361828, -21.202924103395386 ], [ -159.783921676484368, -21.202858140744535 ], [ -159.783893406776855, -21.202792178093684 ], [ -159.783949946191882, -21.202792178093684 ], [ -159.783968792663529, -21.202660252791983 ], [ -159.783940522956044, -21.202650829556148 ], [ -159.783949946191882, -21.202622559848642 ], [ -159.783921676484368, -21.20260371337697 ], [ -159.783836867361828, -21.202641406320311 ], [ -159.783742635003478, -21.202622559848642 ], [ -159.783676672352641, -21.202660252791983 ], [ -159.78363897940929, -21.202716792206999 ], [ -159.783488207635912, -21.202726215442834 ], [ -159.783488207635912, -21.202773331622012 ], [ -159.783365705570048, -21.202839294272863 ], [ -159.783356282334211, -21.202867563980373 ], [ -159.783233780268347, -21.202905256923714 ], [ -159.783214933796671, -21.202933526631224 ], [ -159.783045315551618, -21.203008912517909 ], [ -159.782988776136619, -21.203008912517909 ], [ -159.782979352900782, -21.203046605461253 ], [ -159.782875697306594, -21.203084298404598 ], [ -159.782856850834918, -21.203112568112104 ], [ -159.782828581127404, -21.203093721640432 ], [ -159.782828581127404, -21.203121991347938 ], [ -159.782743772004892, -21.203197377234627 ], [ -159.782658962882351, -21.203235070177971 ], [ -159.782593000231515, -21.203310456064656 ], [ -159.782517614344812, -21.203348149008001 ], [ -159.782442228458137, -21.203451804602196 ], [ -159.78238568904311, -21.203470651073864 ], [ -159.782404535514786, -21.203498920781374 ], [ -159.782357419335625, -21.203546036960553 ], [ -159.782140684911383, -21.203536613724715 ], [ -159.782131261675545, -21.203564883432225 ], [ -159.78210299196806, -21.203564883432225 ], [ -159.782093568732222, -21.203536613724715 ], [ -159.782008759609681, -21.203536613724715 ], [ -159.781886257543817, -21.203564883432225 ], [ -159.781801448421305, -21.203630846083076 ], [ -159.781678946355441, -21.203593153139732 ], [ -159.781443365459523, -21.203621422847238 ], [ -159.78132086339366, -21.20366853902642 ], [ -159.780962780431906, -21.203734501677271 ], [ -159.780727199536017, -21.203828734035628 ], [ -159.780444502460938, -21.203847580507301 ], [ -159.780312577159236, -21.203922966393986 ], [ -159.779907378018294, -21.204036045224015 ], [ -159.779756606244916, -21.204036045224015 ], [ -159.779766029480754, -21.204083161403197 ], [ -159.779709490065756, -21.204083161403197 ], [ -159.77969064359408, -21.204120854346538 ], [ -159.779652950650728, -21.204111431110704 ], [ -159.779652950650728, -21.20413970081821 ], [ -159.779530448584865, -21.204196240233227 ], [ -159.779530448584865, -21.204224509940733 ], [ -159.779492755641513, -21.204233933176567 ], [ -159.779398523283163, -21.204328165534928 ], [ -159.779341983868136, -21.204337588770763 ], [ -159.779276021217299, -21.204441244364958 ], [ -159.779247751509786, -21.204441244364958 ], [ -159.779238328273948, -21.204478937308302 ], [ -159.77913467267976, -21.204544899959153 ], [ -159.77904044032141, -21.204648555553344 ], [ -159.778107539973661, -21.205016061750943 ], [ -159.777853112606095, -21.205100870873466 ], [ -159.777796573191068, -21.205100870873466 ], [ -159.777768303483555, -21.205072601165959 ], [ -159.777598685238502, -21.205110294109303 ], [ -159.777429066993477, -21.205195103231826 ], [ -159.777334834635099, -21.205213949703495 ], [ -159.77718406286175, -21.205308182061856 ], [ -159.777089830503371, -21.20531760529769 ], [ -159.777089830503371, -21.205336451769362 ], [ -159.777052137560048, -21.20531760529769 ], [ -159.77681655666413, -21.205440107363557 ], [ -159.77672232430578, -21.205449530599392 ], [ -159.776703477834104, -21.205487223542736 ], [ -159.776656361654943, -21.205487223542736 ], [ -159.776552706060727, -21.205553186193587 ], [ -159.776477320174052, -21.205534339721915 ], [ -159.776477320174052, -21.205572032665259 ], [ -159.776383087815702, -21.205572032665259 ], [ -159.776326548400675, -21.205647418551944 ], [ -159.776185199863136, -21.205732227674467 ], [ -159.776147506919784, -21.205732227674467 ], [ -159.776090967504786, -21.205798190325318 ], [ -159.776025004853921, -21.205835883268662 ], [ -159.775996735146435, -21.20581703679699 ], [ -159.775864809844705, -21.205911269155347 ], [ -159.775827116901382, -21.205911269155347 ], [ -159.775742307778842, -21.206005501513708 ], [ -159.775714038071357, -21.206005501513708 ], [ -159.775704614835519, -21.206043194457049 ], [ -159.775666921892167, -21.206033771221215 ], [ -159.775666921892167, -21.206071464164559 ], [ -159.775619805712978, -21.206062040928721 ], [ -159.775582112769655, -21.20613742681541 ], [ -159.775506726882952, -21.206118580343738 ], [ -159.775459610703791, -21.206212812702095 ], [ -159.775403071288764, -21.206222235937933 ], [ -159.775384224817088, -21.206184542994588 ], [ -159.775110950977847, -21.206175119758754 ], [ -159.775110950977847, -21.206269352117111 ], [ -159.775054411562849, -21.206269352117111 ], [ -159.775044988327011, -21.20620338946626 ], [ -159.774997872147821, -21.20620338946626 ], [ -159.775007295383659, -21.205977231806198 ], [ -159.77486594684612, -21.205977231806198 ], [ -159.774828253902768, -21.205920692391185 ], [ -159.774611519478555, -21.205826460032828 ], [ -159.774602096242717, -21.205666265023616 ], [ -159.774573826535203, -21.205656841787782 ], [ -159.774573826535203, -21.205609725608603 ], [ -159.774479594176853, -21.205581455901093 ], [ -159.774498440648529, -21.205600302372765 ], [ -159.774460747705177, -21.205609725608603 ], [ -159.774479594176853, -21.205628572080272 ], [ -159.774460747705177, -21.205656841787782 ], [ -159.774489017412691, -21.20581703679699 ], [ -159.774517287120204, -21.205845306504497 ], [ -159.774526710356042, -21.205930115627019 ], [ -159.774564403299365, -21.205967808570364 ], [ -159.774583249771041, -21.206193966230423 ], [ -159.77463036595023, -21.206250505645439 ], [ -159.774639789186068, -21.206307045060456 ], [ -159.77463036595023, -21.206486086541336 ], [ -159.77454555682769, -21.206438970362157 ], [ -159.774517287120204, -21.206165696522916 ], [ -159.774554980063527, -21.206175119758754 ], [ -159.774554980063527, -21.206156273287082 ], [ -159.774498440648529, -21.206128003579572 ], [ -159.774489017412691, -21.206005501513708 ], [ -159.774451324469339, -21.205977231806198 ], [ -159.774423054761826, -21.205864152976169 ], [ -159.774375938582665, -21.205826460032828 ], [ -159.774366515346827, -21.205751074146139 ], [ -159.7743099759318, -21.205694534731123 ], [ -159.774291129460124, -21.205628572080272 ], [ -159.774262859752639, -21.205619148844438 ], [ -159.774272282988449, -21.205590879136931 ], [ -159.774159204158423, -21.20549664677857 ], [ -159.774149780922585, -21.20545895383523 ], [ -159.774008432385045, -21.205383567948541 ], [ -159.773970739441722, -21.205345875005197 ], [ -159.773970739441722, -21.205308182061856 ], [ -159.773951892970047, -21.205308182061856 ], [ -159.773951892970047, -21.205279912354346 ], [ -159.773989585913398, -21.205279912354346 ], [ -159.773999009149236, -21.205232796175167 ], [ -159.773999009149236, -21.205185679995989 ], [ -159.773970739441722, -21.205185679995989 ], [ -159.773989585913398, -21.205176256760154 ], [ -159.773970739441722, -21.205157410288482 ], [ -159.77398016267756, -21.205119717345138 ], [ -159.773923623262533, -21.205129140580976 ], [ -159.773904776790857, -21.205289335590184 ], [ -159.773725735309995, -21.205298758826018 ], [ -159.773207457339026, -21.205195103231826 ], [ -159.772594947009679, -21.205185679995989 ], [ -159.771888204321982, -21.20513856381681 ], [ -159.771068382804287, -21.205025484986781 ], [ -159.770851648380045, -21.20495952233593 ], [ -159.770823378672532, -21.204921829392585 ], [ -159.770766839257533, -21.204921829392585 ], [ -159.770540681597481, -21.20481817379839 ], [ -159.769937594503972, -21.204648555553344 ], [ -159.769824515673946, -21.204554323194987 ], [ -159.769475855948031, -21.204488360544136 ], [ -159.7691554659296, -21.20446009083663 ], [ -159.768976424448709, -21.204394128185779 ], [ -159.768147179695177, -21.204215086704899 ], [ -159.767779673497557, -21.204102007874866 ], [ -159.767506399658316, -21.204073738167359 ], [ -159.767459283479155, -21.204045468459853 ], [ -159.767082354045726, -21.203970082573164 ], [ -159.766827926678161, -21.203857003743135 ], [ -159.766526383131406, -21.203791041092284 ], [ -159.765970412217087, -21.203696808733927 ], [ -159.765621752491171, -21.203677962262255 ], [ -159.7650280886335, -21.203602576375566 ], [ -159.76447211771918, -21.203498920781374 ], [ -159.764217690351614, -21.203414111658851 ], [ -159.764048072106561, -21.203319879300494 ], [ -159.763840760918185, -21.203272763121312 ], [ -159.763096325287165, -21.202999489282075 ], [ -159.762823051447924, -21.202999489282075 ], [ -159.762191694646901, -21.202942949867058 ], [ -159.760872441629886, -21.20296179633873 ], [ -159.760005503933002, -21.202933526631224 ], [ -159.75922337535863, -21.202886410452045 ], [ -159.758601441793445, -21.202801601329522 ], [ -159.758054894114991, -21.20278275485785 ], [ -159.757875852634101, -21.202754485150344 ], [ -159.757395267606483, -21.202773331622012 ], [ -159.757037184644702, -21.202839294272863 ], [ -159.75649063696622, -21.202829871037029 ], [ -159.756330441957033, -21.202848717508701 ], [ -159.756245632834492, -21.202829871037029 ], [ -159.756000628702765, -21.202876987216207 ], [ -159.755831010457712, -21.202942949867058 ], [ -159.755444657788445, -21.202980642810402 ], [ -159.755124267770043, -21.203093721640432 ], [ -159.755030035411664, -21.203084298404598 ], [ -159.754643682742397, -21.203197377234627 ], [ -159.754549450384047, -21.203197377234627 ], [ -159.754417525082346, -21.203244493413806 ], [ -159.754134828007267, -21.203291609592984 ], [ -159.753795591517189, -21.203423534894686 ], [ -159.753550587385462, -21.203489497545537 ], [ -159.75342808531957, -21.203564883432225 ], [ -159.753343276197057, -21.20357430666806 ], [ -159.75286269116944, -21.20378161785645 ], [ -159.752137102010067, -21.203979505809002 ], [ -159.75198633023669, -21.204073738167359 ], [ -159.751948637293367, -21.204073738167359 ], [ -159.751910944350016, -21.204111431110704 ], [ -159.751769595812476, -21.204167970525717 ], [ -159.751364396671534, -21.20446009083663 ], [ -159.751270164313183, -21.204488360544136 ], [ -159.75110054606813, -21.204629709081676 ], [ -159.750770732813862, -21.20478048085505 ], [ -159.75045034279546, -21.205082024401793 ], [ -159.750177068956219, -21.205270489118512 ], [ -159.750082836597869, -21.205298758826018 ], [ -159.75003572041868, -21.205345875005197 ], [ -159.749781293051115, -21.20545895383523 ], [ -159.749630521277737, -21.205553186193587 ], [ -159.749225322136795, -21.205685111495288 ], [ -159.748914355354202, -21.205882999447841 ], [ -159.748669351222475, -21.206118580343738 ], [ -159.748433770326585, -21.206297621824618 ], [ -159.747840106468942, -21.206928978625619 ], [ -159.747340674969621, -21.207277638351545 ], [ -159.747340674969621, -21.207296484823217 ], [ -159.747265289082947, -21.207324754530724 ], [ -159.747189903196244, -21.207409563653247 ], [ -159.747057977894542, -21.207475526304098 ], [ -159.746897782885355, -21.207607451605799 ], [ -159.746803550526977, -21.207720530435829 ], [ -159.746718741404464, -21.207758223379173 ], [ -159.74632296549936, -21.208153999284278 ], [ -159.746285272556008, -21.208219961935129 ], [ -159.746068538131794, -21.208389580180175 ], [ -159.745719878405851, -21.208719393434428 ], [ -159.745493720745799, -21.209068053160355 ], [ -159.745267563085747, -21.209265941112907 ], [ -159.745173330727397, -21.20937901994294 ], [ -159.744890633652318, -21.20955806142382 ], [ -159.744805824529777, -21.209595754367161 ], [ -159.744758708350616, -21.209586331131327 ], [ -159.744749285114779, -21.209614600838833 ], [ -159.744636206284753, -21.209699409961356 ], [ -159.744589090105563, -21.209708833197194 ], [ -159.744551397162212, -21.209755949376373 ], [ -159.744438318332186, -21.209793642319717 ], [ -159.744410048624673, -21.209831335263058 ], [ -159.744136774785431, -21.209953837328925 ], [ -159.744014272719568, -21.210038646451448 ], [ -159.74391061712538, -21.210142302045643 ], [ -159.74386350094619, -21.210151725281477 ], [ -159.74358080387114, -21.210490961771569 ], [ -159.743411185626087, -21.210632310309105 ], [ -159.742779828825093, -21.21091500738418 ], [ -159.742440592334987, -21.211225974166762 ], [ -159.742073086137395, -21.211423862119315 ], [ -159.741592501109778, -21.2117348289019 ], [ -159.741488845515562, -21.211772521845241 ], [ -159.741243841383834, -21.211942140090287 ], [ -159.740810372535378, -21.212187144222018 ], [ -159.740395750158626, -21.212554650419616 ], [ -159.739915165130981, -21.21288446367387 ], [ -159.738935148604071, -21.21341216488068 ], [ -159.738765530359018, -21.213544090182381 ], [ -159.73852052622729, -21.213685438719917 ], [ -159.738360331218075, -21.213817364021619 ], [ -159.738049364435483, -21.214005828738337 ], [ -159.737955132077133, -21.21409063786086 ], [ -159.737267235861111, -21.214495837001799 ], [ -159.737191849974437, -21.21456179965265 ], [ -159.736381451692552, -21.214995268501099 ], [ -159.736183563739985, -21.215136617038638 ], [ -159.735514513995639, -21.215504123236236 ], [ -159.7353731654581, -21.215607778830428 ], [ -159.73527893309975, -21.215636048537938 ], [ -159.735250663392236, -21.215683164717117 ], [ -159.735222393684751, -21.215673741481279 ], [ -159.735175277505562, -21.215702011188789 ], [ -159.735015082496346, -21.215824513254653 ], [ -159.734977389552995, -21.215815090018818 ], [ -159.734939696609672, -21.215881052669669 ], [ -159.734892580430483, -21.215881052669669 ], [ -159.734770078364619, -21.215984708263864 ], [ -159.734713538949592, -21.215984708263864 ], [ -159.73472296218543, -21.216012977971371 ], [ -159.734685269242107, -21.216022401207205 ], [ -159.734591036883728, -21.2161260568014 ], [ -159.734525074232891, -21.216154326508907 ], [ -159.73439314893119, -21.216286251810608 ], [ -159.734364879223676, -21.216286251810608 ], [ -159.733987949790247, -21.216672604479879 ], [ -159.733526211234278, -21.217322807752552 ], [ -159.733347169753415, -21.217652621006806 ], [ -159.733158705036686, -21.21816147574194 ], [ -159.733111588857497, -21.218236861628629 ], [ -159.732960817084148, -21.218736293127929 ], [ -159.732810045310771, -21.219320533749752 ], [ -159.732772352367419, -21.219706886419019 ], [ -159.732706389716554, -21.219961313786587 ], [ -159.732696966480745, -21.220140355267468 ], [ -159.732640427065718, -21.220281703805007 ], [ -159.732583887650691, -21.220649210002605 ], [ -159.732546194707368, -21.220743442360963 ], [ -159.732461385584827, -21.221798844774575 ], [ -159.732376576462315, -21.222279429802203 ], [ -159.732385999698153, -21.222920209839042 ], [ -159.73230119057564, -21.223165213970773 ], [ -159.732263497632289, -21.223419641338342 ], [ -159.732140995566425, -21.223636375762567 ], [ -159.732084456151398, -21.223843686950953 ], [ -159.73207503291556, -21.22425830932773 ], [ -159.732140995566425, -21.224663508468673 ], [ -159.732122149094749, -21.224861396421225 ], [ -159.732037339972237, -21.225162939967973 ], [ -159.731990223793048, -21.225247749090496 ], [ -159.731895991434698, -21.225615255288091 ], [ -159.73188656819886, -21.22575660382563 ], [ -159.731764066132996, -21.226058147372378 ], [ -159.731707526717969, -21.226397383862466 ], [ -159.731594447887943, -21.226717773880885 ], [ -159.731387136699539, -21.227801446002008 ], [ -159.73123636492619, -21.228225491614619 ], [ -159.731142132567811, -21.228366840152159 ], [ -159.731038476973623, -21.228592997812218 ], [ -159.730972514322787, -21.228894541358965 ], [ -159.730925398143597, -21.22899819695316 ], [ -159.730906551671922, -21.229158391962368 ], [ -159.730859435492732, -21.229262047556563 ], [ -159.730802896077734, -21.229563591103311 ], [ -159.730708663719383, -21.229780325527535 ], [ -159.730642701068518, -21.229874557885893 ], [ -159.730614431361005, -21.230072445838445 ], [ -159.730557891946006, -21.230232640847653 ], [ -159.730473082823465, -21.23085457441282 ], [ -159.730388273700953, -21.231127848252058 ], [ -159.729964228088335, -21.232117288014823 ], [ -159.729898265437498, -21.232616719514123 ], [ -159.729738070428283, -21.233314038965975 ], [ -159.729464796589042, -21.233954819002811 ], [ -159.729370564230692, -21.234265785785393 ], [ -159.729134983334774, -21.234652138454663 ], [ -159.729116136863126, -21.234746370813021 ], [ -159.729087867155613, -21.234774640520531 ], [ -159.728908825674722, -21.235255225548158 ], [ -159.728852286259723, -21.235528499387396 ], [ -159.728692091250508, -21.23585831264165 ], [ -159.728541319477131, -21.236301204725937 ], [ -159.728465933590428, -21.2364237067918 ], [ -159.728334008288726, -21.236555632093502 ], [ -159.728211506222863, -21.236810059461071 ], [ -159.728145543572026, -21.23688544534776 ], [ -159.72812669710035, -21.23695140799861 ], [ -159.728089004156999, -21.236970254470279 ], [ -159.728098427392837, -21.236989100941951 ], [ -159.728060734449485, -21.237017370649461 ], [ -159.728051311213676, -21.237073910064474 ], [ -159.727994771798649, -21.237121026243653 ], [ -159.728004195034487, -21.237149295951163 ], [ -159.727957078855297, -21.237177565658669 ], [ -159.727966502091135, -21.237205835366176 ], [ -159.727919385911974, -21.237262374781192 ], [ -159.727928809147784, -21.237300067724536 ], [ -159.727881692968623, -21.237431993026238 ], [ -159.727759190902759, -21.237667573922131 ], [ -159.72771207472357, -21.237827768931343 ], [ -159.727598995893544, -21.238553358090702 ], [ -159.727504763535194, -21.238826631929943 ], [ -159.727372838233492, -21.239033943118329 ], [ -159.727222066460115, -21.239439142259272 ], [ -159.727005332035873, -21.239797225221032 ], [ -159.726722634960822, -21.240155308182796 ], [ -159.72627031964069, -21.240918590285499 ], [ -159.726119547867313, -21.241088208530542 ], [ -159.726081854923962, -21.24116359441723 ], [ -159.726053585216476, -21.241173017653065 ], [ -159.726063008452314, -21.241191864124737 ], [ -159.726015892273125, -21.241210710596409 ], [ -159.726025315508963, -21.241229557068081 ], [ -159.725987622565611, -21.241229557068081 ], [ -159.725978199329774, -21.241286096483094 ], [ -159.725799157848883, -21.241446291492306 ], [ -159.725723771962208, -21.241549947086501 ], [ -159.725582423424669, -21.24163475620902 ], [ -159.725327996057104, -21.241653602680692 ], [ -159.725337419292941, -21.241625332973186 ], [ -159.725309149585428, -21.241597063265679 ], [ -159.725337419292941, -21.241597063265679 ], [ -159.725337419292941, -21.241521677378991 ], [ -159.725318572821266, -21.241521677378991 ], [ -159.725290303113752, -21.241568793558169 ], [ -159.725224340462916, -21.241597063265679 ], [ -159.725196070755402, -21.241681872388202 ], [ -159.725130108104565, -21.241691295624037 ], [ -159.725177224283726, -21.241757258274887 ], [ -159.725252610170429, -21.241757258274887 ], [ -159.725309149585428, -21.241832644161576 ], [ -159.725243186934591, -21.241804374454066 ], [ -159.72520549399124, -21.241813797689904 ], [ -159.725186647519564, -21.241785527982394 ], [ -159.725082991925376, -21.241813797689904 ], [ -159.724960489859512, -21.241983415934946 ], [ -159.724922796916161, -21.241964569463278 ], [ -159.724894527208647, -21.241992839170784 ], [ -159.724875680736972, -21.242077648293307 ], [ -159.724819141321973, -21.242087071529141 ], [ -159.724790871614459, -21.242068225057469 ], [ -159.724781448378621, -21.24216245741583 ], [ -159.724687216020271, -21.242171880651664 ], [ -159.724668369548596, -21.242369768604217 ], [ -159.724640099841082, -21.242407461547561 ], [ -159.724687216020271, -21.242435731255068 ], [ -159.724687216020271, -21.242464000962574 ], [ -159.724668369548596, -21.242464000962574 ], [ -159.724668369548596, -21.242614772735948 ], [ -159.724687216020271, -21.24263361920762 ], [ -159.724687216020271, -21.242737274801815 ], [ -159.724724908963623, -21.242774967745159 ], [ -159.724715485727785, -21.242793814216832 ], [ -159.724658946312758, -21.242765544509322 ], [ -159.724611830133568, -21.242774967745159 ], [ -159.724564713954408, -21.242869200103517 ], [ -159.724498751303543, -21.242869200103517 ], [ -159.724489328067705, -21.242916316282695 ], [ -159.724536444246894, -21.242935162754367 ], [ -159.724536444246894, -21.242963432461874 ], [ -159.72450817453938, -21.242972855697712 ], [ -159.724470481596029, -21.243048241584397 ], [ -159.724442211888544, -21.243048241584397 ], [ -159.724442211888544, -21.243085934527741 ], [ -159.724479904831867, -21.243104780999413 ], [ -159.72446105836022, -21.243151897178592 ], [ -159.724479904831867, -21.243227283065277 ], [ -159.724423365416868, -21.243246129536949 ], [ -159.724404518945192, -21.243283822480294 ], [ -159.724347979530165, -21.243274399244459 ], [ -159.724329133058518, -21.243330938659472 ], [ -159.724347979530165, -21.243359208366982 ], [ -159.724432788652706, -21.243349785131144 ], [ -159.72446105836022, -21.243387478074489 ], [ -159.724432788652706, -21.243453440725339 ], [ -159.724404518945192, -21.243425171017833 ], [ -159.724357402766003, -21.243425171017833 ], [ -159.724357402766003, -21.243406324546161 ], [ -159.72431970982268, -21.243453440725339 ], [ -159.724347979530165, -21.243585366027041 ], [ -159.724423365416868, -21.243566519555369 ], [ -159.724489328067705, -21.24363248220622 ], [ -159.724583560426083, -21.243585366027041 ], [ -159.724583560426083, -21.243641905442058 ], [ -159.724724908963623, -21.243613635734548 ], [ -159.724753178671108, -21.243651328677892 ], [ -159.724781448378621, -21.243651328677892 ], [ -159.724800294850297, -21.243594789262875 ], [ -159.724837987793649, -21.243585366027041 ], [ -159.724913373680323, -21.243594789262875 ], [ -159.724988759567026, -21.243566519555369 ], [ -159.725214917227078, -21.243547673083697 ], [ -159.725280879877914, -21.243566519555369 ], [ -159.725582423424669, -21.243547673083697 ], [ -159.725723771962208, -21.243585366027041 ], [ -159.726091278159799, -21.243575942791203 ], [ -159.726166664046502, -21.243594789262875 ], [ -159.72631743581988, -21.243689021621236 ], [ -159.726543593479931, -21.243896332809623 ], [ -159.726760327904145, -21.244150760177192 ], [ -159.727043024979224, -21.244263839007221 ], [ -159.727231489695953, -21.244254415771387 ], [ -159.727288029110952, -21.244282685478893 ], [ -159.727344568525979, -21.244273262243055 ], [ -159.727401107940977, -21.2443109551864 ], [ -159.727533033242679, -21.244320378422238 ], [ -159.727598995893544, -21.244273262243055 ], [ -159.727589572657706, -21.244216722828043 ], [ -159.727551879714355, -21.244216722828043 ], [ -159.727598995893544, -21.244169606648864 ], [ -159.727598995893544, -21.243999988403818 ], [ -159.727514186771032, -21.243924602517129 ], [ -159.727580149421868, -21.243754984272087 ], [ -159.727627265601058, -21.24369844485707 ], [ -159.727655535308571, -21.24369844485707 ], [ -159.727655535308571, -21.243670175149564 ], [ -159.727702651487732, -21.243670175149564 ], [ -159.727721497959408, -21.243641905442058 ], [ -159.727787460610273, -21.243623058970385 ], [ -159.727815730317758, -21.243575942791203 ], [ -159.727778037374435, -21.243566519555369 ], [ -159.727834576789434, -21.243538249847862 ], [ -159.727881692968623, -21.243462863961174 ], [ -159.727919385911974, -21.243462863961174 ], [ -159.727938232383622, -21.243425171017833 ], [ -159.728107850628675, -21.243330938659472 ], [ -159.728286892109566, -21.243274399244459 ], [ -159.728239775930376, -21.24334036189531 ], [ -159.728164390043702, -21.243378054838651 ], [ -159.728164390043702, -21.243349785131144 ], [ -159.728145543572026, -21.243349785131144 ], [ -159.728107850628675, -21.243406324546161 ], [ -159.727909962676137, -21.243509980140352 ], [ -159.727862846496947, -21.243594789262875 ], [ -159.727749767666921, -21.243689021621236 ], [ -159.727674381780218, -21.243802100451266 ], [ -159.727683805016056, -21.243849216630444 ], [ -159.727721497959408, -21.243877486337951 ], [ -159.72771207472357, -21.243934025752967 ], [ -159.727740344431083, -21.243952872224639 ], [ -159.727749767666921, -21.244009411639652 ], [ -159.727693228251894, -21.244028258111324 ], [ -159.727664958544381, -21.244065951054669 ], [ -159.727702651487732, -21.244075374290503 ], [ -159.727749767666921, -21.24413191370552 ], [ -159.727749767666921, -21.244169606648864 ], [ -159.727730921195246, -21.244169606648864 ], [ -159.727749767666921, -21.244179029884698 ], [ -159.727740344431083, -21.244263839007221 ], [ -159.727768614138597, -21.244301531950565 ], [ -159.727759190902759, -21.244395764308923 ], [ -159.727796883846082, -21.244669038148164 ], [ -159.727844000025271, -21.244725577563177 ], [ -159.727844000025271, -21.244885772572388 ], [ -159.727957078855297, -21.244904619044057 ], [ -159.727957078855297, -21.244951735223239 ], [ -159.727909962676137, -21.244951735223239 ], [ -159.727881692968623, -21.24498942816658 ], [ -159.727881692968623, -21.245102506996613 ], [ -159.727909962676137, -21.245130776704119 ], [ -159.727900539440299, -21.245168469647464 ], [ -159.727928809147784, -21.245215585826642 ], [ -159.72794765561946, -21.245573668788403 ], [ -159.727975925326973, -21.245649054675091 ], [ -159.727975925326973, -21.245790403212627 ], [ -159.727919385911974, -21.245846942627644 ], [ -159.727919385911974, -21.24587521233515 ], [ -159.72794765561946, -21.245922328514329 ], [ -159.728004195034487, -21.245941174986001 ], [ -159.727994771798649, -21.24598829116518 ], [ -159.727938232383622, -21.24598829116518 ], [ -159.727909962676137, -21.246016560872686 ], [ -159.727928809147784, -21.246091946759375 ], [ -159.727957078855297, -21.246101369995209 ], [ -159.727975925326973, -21.246299257947761 ], [ -159.728004195034487, -21.246318104419434 ], [ -159.727985348562811, -21.24637464383445 ], [ -159.728032464742, -21.246478299428645 ], [ -159.728070157685323, -21.246468876192807 ], [ -159.72812669710035, -21.246515992371986 ], [ -159.728239775930376, -21.246817535918733 ], [ -159.728305738581241, -21.246826959154571 ], [ -159.728352854760402, -21.246864652097912 ], [ -159.728381124467916, -21.246855228862078 ], [ -159.728409394175429, -21.246770419739555 ], [ -159.728550742712969, -21.246770419739555 ], [ -159.728579012420482, -21.246751573267883 ], [ -159.728644975071319, -21.246760996503721 ], [ -159.728635551835481, -21.246723303560376 ], [ -159.728673244778832, -21.246713880324538 ], [ -159.728673244778832, -21.24669503385287 ], [ -159.728805170080534, -21.246713880324538 ], [ -159.728814593316372, -21.246685610617032 ], [ -159.728842863023885, -21.246685610617032 ], [ -159.728833439788048, -21.246591378258675 ], [ -159.728786323608858, -21.246600801494509 ], [ -159.72877690037302, -21.246572531787002 ], [ -159.728748630665507, -21.246581955022837 ], [ -159.728739207429669, -21.246638494437853 ], [ -159.728720360957993, -21.246619647966181 ], [ -159.72868266801467, -21.246629071202019 ], [ -159.728673244778832, -21.246685610617032 ], [ -159.728654398307157, -21.24666676414536 ], [ -159.728644975071319, -21.246685610617032 ], [ -159.728616705363805, -21.246676187381198 ], [ -159.728635551835481, -21.246657340909525 ], [ -159.72859785889213, -21.246638494437853 ], [ -159.728616705363805, -21.246600801494509 ], [ -159.728569589184644, -21.246591378258675 ], [ -159.728607282127967, -21.246506569136152 ], [ -159.72859785889213, -21.246459452956973 ], [ -159.728616705363805, -21.246468876192807 ], [ -159.728607282127967, -21.246440606485301 ], [ -159.728626128599643, -21.246431183249463 ], [ -159.728644975071319, -21.246459452956973 ], [ -159.728739207429669, -21.246487722664479 ], [ -159.72882401655221, -21.246459452956973 ], [ -159.728805170080534, -21.246497145900317 ], [ -159.72882401655221, -21.246515992371986 ], [ -159.728786323608858, -21.246525415607824 ], [ -159.728795746844696, -21.246572531787002 ], [ -159.728842863023885, -21.246525415607824 ], [ -159.728880555967208, -21.246515992371986 ], [ -159.728889979203046, -21.246534838843658 ], [ -159.728908825674722, -21.246506569136152 ], [ -159.728937095382236, -21.24655368531533 ], [ -159.728974788325587, -21.24655368531533 ], [ -159.728984211561425, -21.246581955022837 ], [ -159.728965365089749, -21.246581955022837 ], [ -159.728955941853911, -21.246629071202019 ], [ -159.728927672146398, -21.246610224730347 ], [ -159.728861709495533, -21.246657340909525 ], [ -159.728899402438884, -21.246723303560376 ], [ -159.728908825674722, -21.24666676414536 ], [ -159.728965365089749, -21.24666676414536 ], [ -159.728955941853911, -21.24669503385287 ], [ -159.728974788325587, -21.246704457088704 ], [ -159.728965365089749, -21.246742150032048 ], [ -159.728889979203046, -21.246751573267883 ], [ -159.728880555967208, -21.246789266211227 ], [ -159.728974788325587, -21.246779842975389 ], [ -159.728993634797234, -21.246704457088704 ], [ -159.729031327740586, -21.24666676414536 ], [ -159.729087867155613, -21.246704457088704 ], [ -159.729078443919775, -21.246676187381198 ], [ -159.729134983334774, -21.246657340909525 ], [ -159.729134983334774, -21.246629071202019 ], [ -159.729172676278125, -21.246610224730347 ], [ -159.729248062164828, -21.246610224730347 ], [ -159.729210369221477, -21.246657340909525 ], [ -159.729219792457314, -21.24673272679621 ], [ -159.729144406570612, -21.246723303560376 ], [ -159.729172676278125, -21.246808112682899 ], [ -159.729276331872313, -21.246789266211227 ], [ -159.729266908636475, -21.246760996503721 ], [ -159.729304601579827, -21.24673272679621 ], [ -159.729266908636475, -21.246685610617032 ], [ -159.729257485400638, -21.246600801494509 ], [ -159.729266908636475, -21.246619647966181 ], [ -159.729304601579827, -21.246610224730347 ], [ -159.729304601579827, -21.246657340909525 ], [ -159.729370564230692, -21.246713880324538 ], [ -159.72947421982488, -21.246704457088704 ], [ -159.729483643060718, -21.24673272679621 ], [ -159.729540182475716, -21.246723303560376 ], [ -159.729606145126581, -21.246826959154571 ], [ -159.729596721890744, -21.246864652097912 ], [ -159.729559028947392, -21.24687407533375 ], [ -159.72956845218323, -21.246921191512929 ], [ -159.72947421982488, -21.246892921805422 ], [ -159.729389410702339, -21.246930614748763 ], [ -159.729389410702339, -21.246968307692107 ], [ -159.729266908636475, -21.246996577399614 ], [ -159.729229215693152, -21.246968307692107 ], [ -159.729200945985639, -21.247024847107124 ], [ -159.729153829806449, -21.247034270342958 ], [ -159.729078443919775, -21.247109656229647 ], [ -159.729050174212261, -21.247251004767183 ], [ -159.729097290391451, -21.247307544182199 ], [ -159.729050174212261, -21.247326390653871 ], [ -159.729059597448099, -21.247467739191407 ], [ -159.729087867155613, -21.247486585663079 ], [ -159.729106713627289, -21.247458315955573 ], [ -159.729116136863126, -21.247307544182199 ], [ -159.729153829806449, -21.247279274474689 ], [ -159.729153829806449, -21.247175618880497 ], [ -159.72923863892899, -21.247024847107124 ], [ -159.729511912768231, -21.246996577399614 ], [ -159.729559028947392, -21.247100232993809 ], [ -159.72966268454158, -21.247185042116332 ], [ -159.72966268454158, -21.247288697710527 ], [ -159.729728647192445, -21.247364083597212 ], [ -159.729719223956607, -21.247524278606424 ], [ -159.729756916899959, -21.247561971549764 ], [ -159.729766340135797, -21.247627934200615 ], [ -159.72980403307912, -21.247656203908125 ], [ -159.729822879550795, -21.247769282738155 ], [ -159.729935958380821, -21.247759859502317 ], [ -159.729973651324173, -21.247778705973989 ], [ -159.729964228088335, -21.247806975681499 ], [ -159.729860572494147, -21.247835245389005 ], [ -159.729869995729985, -21.24791063127569 ], [ -159.729917111909145, -21.247957747454873 ], [ -159.729917111909145, -21.24805197981323 ], [ -159.729794609843282, -21.248080249520736 ], [ -159.729756916899959, -21.248117942464081 ], [ -159.729766340135797, -21.248155635407425 ], [ -159.729813456314957, -21.248165058643259 ], [ -159.729954804852497, -21.248146212171587 ], [ -159.730011344267524, -21.248165058643259 ], [ -159.729992497795848, -21.248212174822438 ], [ -159.7300301907392, -21.248249867765782 ], [ -159.7300301907392, -21.24837236983165 ], [ -159.730011344267524, -21.248381793067484 ], [ -159.730001921031686, -21.248494871897513 ], [ -159.729907688673336, -21.24852314160502 ], [ -159.729879418965822, -21.248589104255871 ], [ -159.72988884220166, -21.248796415444261 ], [ -159.729973651324173, -21.248881224566784 ], [ -159.729945381616659, -21.248928340745962 ], [ -159.729945381616659, -21.24908853575517 ], [ -159.72998307456001, -21.249220461056872 ], [ -159.729860572494147, -21.249248730764382 ], [ -159.729851149258309, -21.24955027431113 ], [ -159.729794609843282, -21.249559697546964 ], [ -159.729822879550795, -21.24958796725447 ], [ -159.729926535144983, -21.24958796725447 ], [ -159.729935958380821, -21.249635083433649 ], [ -159.729917111909145, -21.249635083433649 ], [ -159.729907688673336, -21.249710469320338 ], [ -159.729926535144983, -21.249795278442861 ], [ -159.729766340135797, -21.249795278442861 ], [ -159.729709800720769, -21.249842394622039 ], [ -159.729738070428283, -21.250040282574592 ], [ -159.729869995729985, -21.250059129046264 ], [ -159.729860572494147, -21.25011566846128 ], [ -159.729917111909145, -21.250181631112131 ], [ -159.72980403307912, -21.250181631112131 ], [ -159.729794609843282, -21.2502004775838 ], [ -159.729747493664121, -21.250181631112131 ], [ -159.729775763371634, -21.250209900819637 ], [ -159.729719223956607, -21.25026644023465 ], [ -159.729681531013256, -21.250257016998816 ], [ -159.729690954249094, -21.250322979649667 ], [ -159.729672107777418, -21.250332402885501 ], [ -159.729690954249094, -21.250332402885501 ], [ -159.729690954249094, -21.250370095828846 ], [ -159.72966268454158, -21.250436058479696 ], [ -159.72966268454158, -21.250577407017236 ], [ -159.729690954249094, -21.250605676724742 ], [ -159.729700377484932, -21.250775294969788 ], [ -159.729719223956607, -21.250784718205622 ], [ -159.729700377484932, -21.250812987913132 ], [ -159.729709800720769, -21.250860104092311 ], [ -159.729681531013256, -21.250869527328145 ], [ -159.729672107777418, -21.250944913214834 ], [ -159.729653261305742, -21.250944913214834 ], [ -159.72966268454158, -21.251029722337353 ], [ -159.729615568362419, -21.251067415280698 ], [ -159.729624991598257, -21.251114531459876 ], [ -159.729587298654906, -21.251105108224042 ], [ -159.729577875419068, -21.251142801167386 ], [ -159.729596721890744, -21.251218187054072 ], [ -159.729577875419068, -21.251246456761578 ], [ -159.729606145126581, -21.25126530323325 ], [ -159.729596721890744, -21.251453767949968 ], [ -159.729615568362419, -21.251453767949968 ], [ -159.729606145126581, -21.251491460893313 ], [ -159.729624991598257, -21.251510307364985 ], [ -159.72956845218323, -21.251500884129147 ], [ -159.729549605711554, -21.251566846779998 ], [ -159.729587298654906, -21.251576270015835 ], [ -159.729587298654906, -21.251595116487504 ], [ -159.729559028947392, -21.251604539723342 ], [ -159.729559028947392, -21.251632809430848 ], [ -159.729672107777418, -21.251623386195014 ], [ -159.72966268454158, -21.251651655902521 ], [ -159.729681531013256, -21.251661079138355 ], [ -159.729643838069933, -21.251651655902521 ], [ -159.729634414834095, -21.251670502374193 ], [ -159.729690954249094, -21.251670502374193 ], [ -159.729653261305742, -21.251698772081699 ], [ -159.729653261305742, -21.25176473473255 ], [ -159.729690954249094, -21.251783581204222 ], [ -159.729690954249094, -21.251821274147566 ], [ -159.729624991598257, -21.251802427675894 ], [ -159.729624991598257, -21.251783581204222 ], [ -159.729587298654906, -21.251793004440056 ], [ -159.729540182475716, -21.251934352977596 ], [ -159.729502489532393, -21.251915506505924 ], [ -159.729464796589042, -21.251962622685102 ], [ -159.729502489532393, -21.252028585335953 ], [ -159.72947421982488, -21.252094547986804 ], [ -159.729436526881528, -21.252094547986804 ], [ -159.729436526881528, -21.252160510637655 ], [ -159.729417680409853, -21.252160510637655 ], [ -159.729408257174015, -21.252103971222642 ], [ -159.729436526881528, -21.252038008571791 ], [ -159.729389410702339, -21.252028585335953 ], [ -159.729351717759016, -21.252066278279298 ], [ -159.729389410702339, -21.252066278279298 ], [ -159.729398833938177, -21.252103971222642 ], [ -159.729323448051503, -21.252103971222642 ], [ -159.729257485400638, -21.252226473288506 ], [ -159.729210369221477, -21.252235896524343 ], [ -159.729191522749801, -21.252283012703522 ], [ -159.729116136863126, -21.252348975354373 ], [ -159.729087867155613, -21.252424361241058 ], [ -159.729040750976424, -21.25247147742024 ], [ -159.72901248126891, -21.252462054184402 ], [ -159.728955941853911, -21.252528016835253 ], [ -159.728993634797234, -21.252546863306925 ], [ -159.728946518618073, -21.252631672429448 ], [ -159.72891824891056, -21.252631672429448 ], [ -159.728871132731371, -21.252697635080299 ], [ -159.728880555967208, -21.252773020966984 ], [ -159.728805170080534, -21.252810713910328 ], [ -159.728758053901345, -21.252886099797017 ], [ -159.728710937722184, -21.252914369504524 ], [ -159.728692091250508, -21.253008601862881 ], [ -159.728644975071319, -21.253046294806225 ], [ -159.728635551835481, -21.253234759522943 ], [ -159.728531896241293, -21.253366684824645 ], [ -159.728531896241293, -21.25344207071133 ], [ -159.728503626533779, -21.253498610126346 ], [ -159.72845651035459, -21.254243045757377 ], [ -159.72845651035459, -21.254780170200021 ], [ -159.728522473005455, -21.255091136982603 ], [ -159.728616705363805, -21.255336141114334 ], [ -159.728786323608858, -21.255581145246065 ], [ -159.729106713627289, -21.255863842321141 ], [ -159.729464796589042, -21.256089999981203 ], [ -159.729898265437498, -21.256259618226245 ], [ -159.730369427229277, -21.256645970895516 ], [ -159.731000784030272, -21.257305597404024 ], [ -159.731415406407052, -21.257842721846668 ], [ -159.731641564067104, -21.258238497751773 ], [ -159.731735796425482, -21.258455232175997 ], [ -159.732027916736399, -21.259322169872895 ], [ -159.732376576462315, -21.260584883474898 ], [ -159.732451962348989, -21.260782771427451 ], [ -159.732480232056503, -21.260990082615837 ], [ -159.73253677147153, -21.261169124096721 ], [ -159.732555617943206, -21.261367012049273 ], [ -159.732649850301556, -21.261725095011034 ], [ -159.732772352367419, -21.262064331501126 ], [ -159.732923124140797, -21.262290489161185 ], [ -159.733205821215876, -21.26257318623626 ], [ -159.733309476810064, -21.262648572122949 ], [ -159.733535634470115, -21.262902999490514 ], [ -159.733752368894358, -21.263091464207232 ], [ -159.734138721563625, -21.263487240112337 ], [ -159.734317763044487, -21.263609742178204 ], [ -159.734562767176243, -21.263826476602429 ], [ -159.734619306591242, -21.263911285724948 ], [ -159.73472296218543, -21.263996094847471 ], [ -159.734873733958807, -21.264259945450874 ], [ -159.735024505732184, -21.264325908101728 ], [ -159.735118738090534, -21.264325908101728 ], [ -159.735269509863912, -21.264278791922546 ], [ -159.735354318986452, -21.264297638394218 ], [ -159.73527893309975, -21.264401293988413 ], [ -159.735260086628074, -21.264495526346771 ], [ -159.735297779571425, -21.264627451648472 ], [ -159.735392011929775, -21.264787646657684 ], [ -159.735429704873127, -21.265305924628652 ], [ -159.735392011929775, -21.265371887279507 ], [ -159.735401435165613, -21.265541505524549 ], [ -159.7353731654581, -21.265560351996221 ], [ -159.735354318986452, -21.265701700533761 ], [ -159.735335472514777, -21.266050360259687 ], [ -159.735316626043101, -21.2661068996747 ], [ -159.735250663392236, -21.266116322910538 ], [ -159.735288356335587, -21.266154015853878 ], [ -159.735288356335587, -21.266191708797223 ], [ -159.735260086628074, -21.266201132033061 ], [ -159.73527893309975, -21.266248248212239 ], [ -159.735260086628074, -21.266295364391418 ], [ -159.735297779571425, -21.266267094683911 ], [ -159.735326049278939, -21.266276517919746 ], [ -159.735495667523963, -21.266474405872298 ], [ -159.735646439297341, -21.266596907938165 ], [ -159.735637016061503, -21.266625177645672 ], [ -159.735674709004854, -21.266681717060688 ], [ -159.735731248419881, -21.266691140296523 ], [ -159.735910289900744, -21.266823065598224 ], [ -159.736032791966608, -21.266945567664091 ], [ -159.736079908145797, -21.267068069729955 ], [ -159.736258949626688, -21.267199995031657 ], [ -159.736306065805849, -21.267331920333358 ], [ -159.736296642570011, -21.267416729455881 ], [ -159.73624952639085, -21.267529808285914 ], [ -159.736211833447499, -21.267539231521749 ], [ -159.736221256683336, -21.267510961814242 ], [ -159.736183563739985, -21.267529808285914 ], [ -159.736164717268309, -21.267595770936765 ], [ -159.736183563739985, -21.267586347700927 ], [ -159.736211833447499, -21.267633463880106 ], [ -159.73624952639085, -21.267642887115944 ], [ -159.736324912277524, -21.267605194172599 ], [ -159.736306065805849, -21.267642887115944 ], [ -159.736334335513362, -21.267652310351778 ], [ -159.736353181985038, -21.267708849766795 ], [ -159.736296642570011, -21.267680580059285 ], [ -159.736306065805849, -21.267699426530957 ], [ -159.736277796098364, -21.267718273002629 ], [ -159.736306065805849, -21.267727696238467 ], [ -159.736306065805849, -21.267755965945973 ], [ -159.736362605220876, -21.267755965945973 ], [ -159.736381451692552, -21.267699426530957 ], [ -159.73643799110755, -21.267708849766795 ], [ -159.73643799110755, -21.26778423565348 ], [ -159.736456837579226, -21.26778423565348 ], [ -159.736466260815064, -21.267737119474301 ], [ -159.736541646701767, -21.267755965945973 ], [ -159.736843190248493, -21.267972700370198 ], [ -159.736956269078519, -21.268019816549376 ], [ -159.737483970285354, -21.268340206567796 ], [ -159.737945708841295, -21.268566364227855 ], [ -159.738209559444698, -21.268735982472901 ], [ -159.738690144472315, -21.268980986604632 ], [ -159.739010534490745, -21.269197721028856 ], [ -159.73972670041428, -21.269536957518948 ], [ -159.739886895423467, -21.269584073698127 ], [ -159.740489982516976, -21.269838501065692 ], [ -159.741083646374619, -21.270149467848277 ], [ -159.741507691987238, -21.270309662857485 ], [ -159.741620770817264, -21.270375625508336 ], [ -159.741705579939804, -21.270385048744174 ], [ -159.741799812298154, -21.270451011395025 ], [ -159.741846928477344, -21.270451011395025 ], [ -159.741846928477344, -21.270469857866694 ], [ -159.741969430543207, -21.270488704338366 ], [ -159.741922314364018, -21.270451011395025 ], [ -159.74200712348653, -21.270460434630859 ], [ -159.74214847202407, -21.27052639728171 ], [ -159.74214847202407, -21.270554666989216 ], [ -159.742214434674935, -21.270582936696727 ], [ -159.742233281146611, -21.270573513460889 ], [ -159.742214434674935, -21.270554666989216 ], [ -159.742299243797447, -21.270554666989216 ], [ -159.742327513504961, -21.270592359932561 ], [ -159.742393476155826, -21.270611206404233 ], [ -159.742384052919988, -21.270639476111739 ], [ -159.742431169099149, -21.270630052875905 ], [ -159.742450015570824, -21.270677169055084 ], [ -159.742525401457527, -21.270667745819246 ], [ -159.742525401457527, -21.27070543876259 ], [ -159.742685596466714, -21.270724285234262 ], [ -159.742666749995038, -21.270743131705935 ], [ -159.742817521768416, -21.270799671120951 ], [ -159.742855214711767, -21.270799671120951 ], [ -159.742817521768416, -21.270771401413441 ], [ -159.742902330890956, -21.270790247885113 ], [ -159.743071949135981, -21.270875057007636 ], [ -159.743750422116165, -21.271120061139367 ], [ -159.744381778917187, -21.27138391174277 ], [ -159.744607936577239, -21.271449874393621 ], [ -159.744758708350616, -21.27152526028031 ], [ -159.745003712482344, -21.271600646166995 ], [ -159.745135637784045, -21.271610069402833 ], [ -159.74608738460347, -21.271826803827057 ], [ -159.746812973762815, -21.271921036185415 ], [ -159.747152210252921, -21.272043538251282 ], [ -159.747472600271323, -21.272034115015444 ], [ -159.747472600271323, -21.272052961487116 ], [ -159.747576255865539, -21.272052961487116 ], [ -159.748019147949805, -21.272156617081311 ], [ -159.748565695628287, -21.27220373326049 ], [ -159.74924416860847, -21.272345081798026 ], [ -159.749658790985251, -21.272373351505536 ], [ -159.750016873947004, -21.272439314156387 ], [ -159.750308994257921, -21.27252412327891 ], [ -159.750563421625486, -21.272627778873101 ], [ -159.750836695464727, -21.272778550646475 ], [ -159.750978044002267, -21.272816243589819 ], [ -159.75114766224732, -21.272797397118147 ], [ -159.751354973435696, -21.272684318288118 ], [ -159.751618824039099, -21.272656048580611 ], [ -159.7527778820469, -21.272759704174803 ], [ -159.754040595648917, -21.272722011231462 ], [ -159.754511757440696, -21.272769127410641 ], [ -159.754756761572423, -21.272759704174803 ], [ -159.755491773967634, -21.272835090061491 ], [ -159.755934666051928, -21.272844513297326 ], [ -159.756311595485357, -21.272797397118147 ], [ -159.757602578794859, -21.272477007099727 ], [ -159.757762773804075, -21.272467583863893 ], [ -159.758177396180855, -21.27238277474137 ], [ -159.758874715632686, -21.272335658562191 ], [ -159.759110296528604, -21.272279119147175 ], [ -159.759279914773629, -21.272269695911341 ], [ -159.759524918905385, -21.272326235326357 ], [ -159.759619151263735, -21.272326235326357 ], [ -159.759619151263735, -21.272345081798026 ], [ -159.759675690678733, -21.272335658562191 ], [ -159.759713383622085, -21.272373351505536 ], [ -159.759920694810489, -21.272392197977208 ], [ -159.760043196876353, -21.272363928269698 ], [ -159.760269354536405, -21.272232002967996 ], [ -159.760712246620699, -21.272184886788818 ], [ -159.761381296365045, -21.271949305892921 ], [ -159.762219964354415, -21.271591222931161 ], [ -159.762549777608683, -21.271478144101131 ], [ -159.762757088797059, -21.27131794909192 ], [ -159.762926707042112, -21.271233139969397 ], [ -159.763115171758841, -21.271082368196026 ], [ -159.763388445598054, -21.270941019658487 ], [ -159.763501524428108, -21.270799671120951 ], [ -159.764000955927401, -21.270413318451681 ], [ -159.765273092765227, -21.269734845471501 ], [ -159.765376748359415, -21.269650036348978 ], [ -159.765593482783657, -21.269546380754782 ], [ -159.765913872802059, -21.269301376623051 ], [ -159.766300225471355, -21.269103488670499 ], [ -159.766733694319782, -21.268820791595424 ], [ -159.766959851979863, -21.268717136001229 ], [ -159.76785505938426, -21.268029239785211 ], [ -159.768476992949417, -21.267652310351778 ], [ -159.769381623589652, -21.267341343569196 ], [ -159.769654897428893, -21.26731307386169 ], [ -159.770003557154837, -21.267190571795823 ], [ -159.770399333059942, -21.2671057626733 ], [ -159.770795108965046, -21.267058646494121 ], [ -159.771002420153422, -21.267058646494121 ], [ -159.771341656643528, -21.267086916201627 ], [ -159.771445312237717, -21.267143455616644 ], [ -159.77156781430358, -21.26717172532415 ], [ -159.77156781430358, -21.267134032380806 ], [ -159.771633776954417, -21.267134032380806 ], [ -159.771737432548633, -21.267086916201627 ], [ -159.772199171104575, -21.266983260607432 ], [ -159.772755142018895, -21.266728833239867 ], [ -159.773857660611696, -21.266483829108136 ], [ -159.7743099759318, -21.266323634098924 ], [ -159.774790560959445, -21.266201132033061 ], [ -159.775214606572035, -21.266154015853878 ], [ -159.77551615011879, -21.266219978504729 ], [ -159.775657498656329, -21.266219978504729 ], [ -159.775685768363843, -21.266257671448074 ], [ -159.77575173101468, -21.266276517919746 ], [ -159.775940195731408, -21.266295364391418 ], [ -159.776090967504786, -21.266267094683911 ], [ -159.776270008985648, -21.266191708797223 ], [ -159.77672232430578, -21.266088053203028 ], [ -159.777344257870936, -21.266088053203028 ], [ -159.777485606408476, -21.266050360259687 ], [ -159.777495029644314, -21.266078629967193 ], [ -159.777542145823503, -21.266088053203028 ], [ -159.777598685238502, -21.266069206731355 ], [ -159.777598685238502, -21.266116322910538 ], [ -159.777674071125205, -21.266116322910538 ], [ -159.777683494361042, -21.26613516938221 ], [ -159.777749457011879, -21.266125746146372 ], [ -159.777777726719393, -21.266097476438865 ], [ -159.777843689370258, -21.266125746146372 ], [ -159.777900228785256, -21.266116322910538 ], [ -159.778013307615282, -21.266238824976401 ], [ -159.778126386445308, -21.26628594115558 ], [ -159.77848446940709, -21.266248248212239 ], [ -159.778729473538817, -21.266276517919746 ], [ -159.779002747378058, -21.266342480570597 ], [ -159.779351407103974, -21.266342480570597 ], [ -159.779803722424106, -21.266276517919746 ], [ -159.780067573027509, -21.266201132033061 ], [ -159.780378539810101, -21.266163439089716 ], [ -159.780642390413504, -21.266078629967193 ], [ -159.78089681778107, -21.266031513788015 ], [ -159.781028743082771, -21.265984397608836 ], [ -159.781217207799472, -21.265871318778803 ], [ -159.78154702105374, -21.265777086420446 ], [ -159.781660099883766, -21.265720547005429 ], [ -159.781848564600466, -21.265682854062089 ], [ -159.782969929664944, -21.265588621703728 ], [ -159.783233780268347, -21.2656074681754 ], [ -159.783573016758425, -21.265579198467893 ], [ -159.78405360178607, -21.265588621703728 ], [ -159.78470380505874, -21.265494389345371 ], [ -159.785005348605495, -21.265484966109536 ], [ -159.785778053944028, -21.265353040807835 ], [ -159.78600421160408, -21.265334194336162 ], [ -159.786729800763453, -21.265324771100325 ], [ -159.78688999577264, -21.265343617571997 ], [ -159.787587315224499, -21.265117459911938 ], [ -159.788567331751437, -21.264994957846071 ], [ -159.789170418844918, -21.264966688138564 ], [ -159.789735812995076, -21.264863032544369 ], [ -159.790075049485154, -21.264844186072697 ], [ -159.791554497511385, -21.264523796054281 ], [ -159.792525090802485, -21.264382447516741 ], [ -159.793184717310993, -21.26425052221504 ], [ -159.793778381168664, -21.264212829271695 ], [ -159.794164733837931, -21.264109173677504 ], [ -159.794824360346439, -21.263817053366591 ], [ -159.795022248298977, -21.263779360423246 ], [ -159.795135327129003, -21.263788783659084 ], [ -159.795144750364841, -21.263760513951578 ], [ -159.795201289779868, -21.263760513951578 ], [ -159.795276675666543, -21.263703974536561 ], [ -159.795408600968244, -21.263543779527353 ], [ -159.795615912156649, -21.263383584518142 ], [ -159.795785530401673, -21.263185696565589 ], [ -159.795879762760052, -21.263148003622245 ], [ -159.795936302175051, -21.263091464207232 ], [ -159.795964571882564, -21.263100887443066 ], [ -159.796105920420104, -21.263025501556381 ], [ -159.796341501315993, -21.26295953890553 ], [ -159.796793816636125, -21.26278049742465 ], [ -159.797359210786283, -21.262488377113737 ], [ -159.797783256398873, -21.262299912397022 ], [ -159.798358073784868, -21.262149140623649 ], [ -159.798358073784868, -21.262120870916139 ], [ -159.798405189964058, -21.262111447680304 ], [ -159.798735003218297, -21.261621439416839 ], [ -159.798885774991675, -21.261461244407631 ], [ -159.799121355887564, -21.261291626162585 ], [ -159.799385206490967, -21.261150277625049 ], [ -159.799564247971858, -21.261093738210032 ], [ -159.799611364151048, -21.261046622030854 ], [ -159.799733866216911, -21.26100892908751 ], [ -159.79979040563191, -21.260961812908331 ], [ -159.799912907697774, -21.260933543200824 ], [ -159.80001656329199, -21.260867580549974 ], [ -159.800289837131231, -21.260801617899123 ], [ -159.800525418027121, -21.260688539069093 ], [ -159.800657343328822, -21.260650846125749 ], [ -159.801071965705603, -21.260443534937359 ], [ -159.80155255073322, -21.260245646984806 ], [ -159.80220275400589, -21.260057182268092 ], [ -159.802513720788482, -21.26001006608891 ], [ -159.802786994627724, -21.259934680202225 ], [ -159.803446621136231, -21.259557750768792 ], [ -159.803672778796283, -21.259472941646269 ], [ -159.80429471236144, -21.259152551627849 ], [ -159.804652795323221, -21.259011203090314 ], [ -159.805133380350838, -21.258898124260281 ], [ -159.805576272435133, -21.258841584845268 ], [ -159.806169936292775, -21.2587190827794 ], [ -159.807328994300605, -21.258624850421043 ], [ -159.807479766073953, -21.258568311006027 ], [ -159.807630537847331, -21.258408115996819 ], [ -159.808129969346652, -21.2582196512801 ], [ -159.808572861430918, -21.258106572450071 ], [ -159.808601131138431, -21.258078302742565 ], [ -159.80864824731762, -21.258087725978399 ], [ -159.808855558505996, -21.258031186563386 ], [ -159.80953403148618, -21.257918107733357 ], [ -159.809703649731233, -21.257833298610834 ], [ -159.809892114447933, -21.257776759195817 ], [ -159.810250197409715, -21.257795605667489 ], [ -159.810806168324007, -21.257673103601622 ], [ -159.811004056276573, -21.257663680365788 ], [ -159.811380985710002, -21.257597717714937 ], [ -159.811786184850945, -21.257588294479099 ], [ -159.812313886057751, -21.257625987422443 ], [ -159.812634276076182, -21.257673103601622 ], [ -159.813086591396285, -21.257691950073294 ], [ -159.813227939933824, -21.257720219780801 ], [ -159.813567176423931, -21.257729643016638 ], [ -159.813651985546443, -21.257748489488311 ], [ -159.813746217904793, -21.257805028903324 ], [ -159.813746217904793, -21.257842721846668 ], [ -159.813717948197279, -21.257842721846668 ], [ -159.813727371433117, -21.257889838025847 ], [ -159.813765064376469, -21.257889838025847 ], [ -159.813765064376469, -21.257776759195817 ], [ -159.813793334083982, -21.257776759195817 ], [ -159.813793334083982, -21.257880414790012 ], [ -159.813812180555658, -21.257899261261684 ], [ -159.813831027027334, -21.257889838025847 ], [ -159.81380275731982, -21.257710796544966 ], [ -159.813812180555658, -21.257607140950771 ], [ -159.813953529093197, -21.257522331828248 ], [ -159.81403833821571, -21.257503485356576 ], [ -159.814151417045736, -21.257512908592414 ], [ -159.814217379696601, -21.257597717714937 ], [ -159.814264495875761, -21.257607140950771 ], [ -159.814603732365867, -21.257588294479099 ], [ -159.814726234431731, -21.257597717714937 ], [ -159.814792197082568, -21.257635410658281 ], [ -159.814971238563459, -21.257663680365788 ], [ -159.815169126516025, -21.25765425712995 ], [ -159.815235089166862, -21.257607140950771 ], [ -159.815310475053536, -21.257597717714937 ], [ -159.815348167996888, -21.257560024771593 ], [ -159.815555479185292, -21.25754117829992 ], [ -159.816054910684585, -21.257428099469891 ], [ -159.816384723938825, -21.257192518573994 ], [ -159.817411856644952, -21.256693087074694 ], [ -159.817741669899192, -21.256561161772993 ], [ -159.817930134615921, -21.256532892065486 ], [ -159.818476682294403, -21.25629731116959 ], [ -159.818486105530241, -21.256269041462083 ], [ -159.818542644945239, -21.256269041462083 ], [ -159.818618030831942, -21.256212502047067 ], [ -159.818608607596104, -21.25618423233956 ], [ -159.818646300539427, -21.256155962632054 ], [ -159.818683993482779, -21.256061730273693 ], [ -159.818787649076967, -21.25600519085868 ], [ -159.818938420850344, -21.255844995849468 ], [ -159.819126885567073, -21.255599991717737 ], [ -159.819221117925423, -21.255524605831052 ], [ -159.81960747059469, -21.255072290510931 ], [ -159.819748819132229, -21.254940365209229 ], [ -159.819974976792281, -21.254638821662482 ], [ -159.820219980924037, -21.254195929578199 ], [ -159.820304790046549, -21.253988618389808 ], [ -159.820587487121628, -21.253526879833853 ], [ -159.820634603300789, -21.253413801003823 ], [ -159.820653449772465, -21.253413801003823 ], [ -159.820766528602491, -21.25314995040042 ], [ -159.820889030668354, -21.253027448334553 ], [ -159.821002109498409, -21.252857830089507 ], [ -159.821030379205894, -21.252735328023643 ], [ -159.821105765092597, -21.25258455625027 ], [ -159.82127538333765, -21.252386668297717 ], [ -159.821529810705215, -21.252019162100119 ], [ -159.82187847043113, -21.251604539723342 ], [ -159.821944433081995, -21.251491460893313 ], [ -159.822057511912021, -21.251387805299117 ], [ -159.822142321034534, -21.251152224403221 ], [ -159.822227130157046, -21.251095684988204 ], [ -159.822311939279587, -21.250916643507324 ], [ -159.822472134288802, -21.250699909083099 ], [ -159.822613482826313, -21.250417212008024 ], [ -159.822849063722231, -21.250077975517936 ], [ -159.823018681967255, -21.249682199612831 ], [ -159.823310802278172, -21.24922988429271 ], [ -159.823470997287387, -21.248815261915933 ], [ -159.823489843759063, -21.248824685151767 ], [ -159.823518113466577, -21.248739876029244 ], [ -159.8235558064099, -21.248721029557576 ], [ -159.823565229645737, -21.248673913378394 ], [ -159.823687731711601, -21.24852314160502 ], [ -159.823744271126628, -21.24834410012414 ], [ -159.823932735843357, -21.248155635407425 ], [ -159.823932735843357, -21.248117942464081 ], [ -159.824026968201707, -21.247957747454873 ], [ -159.824055237909221, -21.247703320087304 ], [ -159.824140047031733, -21.247561971549764 ], [ -159.824215432918407, -21.24734523712554 ], [ -159.824243702625921, -21.247326390653871 ], [ -159.824422744106812, -21.246940037984601 ], [ -159.824573515880189, -21.246713880324538 ], [ -159.824639478531026, -21.246525415607824 ], [ -159.824733710889404, -21.246336950891106 ], [ -159.824856212955268, -21.24616733264606 ], [ -159.825006984728617, -21.245837519391806 ], [ -159.825383914162074, -21.245215585826642 ], [ -159.8254969929921, -21.245102506996613 ], [ -159.825666611237125, -21.24501769787409 ], [ -159.825694880944638, -21.244951735223239 ], [ -159.825760843595504, -21.244932888751567 ], [ -159.825779690067179, -21.244763270506521 ], [ -159.825911615368881, -21.244499419903118 ], [ -159.826213158915607, -21.244028258111324 ], [ -159.826439316575687, -21.243736137800415 ], [ -159.826486432754848, -21.243707868092908 ], [ -159.826637204528225, -21.243491133668684 ], [ -159.826929324839142, -21.242906893046861 ], [ -159.827164905735032, -21.242350922132545 ], [ -159.827381640159274, -21.241559370322335 ], [ -159.827391063395112, -21.241446291492306 ], [ -159.827447602810111, -21.241323789426438 ], [ -159.8274947189893, -21.241078785294707 ], [ -159.82758895134765, -21.240814934691304 ], [ -159.827739723121027, -21.240155308182796 ], [ -159.827843378715215, -21.239825494928539 ], [ -159.828060113139429, -21.238430856024834 ], [ -159.828201461676969, -21.237752383044654 ], [ -159.828267424327834, -21.237007947413623 ], [ -159.82823915462032, -21.236960831234445 ], [ -159.828267424327834, -21.236772366517727 ], [ -159.828258001091996, -21.236631017980191 ], [ -159.828314540507023, -21.236470822970979 ], [ -159.828314540507023, -21.236009084415024 ], [ -159.828342810214508, -21.23585831264165 ], [ -159.82833338697867, -21.23556619233074 ], [ -159.828352233450346, -21.235500229679889 ], [ -159.828380503157859, -21.234746370813021 ], [ -159.828465312280372, -21.234199823134542 ], [ -159.828578391110426, -21.233785200757765 ], [ -159.828644353761263, -21.233304615730137 ], [ -159.828644353761263, -21.233097304541751 ], [ -159.828682046704614, -21.232965379240049 ], [ -159.828682046704614, -21.23282403070251 ], [ -159.828644353761263, -21.232776914523331 ], [ -159.828634930525425, -21.232692105400808 ], [ -159.828625507289587, -21.232409408325733 ], [ -159.828663200232938, -21.232051325363972 ], [ -159.828766855827126, -21.231740358581387 ], [ -159.82870089317629, -21.231495354449656 ], [ -159.828710316412128, -21.231250350317925 ], [ -159.82879512553464, -21.230920537063671 ], [ -159.828917627600504, -21.23064726322443 ], [ -159.829190901439745, -21.229855711414221 ], [ -159.829247440854772, -21.229535321395801 ], [ -159.829426482335634, -21.228819155472276 ], [ -159.829558407637336, -21.22793337130371 ], [ -159.829803411769063, -21.227188935672679 ], [ -159.829944760306603, -21.226321997975781 ], [ -159.830057839136629, -21.225916798834838 ], [ -159.830076685608304, -21.225747180589792 ], [ -159.830114378551656, -21.225681217938941 ], [ -159.830142648259169, -21.225473906750555 ], [ -159.830208610910006, -21.225238325854658 ], [ -159.830218034145844, -21.225096977317122 ], [ -159.830349959447545, -21.22475774082703 ], [ -159.830547847400112, -21.223947342545149 ], [ -159.830717465645137, -21.223626952526729 ], [ -159.830839967711029, -21.223268869564968 ], [ -159.830915353597703, -21.222760014829831 ], [ -159.831028432427729, -21.222392508632236 ], [ -159.831132088021917, -21.221874230661264 ], [ -159.831169780965269, -21.221252297096097 ], [ -159.831160357729431, -21.220894214134336 ], [ -159.831235743616134, -21.21998016025826 ], [ -159.831245166851943, -21.219508998466466 ], [ -159.831226320380296, -21.219386496400602 ], [ -159.831169780965269, -21.219207454919719 ], [ -159.831169780965269, -21.219122645797199 ], [ -159.831047278899405, -21.218528981939539 ], [ -159.830868237418514, -21.217935318081881 ], [ -159.830708042409327, -21.217285114809208 ], [ -159.830613810050949, -21.217030687441643 ], [ -159.830585540343435, -21.21701184096997 ], [ -159.830067262372467, -21.215852782962163 ], [ -159.829897644127442, -21.215617202066266 ], [ -159.829633793524039, -21.215108347331128 ], [ -159.829548984401498, -21.215042384680277 ], [ -159.829303980269771, -21.214703148190189 ], [ -159.829181478203907, -21.214571222888488 ], [ -159.828936474072179, -21.214137754040038 ], [ -159.828691469940452, -21.213855056964963 ], [ -159.828465312280372, -21.213525243710709 ], [ -159.82814492226197, -21.213138891041439 ], [ -159.827881071658567, -21.212667729249645 ], [ -159.827702030177676, -21.212469841297093 ], [ -159.827570104875974, -21.212253106872868 ], [ -159.827230868385897, -21.211829061260257 ], [ -159.827193175442545, -21.211753675373568 ], [ -159.826429893339849, -21.210886737676674 ], [ -159.826203735679769, -21.210538077950748 ], [ -159.825459300048749, -21.209793642319717 ], [ -159.825402760633722, -21.209699409961356 ], [ -159.825214295917021, -21.209520368480476 ], [ -159.825138910030319, -21.209388443178774 ], [ -159.824903329134429, -21.209096322867865 ], [ -159.824375627927623, -21.208615737840233 ], [ -159.824234279390083, -21.208427273123519 ], [ -159.823913889371681, -21.208125729576771 ], [ -159.823885619664168, -21.208050343690086 ], [ -159.823810233777465, -21.208050343690086 ], [ -159.823744271126628, -21.207965534567563 ], [ -159.823659462004116, -21.207946688095891 ], [ -159.82364061553244, -21.207908995152547 ], [ -159.823527536702414, -21.207861878973368 ], [ -159.823536959938252, -21.207777069850845 ], [ -159.823499266994901, -21.207739376907501 ] ], [ [ -159.785174966850519, -21.202377555716907 ], [ -159.785109004199683, -21.202481211311103 ], [ -159.785109004199683, -21.202509481018609 ], [ -159.785174966850519, -21.20257544366946 ], [ -159.785165543614681, -21.202613136612804 ], [ -159.785127850671358, -21.202631983084476 ], [ -159.785127850671358, -21.202669676027821 ], [ -159.785109004199683, -21.202669676027821 ], [ -159.785127850671358, -21.202707368971161 ], [ -159.785156120378872, -21.202707368971161 ], [ -159.785165543614681, -21.202641406320311 ], [ -159.785222083029709, -21.202622559848642 ], [ -159.785222083029709, -21.202566020433625 ], [ -159.785240929501384, -21.202566020433625 ], [ -159.785240929501384, -21.202528327490281 ], [ -159.785193813322195, -21.202500057782775 ], [ -159.785240929501384, -21.202452941603596 ], [ -159.785174966850519, -21.202377555716907 ] ], [ [ -159.785052464784656, -21.202811024565356 ], [ -159.785005348605495, -21.202942949867058 ], [ -159.78503361831298, -21.202952373102896 ], [ -159.78503361831298, -21.202999489282075 ], [ -159.785061888020493, -21.203018335753747 ], [ -159.785061888020493, -21.202905256923714 ], [ -159.785043041548818, -21.202886410452045 ], [ -159.785080734492169, -21.202839294272863 ], [ -159.785137273907196, -21.202829871037029 ], [ -159.785137273907196, -21.202763908386178 ], [ -159.785090157728007, -21.202763908386178 ], [ -159.785090157728007, -21.202801601329522 ], [ -159.785052464784656, -21.202811024565356 ] ], [ [ -159.78502419507717, -21.202669676027821 ], [ -159.785005348605495, -21.20278275485785 ], [ -159.78502419507717, -21.20278275485785 ], [ -159.785071311256331, -21.202716792206999 ], [ -159.785043041548818, -21.202716792206999 ], [ -159.78502419507717, -21.202669676027821 ] ], [ [ -159.785014771841333, -21.202481211311103 ], [ -159.785043041548818, -21.202509481018609 ], [ -159.785043041548818, -21.202443518367758 ], [ -159.785014771841333, -21.202481211311103 ] ], [ [ -159.779737759773241, -21.204026621988181 ], [ -159.779681220358242, -21.204017198752346 ], [ -159.779681220358242, -21.204036045224015 ], [ -159.779737759773241, -21.204045468459853 ], [ -159.779737759773241, -21.204026621988181 ] ], [ [ -159.779615257707377, -21.204073738167359 ], [ -159.779634104179053, -21.204073738167359 ], [ -159.779671797122404, -21.204017198752346 ], [ -159.779643527414891, -21.204017198752346 ], [ -159.779615257707377, -21.204073738167359 ] ], [ [ -159.779398523283163, -21.266417866457282 ], [ -159.779464485934, -21.266417866457282 ], [ -159.779464485934, -21.266399019985613 ], [ -159.779417369754839, -21.266399019985613 ], [ -159.779398523283163, -21.266417866457282 ] ], [ [ -159.779304290924813, -21.266427289693119 ], [ -159.779313714160651, -21.266408443221447 ], [ -159.77922890503811, -21.266417866457282 ], [ -159.77922890503811, -21.266427289693119 ], [ -159.779304290924813, -21.266427289693119 ] ], [ [ -159.779068710028895, -21.266417866457282 ], [ -159.778974477670545, -21.266436712928954 ], [ -159.779068710028895, -21.266436712928954 ], [ -159.779068710028895, -21.266417866457282 ] ], [ [ -159.746709318168627, -21.207729953671667 ], [ -159.746652778753599, -21.20778649308668 ], [ -159.746671625225275, -21.20778649308668 ], [ -159.746709318168627, -21.207729953671667 ] ], [ [ -159.736127024324986, -21.26717172532415 ], [ -159.736183563739985, -21.267275380918345 ], [ -159.736211833447499, -21.267265957682508 ], [ -159.736164717268309, -21.267190571795823 ], [ -159.736127024324986, -21.26717172532415 ] ], [ [ -159.736032791966608, -21.267115185909134 ], [ -159.736127024324986, -21.267162302088316 ], [ -159.736127024324986, -21.267134032380806 ], [ -159.736070484909959, -21.267124609144972 ], [ -159.736032791966608, -21.267086916201627 ], [ -159.736032791966608, -21.267115185909134 ] ], [ [ -159.731264634633675, -21.262705111537961 ], [ -159.731217518454514, -21.262723958009634 ], [ -159.73123636492619, -21.26275222771714 ], [ -159.73109501638865, -21.262846460075501 ], [ -159.73101020726611, -21.262968962141365 ], [ -159.730963091086949, -21.262968962141365 ], [ -159.730925398143597, -21.263006655084709 ], [ -159.730840589021085, -21.263016078320543 ], [ -159.730831165785247, -21.263034924792215 ], [ -159.730755779898544, -21.263016078320543 ], [ -159.730736933426869, -21.263044348028053 ], [ -159.730623854596843, -21.263034924792215 ], [ -159.730576738417682, -21.263063194499725 ], [ -159.730529622238492, -21.263044348028053 ], [ -159.730520199002655, -21.263016078320543 ], [ -159.730520199002655, -21.263034924792215 ], [ -159.730473082823465, -21.263044348028053 ], [ -159.730482506059303, -21.263110310678904 ], [ -159.730407120172629, -21.263100887443066 ], [ -159.73044481311598, -21.263138580386411 ], [ -159.73044481311598, -21.263185696565589 ], [ -159.730369427229277, -21.263232812744768 ], [ -159.730341157521764, -21.263345891574801 ], [ -159.730294041342603, -21.263345891574801 ], [ -159.730237501927576, -21.263411854225652 ], [ -159.730228078691738, -21.263477816876502 ], [ -159.730190385748386, -21.263506086584009 ], [ -159.7302186554559, -21.263543779527353 ], [ -159.730171539276739, -21.263543779527353 ], [ -159.730133846333388, -21.263609742178204 ], [ -159.730133846333388, -21.263703974536561 ], [ -159.730162116040901, -21.263732244244068 ], [ -159.730143269569226, -21.26375109071574 ], [ -159.730152692805063, -21.263798206894919 ], [ -159.730114999861712, -21.263817053366591 ], [ -159.730114999861712, -21.263873592781607 ], [ -159.730180962512549, -21.263873592781607 ], [ -159.730133846333388, -21.263939555432458 ], [ -159.730162116040901, -21.263996094847471 ], [ -159.730133846333388, -21.264024364554981 ], [ -159.730133846333388, -21.264080903969994 ], [ -159.730152692805063, -21.264090327205832 ], [ -159.730133846333388, -21.264128020149172 ], [ -159.730190385748386, -21.264128020149172 ], [ -159.730228078691738, -21.264165713092517 ], [ -159.730228078691738, -21.264203406035861 ], [ -159.730284618106765, -21.264193982800023 ], [ -159.730275194870927, -21.264222252507533 ], [ -159.730416543408467, -21.264231675743368 ], [ -159.730397696936791, -21.264184559564189 ], [ -159.730463659587627, -21.264184559564189 ], [ -159.730482506059303, -21.264212829271695 ], [ -159.73053904547433, -21.264146866620845 ], [ -159.730623854596843, -21.264128020149172 ], [ -159.730633277832681, -21.264090327205832 ], [ -159.730915974907759, -21.264033787790815 ], [ -159.73101020726611, -21.263967825139964 ], [ -159.731047900209461, -21.263892439253279 ], [ -159.73109501638865, -21.263883016017441 ], [ -159.731113862860298, -21.263826476602429 ], [ -159.731198671982838, -21.263788783659084 ], [ -159.73133059728454, -21.26343070069732 ], [ -159.731321174048702, -21.26327992892395 ], [ -159.731377713463701, -21.263232812744768 ], [ -159.731377713463701, -21.263176273329755 ], [ -159.731471945822079, -21.263063194499725 ], [ -159.731490792293755, -21.262987808613037 ], [ -159.731528485237078, -21.262968962141365 ], [ -159.731509638765402, -21.262940692433858 ], [ -159.731547331708754, -21.262921845962186 ], [ -159.731547331708754, -21.262855883311335 ], [ -159.731575601416267, -21.262827613603829 ], [ -159.731566178180429, -21.262761650952978 ], [ -159.731528485237078, -21.262723958009634 ], [ -159.731537908472916, -21.262620302415439 ], [ -159.731500215529593, -21.262629725651276 ], [ -159.731490792293755, -21.262563763000426 ], [ -159.731443676114566, -21.262554339764588 ], [ -159.731340020520378, -21.262582609472098 ], [ -159.731302327577026, -21.262639148887111 ], [ -159.731283481105351, -21.262629725651276 ], [ -159.731245788161999, -21.262667418594617 ], [ -159.731264634633675, -21.262705111537961 ] ], [ [ -159.729709800720769, -21.250238170527144 ], [ -159.729747493664121, -21.250209900819637 ], [ -159.729700377484932, -21.250191054347965 ], [ -159.729690954249094, -21.250219324055472 ], [ -159.729709800720769, -21.250238170527144 ] ], [ [ -159.729587298654906, -21.251727041789206 ], [ -159.729606145126581, -21.251698772081699 ], [ -159.72956845218323, -21.251670502374193 ], [ -159.729559028947392, -21.251717618553371 ], [ -159.729587298654906, -21.251727041789206 ] ], [ [ -159.729125560098936, -21.247778705973989 ], [ -159.729144406570612, -21.24773158979481 ], [ -159.729106713627289, -21.24773158979481 ], [ -159.729125560098936, -21.247778705973989 ] ], [ [ -159.729087867155613, -21.247637357436453 ], [ -159.729087867155613, -21.247580818021436 ], [ -159.729050174212261, -21.247580818021436 ], [ -159.729050174212261, -21.247637357436453 ], [ -159.729087867155613, -21.247637357436453 ] ], [ [ -159.728654398307157, -21.246544262079496 ], [ -159.728673244778832, -21.24655368531533 ], [ -159.728710937722184, -21.246525415607824 ], [ -159.728663821542995, -21.246515992371986 ], [ -159.728654398307157, -21.246544262079496 ] ], [ [ -159.727589572657706, -21.243896332809623 ], [ -159.727598995893544, -21.243924602517129 ], [ -159.727655535308571, -21.243924602517129 ], [ -159.727646112072733, -21.243858639866279 ], [ -159.72761784236522, -21.243858639866279 ], [ -159.727589572657706, -21.243896332809623 ] ], [ [ -159.727222066460115, -21.250454904951368 ], [ -159.727203219988439, -21.250464328187206 ], [ -159.727174950280926, -21.250417212008024 ], [ -159.727090141158413, -21.250417212008024 ], [ -159.727024178507548, -21.250445481715534 ], [ -159.727024178507548, -21.250483174658875 ], [ -159.726977062328388, -21.250511444366385 ], [ -159.726977062328388, -21.250567983781398 ], [ -159.726939369385036, -21.250558560545564 ], [ -159.726939369385036, -21.250596253488908 ], [ -159.726882829970009, -21.25058683025307 ], [ -159.726863983498333, -21.250605676724742 ], [ -159.726873406734171, -21.250643369668087 ], [ -159.726929946149198, -21.250633946432249 ], [ -159.726929946149198, -21.250671639375593 ], [ -159.726986485564225, -21.250671639375593 ], [ -159.726986485564225, -21.250643369668087 ], [ -159.727043024979224, -21.250624523196414 ], [ -159.727033601743386, -21.250652792903921 ], [ -159.727071294686738, -21.250671639375593 ], [ -159.727071294686738, -21.250624523196414 ], [ -159.727146680573412, -21.250624523196414 ], [ -159.727127834101736, -21.250615099960577 ], [ -159.727146680573412, -21.25058683025307 ], [ -159.727193796752601, -21.250633946432249 ], [ -159.727203219988439, -21.250577407017236 ], [ -159.727240912931791, -21.25058683025307 ], [ -159.727259759403438, -21.250539714073891 ], [ -159.727288029110952, -21.250539714073891 ], [ -159.727288029110952, -21.250502021130547 ], [ -159.727269182639276, -21.250520867602219 ], [ -159.727231489695953, -21.250417212008024 ], [ -159.727203219988439, -21.250417212008024 ], [ -159.727222066460115, -21.250454904951368 ] ], [ [ -159.727071294686738, -21.255628261425244 ], [ -159.726647249074119, -21.255722493783605 ], [ -159.726496477300742, -21.25579787967029 ], [ -159.726392821706554, -21.255873265556978 ], [ -159.72636455199904, -21.255967497915336 ], [ -159.726308012584042, -21.256042883802021 ], [ -159.726213780225663, -21.256071153509531 ], [ -159.726128971103151, -21.256137116160382 ], [ -159.72585569726391, -21.256589431480503 ], [ -159.725818004320558, -21.256825012376396 ], [ -159.72585569726391, -21.257126555923143 ], [ -159.725959352858098, -21.257446945941563 ], [ -159.726138394338989, -21.257870991554174 ], [ -159.72631743581988, -21.25818195833676 ], [ -159.726402244942392, -21.258379846289312 ], [ -159.726581286423283, -21.258558887770192 ], [ -159.726703788489147, -21.258615427185209 ], [ -159.726854560262524, -21.258643696892715 ], [ -159.727080717922576, -21.258596580713537 ], [ -159.727278605875114, -21.258445808940163 ], [ -159.727372838233492, -21.258266767459283 ], [ -159.72738226146933, -21.258134842157578 ], [ -159.727316298818465, -21.257984070384207 ], [ -159.727222066460115, -21.257908684497519 ], [ -159.727165527045088, -21.257823875374996 ], [ -159.727118410865927, -21.257409252998219 ], [ -159.727052448215062, -21.257220788281504 ], [ -159.726986485564225, -21.257107709451471 ], [ -159.726769751139983, -21.256890975027247 ], [ -159.726581286423283, -21.256806165904724 ], [ -159.726553016715769, -21.256730780018039 ], [ -159.726722634960822, -21.256495199122142 ], [ -159.72674148143247, -21.25647635265047 ], [ -159.726769751139983, -21.256495199122142 ], [ -159.726798020847497, -21.256448082942963 ], [ -159.726798020847497, -21.256372697056278 ], [ -159.726769751139983, -21.25636327382044 ], [ -159.726788597611659, -21.256325580877096 ], [ -159.726958215856712, -21.256240771754577 ], [ -159.727071294686738, -21.256127692924544 ], [ -159.727222066460115, -21.256099423217037 ], [ -159.727278605875114, -21.256061730273693 ], [ -159.72738226146933, -21.255948651443664 ], [ -159.72738226146933, -21.255863842321141 ], [ -159.727410531176815, -21.255863842321141 ], [ -159.72739168470514, -21.255835572613634 ], [ -159.727419954412653, -21.255816726141962 ], [ -159.727401107940977, -21.255779033198618 ], [ -159.72739168470514, -21.25579787967029 ], [ -159.727353991761817, -21.255760186726949 ], [ -159.727335145290141, -21.255779033198618 ], [ -159.727306875582627, -21.255722493783605 ], [ -159.727259759403438, -21.255713070547767 ], [ -159.727165527045088, -21.255637684661082 ], [ -159.727071294686738, -21.255628261425244 ] ], [ [ -159.726166664046502, -21.250049705810429 ], [ -159.725789734613073, -21.250096821989608 ], [ -159.725667232547181, -21.250143938168787 ], [ -159.725601269896345, -21.250209900819637 ], [ -159.725375112236293, -21.250341826121339 ], [ -159.725375112236293, -21.250360672593011 ], [ -159.725120684868727, -21.250492597894713 ], [ -159.72496991309535, -21.250643369668087 ], [ -159.724828564557811, -21.250737602026444 ], [ -159.724517597775218, -21.251199340582399 ], [ -159.724442211888544, -21.251359535591611 ], [ -159.724168938049303, -21.251793004440056 ], [ -159.724150091577627, -21.252141664165983 ], [ -159.724102975398438, -21.252377245061879 ], [ -159.724112398634276, -21.252744751259478 ], [ -159.724206630992626, -21.253046294806225 ], [ -159.724347979530165, -21.253385531296317 ], [ -159.72455529071857, -21.253734191022243 ], [ -159.724800294850297, -21.253979195153974 ], [ -159.724828564557811, -21.253979195153974 ], [ -159.724979336331188, -21.254101697219838 ], [ -159.725233763698753, -21.254214776049871 ], [ -159.725384535472131, -21.254252468993212 ], [ -159.725507037537994, -21.2543278548799 ], [ -159.725789734613073, -21.254374971059079 ], [ -159.726110124631475, -21.254346701351572 ], [ -159.726373975234878, -21.254261892229049 ], [ -159.726581286423283, -21.254243045757377 ], [ -159.726703788489147, -21.254186506342361 ], [ -159.726807444083335, -21.254101697219838 ], [ -159.726854560262524, -21.254016888097318 ], [ -159.726948792620874, -21.253800153673094 ], [ -159.727014755271711, -21.253564572777197 ], [ -159.727005332035873, -21.253206489815433 ], [ -159.726892253205847, -21.252904946268689 ], [ -159.726798020847497, -21.252810713910328 ], [ -159.726694365253309, -21.252782444202822 ], [ -159.726562439951607, -21.252791867438656 ], [ -159.726515323772418, -21.252838983617835 ], [ -159.726449361121581, -21.252857830089507 ], [ -159.726355128763203, -21.252782444202822 ], [ -159.726326859055717, -21.252725904787805 ], [ -159.726308012584042, -21.252405514769389 ], [ -159.726213780225663, -21.25194377621343 ], [ -159.726232626697339, -21.251689348845865 ], [ -159.726279742876528, -21.251548000308325 ], [ -159.72650590053658, -21.251142801167386 ], [ -159.726647249074119, -21.250963759686503 ], [ -159.726684942017471, -21.250841257620639 ], [ -159.72674148143247, -21.25076587173395 ], [ -159.726722634960822, -21.250709332318937 ], [ -159.726732058196632, -21.25058683025307 ], [ -159.726769751139983, -21.250539714073891 ], [ -159.726835713790848, -21.250511444366385 ], [ -159.726882829970009, -21.250436058479696 ], [ -159.726873406734171, -21.250388942300518 ], [ -159.726750904668307, -21.250238170527144 ], [ -159.726534170244094, -21.250153361404621 ], [ -159.726355128763203, -21.250049705810429 ], [ -159.726166664046502, -21.250049705810429 ] ], [ [ -159.725507037537994, -21.241210710596409 ], [ -159.725478767830481, -21.241295519718932 ], [ -159.725507037537994, -21.241314366190604 ], [ -159.725563576952993, -21.241257826775588 ], [ -159.725554153717155, -21.241191864124737 ], [ -159.725488191066319, -21.241191864124737 ], [ -159.725507037537994, -21.241210710596409 ] ], [ [ -159.725356265764617, -21.241465137963978 ], [ -159.725365689000455, -21.241418021784796 ], [ -159.725337419292941, -21.241408598548961 ], [ -159.725327996057104, -21.241465137963978 ], [ -159.725356265764617, -21.241465137963978 ] ], [ [ -159.723735469200847, -21.247590241257274 ], [ -159.72376373890836, -21.247590241257274 ], [ -159.723792008615874, -21.24755254831393 ], [ -159.723773162144198, -21.247543125078096 ], [ -159.723735469200847, -21.247590241257274 ] ], [ [ -159.723678929785819, -21.247514855370586 ], [ -159.723744892436684, -21.247477162427241 ], [ -159.723678929785819, -21.247496008898914 ], [ -159.723678929785819, -21.247514855370586 ] ] ] } },
{ "type": "Feature", "properties": { "level_m": 0.528, "margin_cm": 20.0, "kind": "range" }, "geometry": { "type": "MultiLineString", "coordinates": [ [ [ -159.814085454394899, -21.200794452096488 ], [ -159.813981798800683, -21.200803875332323 ], [ -159.813981798800683, -21.200822721803995 ], [ -159.813812180555658, -21.200822721803995 ], [ -159.813783910848144, -21.200803875332323 ], [ -159.813831027027334, -21.200794452096488 ], [ -159.813840450263172, -21.200813298568161 ], [ -159.813840450263172, -21.200785028860651 ], [ -159.813727371433117, -21.200803875332323 ], [ -159.813755641140631, -21.200785028860651 ], [ -159.813689678489794, -21.200794452096488 ], [ -159.813670832018119, -21.200775605624816 ], [ -159.813538906716417, -21.200766182388978 ], [ -159.813510637008903, -21.200747335917306 ], [ -159.813520060244741, -21.200728489445638 ], [ -159.813435251122229, -21.2007190662098 ], [ -159.813425827886391, -21.200690796502293 ], [ -159.813322172292175, -21.200662526794787 ], [ -159.813275056113014, -21.200615410615605 ], [ -159.813209093462149, -21.200634257087277 ], [ -159.813180823754664, -21.200587140908098 ], [ -159.813114861103799, -21.200596564143936 ], [ -159.813124284339636, -21.200568294436426 ], [ -159.813096014632123, -21.200530601493085 ], [ -159.813077168160447, -21.200530601493085 ], [ -159.813067744924609, -21.200587140908098 ], [ -159.813020628745448, -21.200577717672264 ], [ -159.813001782273773, -21.200596564143936 ], [ -159.81292639638707, -21.200587140908098 ], [ -159.812417541651939, -21.200351560012201 ], [ -159.812304462821913, -21.200276174125516 ], [ -159.811984072803511, -21.200153672059649 ], [ -159.811984072803511, -21.200134825587977 ], [ -159.811654259549243, -21.200031169993785 ], [ -159.811117135106599, -21.199814435569561 ], [ -159.81107001892741, -21.199776742626216 ], [ -159.811041749219925, -21.199786165862051 ], [ -159.811013479512411, -21.199757896154544 ], [ -159.811060595691572, -21.19974847291871 ], [ -159.811060595691572, -21.1997202032112 ], [ -159.81097578656906, -21.199710779975366 ], [ -159.81097578656906, -21.199673087032021 ], [ -159.810900400682385, -21.1997202032112 ], [ -159.810919247154061, -21.199729626447038 ], [ -159.810900400682385, -21.199757896154544 ], [ -159.810843861267358, -21.19974847291871 ], [ -159.81083443803152, -21.199701356739528 ], [ -159.810806168324007, -21.1997202032112 ], [ -159.810806168324007, -21.199701356739528 ], [ -159.81074020567317, -21.199682510267859 ], [ -159.810721359201494, -21.199691933503694 ], [ -159.810721359201494, -21.199757896154544 ], [ -159.810693089493981, -21.19974847291871 ], [ -159.810693089493981, -21.1997202032112 ], [ -159.810655396550658, -21.1997202032112 ], [ -159.810636550078982, -21.199786165862051 ], [ -159.810664819786467, -21.199776742626216 ], [ -159.810664819786467, -21.199805012333723 ], [ -159.810542317720603, -21.199899244692084 ], [ -159.810485778305605, -21.199984053814603 ], [ -159.810400969183064, -21.200002900286275 ], [ -159.809788458853745, -21.200002900286275 ], [ -159.809402106184478, -21.199974630578769 ], [ -159.809194794996102, -21.20004059322962 ], [ -159.808987483807698, -21.200059439701292 ], [ -159.808827288798483, -21.200031169993785 ], [ -159.80846920583673, -21.200021746757947 ], [ -159.807611691375655, -21.200031169993785 ], [ -159.807291301357253, -21.199993477050441 ], [ -159.806518596018719, -21.200002900286275 ], [ -159.806132243349452, -21.200078286172964 ], [ -159.805491463312592, -21.200313867068861 ], [ -159.805208766237541, -21.200379829719711 ], [ -159.804596255908194, -21.200455215606397 ], [ -159.803927206163848, -21.200455215606397 ], [ -159.803201617004504, -21.200389252955546 ], [ -159.802532567260158, -21.20024790441801 ], [ -159.802174484298376, -21.200144248823815 ], [ -159.802070828704188, -21.200087709408798 ], [ -159.801938903402487, -21.199965207342935 ], [ -159.801806978100785, -21.199776742626216 ], [ -159.801778708393272, -21.1997202032112 ], [ -159.801797554864947, -21.199512892022813 ], [ -159.801769285157434, -21.19942808290029 ], [ -159.801731592214111, -21.199390389956946 ], [ -159.801571397204896, -21.199296157598589 ], [ -159.801420625431518, -21.199277311126917 ], [ -159.801364086016491, -21.19924904141941 ], [ -159.801260430422303, -21.199154809061049 ], [ -159.801185044535629, -21.19904173023102 ], [ -159.800949463639739, -21.198919228165156 ], [ -159.800826961573875, -21.198824995806795 ], [ -159.800450032140418, -21.198740186684272 ], [ -159.800223874480366, -21.198740186684272 ], [ -159.799941177405287, -21.198787302863455 ], [ -159.799639633858533, -21.198787302863455 ], [ -159.798866928519999, -21.198721340212604 ], [ -159.798263841426518, -21.198777879627617 ], [ -159.798235571719005, -21.198768456391782 ], [ -159.798235571719005, -21.198721340212604 ], [ -159.798150762596492, -21.198721340212604 ], [ -159.798094223181465, -21.198674224033422 ], [ -159.797877488757251, -21.198674224033422 ], [ -159.796906895466151, -21.198711916976766 ], [ -159.79630380837267, -21.198796726099289 ], [ -159.7958420698167, -21.198806149335123 ], [ -159.795823223345025, -21.198834419042633 ], [ -159.795653605099972, -21.198834419042633 ], [ -159.795418024204082, -21.198881535221812 ], [ -159.795399177732406, -21.19886268875014 ], [ -159.794918592704789, -21.19886268875014 ], [ -159.794419161205496, -21.198956921108497 ], [ -159.793900883234528, -21.199164232296887 ], [ -159.793853767055339, -21.199154809061049 ], [ -159.793844343819501, -21.199183078768559 ], [ -159.79357106998026, -21.199267887891082 ], [ -159.793420298206883, -21.199343273777767 ], [ -159.793392028499397, -21.199333850541933 ], [ -159.793307219376857, -21.199380966721112 ], [ -159.792355472557432, -21.199682510267859 ], [ -159.791092758955443, -21.200163095295487 ], [ -159.790857178059554, -21.200238481182172 ], [ -159.790819485116202, -21.200229057946338 ], [ -159.790791215408689, -21.200257327653844 ], [ -159.790602750691988, -21.200313867068861 ], [ -159.790470825390287, -21.200332713540529 ], [ -159.789914854475967, -21.200530601493085 ], [ -159.789745236230914, -21.200624833851442 ], [ -159.789236381495783, -21.200822721803995 ], [ -159.789029070307379, -21.200945223869862 ], [ -159.78873694999649, -21.201077149171564 ], [ -159.788501369100572, -21.201246767416606 ], [ -159.787870012299578, -21.20160485037837 ], [ -159.787549622281176, -21.201821584802595 ], [ -159.78744596668696, -21.201859277745935 ], [ -159.78711615343272, -21.202057165698491 ], [ -159.787078460489369, -21.202066588934326 ], [ -159.787059614017693, -21.202038319226819 ], [ -159.786946535187667, -21.202000626283475 ], [ -159.786861726065155, -21.202000626283475 ], [ -159.78679576341429, -21.20196293334013 ], [ -159.786626145169237, -21.201953510104296 ], [ -159.786569605754238, -21.201906393925118 ], [ -159.786541336046724, -21.20192524039679 ], [ -159.786418833980861, -21.201887547453445 ], [ -159.786352871330024, -21.201906393925118 ], [ -159.785985365132404, -21.201906393925118 ], [ -159.785891132774054, -21.201915817160952 ], [ -159.785844016594865, -21.201953510104296 ], [ -159.785721514529001, -21.201953510104296 ], [ -159.785712091293163, -21.201972356575968 ], [ -159.785533049812301, -21.201991203047641 ], [ -159.785485933633112, -21.202019472755147 ], [ -159.785438817453922, -21.202010049519309 ], [ -159.785363431567248, -21.202085435405998 ], [ -159.785316315388059, -21.20210428187767 ], [ -159.785250352737222, -21.202085435405998 ], [ -159.785231506265546, -21.202113705113504 ], [ -159.785193813322195, -21.20210428187767 ], [ -159.785109004199683, -21.202151398056849 ], [ -159.78503361831298, -21.202236207179372 ], [ -159.784986502133819, -21.202236207179372 ], [ -159.784929962718792, -21.20228332335855 ], [ -159.784958232426305, -21.202321016301894 ], [ -159.785014771841333, -21.202321016301894 ], [ -159.785052464784656, -21.202349286009401 ], [ -159.785043041548818, -21.202405825424417 ], [ -159.785071311256331, -21.202434095131924 ], [ -159.785118427435521, -21.202405825424417 ], [ -159.785109004199683, -21.202358709245235 ], [ -159.785156120378872, -21.202349286009401 ], [ -159.785193813322195, -21.202311593066057 ], [ -159.785193813322195, -21.202273900122716 ], [ -159.785240929501384, -21.202255053651044 ], [ -159.785222083029709, -21.202217360707699 ], [ -159.785269199208898, -21.202189091000193 ], [ -159.785269199208898, -21.202123128349342 ], [ -159.785382278038924, -21.202123128349342 ], [ -159.785438817453922, -21.202255053651044 ], [ -159.78549535686895, -21.202255053651044 ], [ -159.785599012463138, -21.202207937471861 ], [ -159.785806323651542, -21.202207937471861 ], [ -159.785853439830703, -21.202160821292683 ], [ -159.785881709538216, -21.202170244528521 ], [ -159.785891132774054, -21.202151398056849 ], [ -159.786070174254945, -21.202113705113504 ], [ -159.786447103688374, -21.20210428187767 ], [ -159.786597875461752, -21.202123128349342 ], [ -159.786729800763453, -21.202170244528521 ], [ -159.786776916942614, -21.202160821292683 ], [ -159.786805186650128, -21.202189091000193 ], [ -159.786814609885965, -21.202236207179372 ], [ -159.786729800763453, -21.20228332335855 ], [ -159.786805186650128, -21.202311593066057 ], [ -159.786814609885965, -21.202377555716907 ], [ -159.78665441487675, -21.202415248660252 ], [ -159.786673261348426, -21.202490634546937 ], [ -159.786268062207483, -21.202924103395386 ], [ -159.786164406613295, -21.20307487516876 ], [ -159.786041904547432, -21.203187953998789 ], [ -159.786041904547432, -21.203216223706299 ], [ -159.785844016594865, -21.203404688423014 ], [ -159.785768630708191, -21.203517767253047 ], [ -159.785721514529001, -21.203517767253047 ], [ -159.785467087161436, -21.203385841951345 ], [ -159.785410547746437, -21.203385841951345 ], [ -159.78535400833141, -21.203432958130524 ], [ -159.785382278038924, -21.203480074309702 ], [ -159.785467087161436, -21.203508344017209 ], [ -159.785485933633112, -21.203536613724715 ], [ -159.785533049812301, -21.203536613724715 ], [ -159.785551896283977, -21.20357430666806 ], [ -159.785683821585678, -21.203611999611404 ], [ -159.785825170123189, -21.203687385498089 ], [ -159.785834593359027, -21.203762771384778 ], [ -159.785683821585678, -21.203951236101492 ], [ -159.785655551878165, -21.204054891695687 ], [ -159.785580165991462, -21.204186816997389 ], [ -159.785580165991462, -21.204233933176567 ], [ -159.785419970982275, -21.204516630251643 ], [ -159.785363431567248, -21.204563746430825 ], [ -159.785325738623897, -21.204526053487481 ], [ -159.785382278038924, -21.204657978789182 ], [ -159.785382278038924, -21.204714518204195 ], [ -159.785071311256331, -21.204884136449241 ], [ -159.784995925369657, -21.20495952233593 ], [ -159.784958232426305, -21.20495952233593 ], [ -159.784920539482954, -21.205006638515108 ], [ -159.784826307124604, -21.205034908222615 ], [ -159.784515340342011, -21.205242219411005 ], [ -159.784487070634526, -21.205242219411005 ], [ -159.784458800927013, -21.205157410288482 ], [ -159.784355145332825, -21.204714518204195 ], [ -159.784251489738608, -21.204412974657451 ], [ -159.784223220031123, -21.204224509940733 ], [ -159.784204373559447, -21.204224509940733 ], [ -159.784138410908582, -21.203979505809002 ], [ -159.784138410908582, -21.203904119922313 ], [ -159.784100717965231, -21.203838157271463 ], [ -159.784100717965231, -21.20378161785645 ], [ -159.784063025021908, -21.203734501677271 ], [ -159.784006485606881, -21.203451804602196 ], [ -159.783949946191882, -21.203310456064656 ], [ -159.783949946191882, -21.203235070177971 ], [ -159.783893406776855, -21.20310314487627 ], [ -159.783902830012693, -21.203056028697087 ], [ -159.783836867361828, -21.202924103395386 ], [ -159.783921676484368, -21.202858140744535 ], [ -159.783893406776855, -21.202792178093684 ], [ -159.783949946191882, -21.202792178093684 ], [ -159.783968792663529, -21.202660252791983 ], [ -159.783940522956044, -21.202650829556148 ], [ -159.783949946191882, -21.202622559848642 ], [ -159.783921676484368, -21.20260371337697 ], [ -159.783836867361828, -21.202641406320311 ], [ -159.783742635003478, -21.202622559848642 ], [ -159.783676672352641, -21.202660252791983 ], [ -159.78363897940929, -21.202716792206999 ], [ -159.783573016758425, -21.202707368971161 ], [ -159.783563593522615, -21.202726215442834 ], [ -159.783516477343426, -21.202763908386178 ], [ -159.783478784400074, -21.202735638678671 ], [ -159.783488207635912, -21.202773331622012 ], [ -159.783365705570048, -21.202839294272863 ], [ -159.783356282334211, -21.202867563980373 ], [ -159.783233780268347, -21.202905256923714 ], [ -159.783214933796671, -21.202933526631224 ], [ -159.783045315551618, -21.203008912517909 ], [ -159.782988776136619, -21.203008912517909 ], [ -159.782951083193268, -21.203065451932925 ], [ -159.782828581127404, -21.203112568112104 ], [ -159.782743772004892, -21.203197377234627 ], [ -159.782687232589865, -21.203216223706299 ], [ -159.782536460816488, -21.203338725772163 ], [ -159.782442228458137, -21.203451804602196 ], [ -159.78238568904311, -21.203470651073864 ], [ -159.782404535514786, -21.203498920781374 ], [ -159.782338572863949, -21.203555460196387 ], [ -159.782150108147221, -21.203536613724715 ], [ -159.782112415203869, -21.20357430666806 ], [ -159.782093568732222, -21.203536613724715 ], [ -159.782018182845519, -21.203536613724715 ], [ -159.781895680779655, -21.203564883432225 ], [ -159.781801448421305, -21.203630846083076 ], [ -159.781716639298764, -21.203602576375566 ], [ -159.781678946355441, -21.203611999611404 ], [ -159.781678946355441, -21.203593153139732 ], [ -159.781443365459523, -21.203621422847238 ], [ -159.78132086339366, -21.20366853902642 ], [ -159.780962780431906, -21.203734501677271 ], [ -159.780727199536017, -21.203828734035628 ], [ -159.780453925696776, -21.203847580507301 ], [ -159.780322000395074, -21.203922966393986 ], [ -159.779907378018294, -21.204036045224015 ], [ -159.779756606244916, -21.204036045224015 ], [ -159.779766029480754, -21.204083161403197 ], [ -159.779709490065756, -21.204083161403197 ], [ -159.77969064359408, -21.204120854346538 ], [ -159.779652950650728, -21.204111431110704 ], [ -159.779652950650728, -21.20413970081821 ], [ -159.779530448584865, -21.204196240233227 ], [ -159.779530448584865, -21.204224509940733 ], [ -159.779492755641513, -21.204233933176567 ], [ -159.779398523283163, -21.204328165534928 ], [ -159.779341983868136, -21.204337588770763 ], [ -159.779276021217299, -21.204441244364958 ], [ -159.779238328273948, -21.204450667600792 ], [ -159.779210058566434, -21.204507207015808 ], [ -159.77913467267976, -21.204544899959153 ], [ -159.77913467267976, -21.204573169666659 ], [ -159.779012170613896, -21.204667402025017 ], [ -159.777853112606095, -21.205100870873466 ], [ -159.777805996426906, -21.205110294109303 ], [ -159.777768303483555, -21.205072601165959 ], [ -159.777598685238502, -21.205110294109303 ], [ -159.777457336700991, -21.205185679995989 ], [ -159.777334834635099, -21.205213949703495 ], [ -159.77718406286175, -21.205308182061856 ], [ -159.777099253739209, -21.20531760529769 ], [ -159.777089830503371, -21.205336451769362 ], [ -159.777052137560048, -21.20531760529769 ], [ -159.777052137560048, -21.205336451769362 ], [ -159.776920212258347, -21.205374144712707 ], [ -159.77681655666413, -21.205440107363557 ], [ -159.77672232430578, -21.205449530599392 ], [ -159.776703477834104, -21.205487223542736 ], [ -159.776571552532403, -21.20552491648608 ], [ -159.776552706060727, -21.205553186193587 ], [ -159.776477320174052, -21.205534339721915 ], [ -159.776467896938215, -21.205562609429421 ], [ -159.77648674340989, -21.205572032665259 ], [ -159.776458473702377, -21.205562609429421 ], [ -159.776430203994863, -21.205562609429421 ], [ -159.776430203994863, -21.205581455901093 ], [ -159.776383087815702, -21.205572032665259 ], [ -159.776317125164837, -21.205656841787782 ], [ -159.776185199863136, -21.205732227674467 ], [ -159.776147506919784, -21.205732227674467 ], [ -159.776090967504786, -21.205798190325318 ], [ -159.776025004853921, -21.205835883268662 ], [ -159.775996735146435, -21.20581703679699 ], [ -159.775864809844705, -21.205911269155347 ], [ -159.775827116901382, -21.205911269155347 ], [ -159.775817693665545, -21.205939538862857 ], [ -159.775761154250517, -21.205967808570364 ], [ -159.775780000722193, -21.205977231806198 ], [ -159.775770577486355, -21.206005501513708 ], [ -159.775714038071357, -21.206005501513708 ], [ -159.775714038071357, -21.206033771221215 ], [ -159.775676345128005, -21.206033771221215 ], [ -159.775666921892167, -21.206071464164559 ], [ -159.775619805712978, -21.206062040928721 ], [ -159.775582112769655, -21.20613742681541 ], [ -159.775506726882952, -21.206118580343738 ], [ -159.775506726882952, -21.206156273287082 ], [ -159.775459610703791, -21.206212812702095 ], [ -159.775403071288764, -21.206222235937933 ], [ -159.775384224817088, -21.206184542994588 ], [ -159.775110950977847, -21.206175119758754 ], [ -159.775110950977847, -21.206269352117111 ], [ -159.775054411562849, -21.206269352117111 ], [ -159.775044988327011, -21.20620338946626 ], [ -159.774997872147821, -21.20620338946626 ], [ -159.775007295383659, -21.205977231806198 ], [ -159.774856523610282, -21.205977231806198 ], [ -159.774828253902768, -21.205920692391185 ], [ -159.774620942714392, -21.205835883268662 ], [ -159.774602096242717, -21.205666265023616 ], [ -159.774573826535203, -21.205656841787782 ], [ -159.774583249771041, -21.205628572080272 ], [ -159.774554980063527, -21.205590879136931 ], [ -159.774498440648529, -21.205581455901093 ], [ -159.774498440648529, -21.205600302372765 ], [ -159.774460747705177, -21.205609725608603 ], [ -159.774479594176853, -21.205628572080272 ], [ -159.774460747705177, -21.20563799531611 ], [ -159.774470170941015, -21.205722804438633 ], [ -159.774526710356042, -21.205930115627019 ], [ -159.774564403299365, -21.205967808570364 ], [ -159.774583249771041, -21.206193966230423 ], [ -159.77463036595023, -21.206250505645439 ], [ -159.77463036595023, -21.206486086541336 ], [ -159.77454555682769, -21.206438970362157 ], [ -159.774517287120204, -21.206165696522916 ], [ -159.774554980063527, -21.206156273287082 ], [ -159.774498440648529, -21.206128003579572 ], [ -159.774489017412691, -21.206005501513708 ], [ -159.774451324469339, -21.205977231806198 ], [ -159.774423054761826, -21.205864152976169 ], [ -159.774375938582665, -21.205826460032828 ], [ -159.774366515346827, -21.205751074146139 ], [ -159.774328822403476, -21.205732227674467 ], [ -159.774300552695962, -21.205647418551944 ], [ -159.774262859752639, -21.205619148844438 ], [ -159.774272282988449, -21.205590879136931 ], [ -159.774178050630098, -21.20552491648608 ], [ -159.774149780922585, -21.20545895383523 ], [ -159.773999009149236, -21.205383567948541 ], [ -159.773970739441722, -21.205308182061856 ], [ -159.773951892970047, -21.205308182061856 ], [ -159.773961316205884, -21.205270489118512 ], [ -159.773989585913398, -21.205279912354346 ], [ -159.773999009149236, -21.205232796175167 ], [ -159.773999009149236, -21.205185679995989 ], [ -159.773970739441722, -21.205185679995989 ], [ -159.77398016267756, -21.205119717345138 ], [ -159.773923623262533, -21.205129140580976 ], [ -159.773904776790857, -21.205298758826018 ], [ -159.773706888838319, -21.205298758826018 ], [ -159.773273419989863, -21.205204526467661 ], [ -159.771859934614497, -21.20513856381681 ], [ -159.7711531919268, -21.205044331458453 ], [ -159.770898764559234, -21.204978368807602 ], [ -159.770832801908369, -21.204950099100092 ], [ -159.770823378672532, -21.204921829392585 ], [ -159.770738569550019, -21.204912406156751 ], [ -159.770531258361643, -21.20481817379839 ], [ -159.769909324796458, -21.20463913231751 ], [ -159.769824515673946, -21.204554323194987 ], [ -159.769532395363029, -21.204497783779974 ], [ -159.769183735637114, -21.204469514072464 ], [ -159.768967001212872, -21.204394128185779 ], [ -159.768137756459339, -21.204215086704899 ], [ -159.767779673497557, -21.204102007874866 ], [ -159.767553515837506, -21.204083161403197 ], [ -159.767148316696563, -21.203988929044836 ], [ -159.766931582272349, -21.203922966393986 ], [ -159.766931582272349, -21.203904119922313 ], [ -159.76679023373481, -21.203847580507301 ], [ -159.766516959895569, -21.203791041092284 ], [ -159.765970412217087, -21.203696808733927 ], [ -159.765433287774442, -21.203659115790582 ], [ -159.764547503605883, -21.203517767253047 ], [ -159.764208267115777, -21.203414111658851 ], [ -159.764085765049913, -21.203338725772163 ], [ -159.763416715305567, -21.203131414583776 ], [ -159.763134018230488, -21.203008912517909 ], [ -159.762154001703578, -21.202942949867058 ], [ -159.760806478979049, -21.20296179633873 ], [ -159.759996080697164, -21.202933526631224 ], [ -159.759100873292766, -21.202876987216207 ], [ -159.759091450056928, -21.202858140744535 ], [ -159.758950101519389, -21.202858140744535 ], [ -159.758592018557636, -21.202801601329522 ], [ -159.758007777935802, -21.20278275485785 ], [ -159.757875852634101, -21.202754485150344 ], [ -159.757404690842321, -21.202773331622012 ], [ -159.757037184644702, -21.202839294272863 ], [ -159.756556599617085, -21.202829871037029 ], [ -159.756330441957033, -21.202848717508701 ], [ -159.756245632834492, -21.202829871037029 ], [ -159.756000628702765, -21.202876987216207 ], [ -159.755831010457712, -21.202942949867058 ], [ -159.755491773967634, -21.202971219574568 ], [ -159.755133691005881, -21.203093721640432 ], [ -159.755030035411664, -21.203084298404598 ], [ -159.754728491864938, -21.203178530762955 ], [ -159.754134828007267, -21.203291609592984 ], [ -159.753776745045514, -21.203432958130524 ], [ -159.753531740913786, -21.203498920781374 ], [ -159.753437508555407, -21.203564883432225 ], [ -159.753343276197057, -21.20357430666806 ], [ -159.752843844697765, -21.203791041092284 ], [ -159.752118255538392, -21.203988929044836 ], [ -159.751920367585853, -21.204092584639032 ], [ -159.751920367585853, -21.204111431110704 ], [ -159.751741326104963, -21.204186816997389 ], [ -159.751581131095747, -21.20431874229909 ], [ -159.751505745209073, -21.2043470120066 ], [ -159.751354973435696, -21.204469514072464 ], [ -159.751260741077346, -21.204497783779974 ], [ -159.75110054606813, -21.204629709081676 ], [ -159.750789579285538, -21.204771057619212 ], [ -159.750563421625486, -21.204987792043436 ], [ -159.750243031607056, -21.205232796175167 ], [ -159.749611674806062, -21.205562609429421 ], [ -159.749366670674334, -21.205628572080272 ], [ -159.749083973599255, -21.205760497381974 ], [ -159.748433770326585, -21.206297621824618 ], [ -159.748320691496559, -21.206438970362157 ], [ -159.74817934295902, -21.206561472428021 ], [ -159.748066264128994, -21.206712244201395 ], [ -159.747811836761429, -21.206957248333126 ], [ -159.747340674969621, -21.207296484823217 ], [ -159.747284135554622, -21.20731533129489 ], [ -159.747189903196244, -21.207409563653247 ], [ -159.747020284951219, -21.207503796011604 ], [ -159.746803550526977, -21.207720530435829 ], [ -159.746709318168627, -21.207767646615011 ], [ -159.74627584932017, -21.208229385170966 ], [ -159.746068538131794, -21.208389580180175 ], [ -159.745729301641688, -21.208709970198594 ], [ -159.745493720745799, -21.209068053160355 ], [ -159.74511679131237, -21.209426136122119 ], [ -159.744852940708967, -21.209576907895492 ], [ -159.744758708350616, -21.209586331131327 ], [ -159.744749285114779, -21.209614600838833 ], [ -159.744551397162212, -21.209755949376373 ], [ -159.744136774785431, -21.209953837328925 ], [ -159.743901193889542, -21.210151725281477 ], [ -159.743872924182028, -21.210151725281477 ], [ -159.743590227106978, -21.210481538535731 ], [ -159.743439455333601, -21.210613463837433 ], [ -159.742817521768416, -21.210896160912508 ], [ -159.742817521768416, -21.21091500738418 ], [ -159.742770405589255, -21.210924430620015 ], [ -159.742666749995038, -21.211009239742538 ], [ -159.742459438806662, -21.211216550930928 ], [ -159.742346359976636, -21.211263667110106 ], [ -159.742318090269123, -21.211301360053451 ], [ -159.741978853779045, -21.211480401534331 ], [ -159.741658463760615, -21.211697135958556 ], [ -159.741507691987238, -21.211763098609406 ], [ -159.741215571676321, -21.211960986561959 ], [ -159.740810372535378, -21.212187144222018 ], [ -159.740386326922788, -21.212564073655454 ], [ -159.740037667196844, -21.212809077787185 ], [ -159.73940631039585, -21.213176583984783 ], [ -159.738935148604071, -21.21341216488068 ], [ -159.737926862369619, -21.214109484332532 ], [ -159.737436854106164, -21.214392181407607 ], [ -159.737144733795247, -21.21459006936016 ], [ -159.736400298164227, -21.214985845265264 ], [ -159.736108177853311, -21.215183733217817 ], [ -159.73559932311818, -21.215457007057054 ], [ -159.735316626043101, -21.215645471773772 ], [ -159.735260086628074, -21.215654895009607 ], [ -159.735250663392236, -21.215683164717117 ], [ -159.735165854269724, -21.215711434424623 ], [ -159.735109314854697, -21.21576797383964 ], [ -159.735005659260509, -21.21583393649049 ], [ -159.734977389552995, -21.21583393649049 ], [ -159.734939696609672, -21.215881052669669 ], [ -159.734892580430483, -21.215890475905503 ], [ -159.734760655128781, -21.215994131499698 ], [ -159.73472296218543, -21.215994131499698 ], [ -159.734713538949592, -21.216022401207205 ], [ -159.734685269242107, -21.216022401207205 ], [ -159.734694692477944, -21.216041247678877 ], [ -159.734515650997054, -21.216163749744744 ], [ -159.73439314893119, -21.216286251810608 ], [ -159.734355455987838, -21.216295675046446 ], [ -159.73416699127111, -21.216474716527326 ], [ -159.733893717431897, -21.216795106545746 ], [ -159.733460248583441, -21.217435886582582 ], [ -159.733121012093335, -21.218218015156957 ], [ -159.73295139384831, -21.218773986071273 ], [ -159.732876007961607, -21.219132069033034 ], [ -159.732810045310771, -21.219320533749752 ], [ -159.732772352367419, -21.219716309654856 ], [ -159.732706389716554, -21.219970737022422 ], [ -159.732706389716554, -21.220102662324127 ], [ -159.732640427065718, -21.220291127040841 ], [ -159.732546194707368, -21.220762288832635 ], [ -159.732461385584827, -21.221817691246248 ], [ -159.73239542293399, -21.222109811557161 ], [ -159.732376576462315, -21.222307699509713 ], [ -159.73239542293399, -21.222562126877278 ], [ -159.732376576462315, -21.222976749254055 ], [ -159.732291767339802, -21.223212330149952 ], [ -159.732263497632289, -21.223419641338342 ], [ -159.732131572330587, -21.223664645470073 ], [ -159.732093879387236, -21.223787147535941 ], [ -159.73207503291556, -21.22425830932773 ], [ -159.732140995566425, -21.224663508468673 ], [ -159.732103302623074, -21.224946205543748 ], [ -159.732027916736399, -21.225191209675479 ], [ -159.731990223793048, -21.225247749090496 ], [ -159.731905414670535, -21.22557756234475 ], [ -159.73188656819886, -21.22575660382563 ], [ -159.731764066132996, -21.226067570608212 ], [ -159.731707526717969, -21.226397383862466 ], [ -159.731594447887943, -21.226717773880885 ], [ -159.731387136699539, -21.227810869237842 ], [ -159.73123636492619, -21.228225491614619 ], [ -159.731047900209461, -21.228574151340545 ], [ -159.730981937558596, -21.228866271651459 ], [ -159.730925398143597, -21.229007620188995 ], [ -159.730906551671922, -21.229158391962368 ], [ -159.730859435492732, -21.229262047556563 ], [ -159.730802896077734, -21.229573014339145 ], [ -159.730718086955193, -21.229770902291698 ], [ -159.730652124304356, -21.229855711414221 ], [ -159.730623854596843, -21.230044176130939 ], [ -159.730557891946006, -21.230242064083491 ], [ -159.730473082823465, -21.230863997648655 ], [ -159.730341157521764, -21.231269196789597 ], [ -159.730303464578441, -21.23135400591212 ], [ -159.730275194870927, -21.231363429147954 ], [ -159.730284618106765, -21.231401122091299 ], [ -159.730171539276739, -21.231599010043851 ], [ -159.729964228088335, -21.232126711250658 ], [ -159.729832302786633, -21.232974802475884 ], [ -159.729634414834095, -21.233596736041051 ], [ -159.729493066296556, -21.23388885635196 ], [ -159.72933287128734, -21.234350594907916 ], [ -159.729134983334774, -21.234652138454663 ], [ -159.729116136863126, -21.234746370813021 ], [ -159.72891824891056, -21.235236379076486 ], [ -159.728842863023885, -21.235556769094906 ], [ -159.728692091250508, -21.23585831264165 ], [ -159.728541319477131, -21.236301204725937 ], [ -159.728465933590428, -21.2364237067918 ], [ -159.728324585052889, -21.236574478565174 ], [ -159.728211506222863, -21.236810059461071 ], [ -159.728145543572026, -21.23688544534776 ], [ -159.72812669710035, -21.23695140799861 ], [ -159.728089004156999, -21.236970254470279 ], [ -159.728098427392837, -21.236989100941951 ], [ -159.728079580921161, -21.237026793885295 ], [ -159.728060734449485, -21.237017370649461 ], [ -159.728023041506162, -21.237121026243653 ], [ -159.727994771798649, -21.237121026243653 ], [ -159.727994771798649, -21.237168142422831 ], [ -159.727957078855297, -21.237177565658669 ], [ -159.727957078855297, -21.237234105073686 ], [ -159.727919385911974, -21.237262374781192 ], [ -159.727928809147784, -21.237309490960371 ], [ -159.727862846496947, -21.237488532441251 ], [ -159.727759190902759, -21.237667573922131 ], [ -159.72771207472357, -21.237827768931343 ], [ -159.72761784236522, -21.238468548968179 ], [ -159.72757072618603, -21.238647590449059 ], [ -159.727485917063518, -21.238864324873283 ], [ -159.727372838233492, -21.239033943118329 ], [ -159.727212643224277, -21.239457988730944 ], [ -159.727005332035873, -21.239797225221032 ], [ -159.72674148143247, -21.240127038475286 ], [ -159.726534170244094, -21.240503967908722 ], [ -159.72636455199904, -21.240739548804616 ], [ -159.72631743581988, -21.240852627634649 ], [ -159.726157240810664, -21.24106936205887 ], [ -159.726119547867313, -21.241088208530542 ], [ -159.726081854923962, -21.24116359441723 ], [ -159.726053585216476, -21.241173017653065 ], [ -159.726063008452314, -21.241201287360575 ], [ -159.725987622565611, -21.241229557068081 ], [ -159.725997045801449, -21.241267250011425 ], [ -159.725818004320558, -21.241427445020634 ], [ -159.725742618433884, -21.241531100614829 ], [ -159.725591846660507, -21.24163475620902 ], [ -159.725318572821266, -21.24166302591653 ], [ -159.725337419292941, -21.241644179444858 ], [ -159.725309149585428, -21.241615909737352 ], [ -159.725309149585428, -21.241597063265679 ], [ -159.725337419292941, -21.241597063265679 ], [ -159.725337419292941, -21.241521677378991 ], [ -159.725318572821266, -21.241521677378991 ], [ -159.725290303113752, -21.241568793558169 ], [ -159.725224340462916, -21.241597063265679 ], [ -159.725196070755402, -21.241681872388202 ], [ -159.725130108104565, -21.241691295624037 ], [ -159.725177224283726, -21.241757258274887 ], [ -159.725252610170429, -21.241757258274887 ], [ -159.725309149585428, -21.241832644161576 ], [ -159.725243186934591, -21.241804374454066 ], [ -159.72520549399124, -21.241813797689904 ], [ -159.725186647519564, -21.241785527982394 ], [ -159.725082991925376, -21.241813797689904 ], [ -159.724960489859512, -21.241983415934946 ], [ -159.724922796916161, -21.241964569463278 ], [ -159.724894527208647, -21.241992839170784 ], [ -159.724875680736972, -21.242077648293307 ], [ -159.724819141321973, -21.242087071529141 ], [ -159.724790871614459, -21.242068225057469 ], [ -159.724781448378621, -21.24216245741583 ], [ -159.724687216020271, -21.242171880651664 ], [ -159.724668369548596, -21.242369768604217 ], [ -159.724640099841082, -21.242407461547561 ], [ -159.724687216020271, -21.242435731255068 ], [ -159.724687216020271, -21.242464000962574 ], [ -159.724668369548596, -21.242464000962574 ], [ -159.724668369548596, -21.242614772735948 ], [ -159.724687216020271, -21.24263361920762 ], [ -159.724687216020271, -21.242737274801815 ], [ -159.724734332199461, -21.242765544509322 ], [ -159.724715485727785, -21.242793814216832 ], [ -159.724658946312758, -21.242765544509322 ], [ -159.724611830133568, -21.242774967745159 ], [ -159.724564713954408, -21.242869200103517 ], [ -159.724498751303543, -21.242869200103517 ], [ -159.724489328067705, -21.242916316282695 ], [ -159.724536444246894, -21.242935162754367 ], [ -159.724536444246894, -21.242963432461874 ], [ -159.72450817453938, -21.242972855697712 ], [ -159.724470481596029, -21.243048241584397 ], [ -159.724442211888544, -21.243048241584397 ], [ -159.724442211888544, -21.243085934527741 ], [ -159.724479904831867, -21.243104780999413 ], [ -159.72446105836022, -21.243151897178592 ], [ -159.724479904831867, -21.243227283065277 ], [ -159.72441394218103, -21.243255552772787 ], [ -159.72441394218103, -21.243293245716131 ], [ -159.724338556294327, -21.243283822480294 ], [ -159.724347979530165, -21.243349785131144 ], [ -159.724432788652706, -21.243321515423638 ], [ -159.724385672473517, -21.243359208366982 ], [ -159.724432788652706, -21.243349785131144 ], [ -159.72446105836022, -21.243396901310323 ], [ -159.724442211888544, -21.243396901310323 ], [ -159.724432788652706, -21.243453440725339 ], [ -159.724404518945192, -21.243425171017833 ], [ -159.724395095709355, -21.243444017489502 ], [ -159.724347979530165, -21.243425171017833 ], [ -159.72431970982268, -21.243472287197012 ], [ -159.724338556294327, -21.243481710432846 ], [ -159.724329133058518, -21.243538249847862 ], [ -159.724347979530165, -21.243575942791203 ], [ -159.724432788652706, -21.243566519555369 ], [ -159.724423365416868, -21.243585366027041 ], [ -159.724451635124382, -21.243585366027041 ], [ -159.724489328067705, -21.24363248220622 ], [ -159.724583560426083, -21.243585366027041 ], [ -159.724583560426083, -21.243641905442058 ], [ -159.724724908963623, -21.243613635734548 ], [ -159.724753178671108, -21.243651328677892 ], [ -159.724781448378621, -21.243651328677892 ], [ -159.724800294850297, -21.243594789262875 ], [ -159.724837987793649, -21.243585366027041 ], [ -159.724913373680323, -21.243594789262875 ], [ -159.725045298982025, -21.243557096319535 ], [ -159.725214917227078, -21.243547673083697 ], [ -159.72529972634959, -21.243566519555369 ], [ -159.725591846660507, -21.243547673083697 ], [ -159.725752041669722, -21.243585366027041 ], [ -159.726091278159799, -21.243575942791203 ], [ -159.726166664046502, -21.243594789262875 ], [ -159.72631743581988, -21.243689021621236 ], [ -159.726543593479931, -21.243896332809623 ], [ -159.726779174375821, -21.244160183413026 ], [ -159.727099564394251, -21.244273262243055 ], [ -159.727212643224277, -21.244254415771387 ], [ -159.727269182639276, -21.244273262243055 ], [ -159.727269182639276, -21.244235569299715 ], [ -159.727306875582627, -21.244226146063877 ], [ -159.727288029110952, -21.244282685478893 ], [ -159.727325722054303, -21.244273262243055 ], [ -159.727316298818465, -21.244235569299715 ], [ -159.727335145290141, -21.244235569299715 ], [ -159.72738226146933, -21.244301531950565 ], [ -159.727504763535194, -21.244320378422238 ], [ -159.72757072618603, -21.244301531950565 ], [ -159.727598995893544, -21.244254415771387 ], [ -159.72757072618603, -21.244216722828043 ], [ -159.727533033242679, -21.244216722828043 ], [ -159.727589572657706, -21.244188453120536 ], [ -159.727580149421868, -21.244037681347162 ], [ -159.727598995893544, -21.244009411639652 ], [ -159.727504763535194, -21.243905756045461 ], [ -159.727533033242679, -21.243905756045461 ], [ -159.72752361000687, -21.24383979339461 ], [ -159.727561302950193, -21.243820946922938 ], [ -159.727608419129382, -21.243707868092908 ], [ -159.727674381780218, -21.243660751913726 ], [ -159.727721497959408, -21.243660751913726 ], [ -159.72771207472357, -21.243623058970385 ], [ -159.727730921195246, -21.243613635734548 ], [ -159.727778037374435, -21.243623058970385 ], [ -159.727787460610273, -21.243594789262875 ], [ -159.72780630708192, -21.243585366027041 ], [ -159.727778037374435, -21.243566519555369 ], [ -159.727834576789434, -21.243538249847862 ], [ -159.727844000025271, -21.243500556904518 ], [ -159.727881692968623, -21.243462863961174 ], [ -159.727919385911974, -21.243462863961174 ], [ -159.727938232383622, -21.243425171017833 ], [ -159.728183236515378, -21.243293245716131 ], [ -159.728286892109566, -21.243274399244459 ], [ -159.728258622402052, -21.243330938659472 ], [ -159.727909962676137, -21.243509980140352 ], [ -159.727862846496947, -21.243604212498713 ], [ -159.727759190902759, -21.243679598385398 ], [ -159.727702651487732, -21.243754984272087 ], [ -159.727702651487732, -21.243792677215428 ], [ -159.727674381780218, -21.243802100451266 ], [ -159.727683805016056, -21.243849216630444 ], [ -159.727721497959408, -21.243868063102116 ], [ -159.72771207472357, -21.243934025752967 ], [ -159.727749767666921, -21.243943448988801 ], [ -159.727749767666921, -21.243971718696312 ], [ -159.727759190902759, -21.243943448988801 ], [ -159.727778037374435, -21.243952872224639 ], [ -159.727740344431083, -21.24401883487549 ], [ -159.727693228251894, -21.244028258111324 ], [ -159.727702651487732, -21.244047104582997 ], [ -159.727664958544381, -21.244065951054669 ], [ -159.727702651487732, -21.244075374290503 ], [ -159.727749767666921, -21.24413191370552 ], [ -159.727768614138597, -21.24448999666728 ], [ -159.727796883846082, -21.244669038148164 ], [ -159.727844000025271, -21.244725577563177 ], [ -159.727844000025271, -21.244885772572388 ], [ -159.727957078855297, -21.244904619044057 ], [ -159.727957078855297, -21.244951735223239 ], [ -159.727909962676137, -21.244951735223239 ], [ -159.727881692968623, -21.24498942816658 ], [ -159.727881692968623, -21.245093083760775 ], [ -159.727928809147784, -21.245215585826642 ], [ -159.727975925326973, -21.245649054675091 ], [ -159.727975925326973, -21.245799826448465 ], [ -159.727957078855297, -21.245837519391806 ], [ -159.727928809147784, -21.245837519391806 ], [ -159.727919385911974, -21.24587521233515 ], [ -159.72794765561946, -21.245922328514329 ], [ -159.728004195034487, -21.245941174986001 ], [ -159.727994771798649, -21.24598829116518 ], [ -159.727938232383622, -21.24598829116518 ], [ -159.727909962676137, -21.246016560872686 ], [ -159.727928809147784, -21.246091946759375 ], [ -159.727957078855297, -21.246101369995209 ], [ -159.727975925326973, -21.246299257947761 ], [ -159.728004195034487, -21.246318104419434 ], [ -159.727985348562811, -21.24637464383445 ], [ -159.728032464742, -21.246478299428645 ], [ -159.728070157685323, -21.246468876192807 ], [ -159.728098427392837, -21.246506569136152 ], [ -159.72812669710035, -21.246506569136152 ], [ -159.728145543572026, -21.246600801494509 ], [ -159.728192659751187, -21.24666676414536 ], [ -159.728239775930376, -21.246808112682899 ], [ -159.728315161817079, -21.246826959154571 ], [ -159.728352854760402, -21.246864652097912 ], [ -159.728381124467916, -21.246855228862078 ], [ -159.728409394175429, -21.246770419739555 ], [ -159.728475356826266, -21.246742150032048 ], [ -159.728484780062104, -21.246760996503721 ], [ -159.728560165948807, -21.246760996503721 ], [ -159.728579012420482, -21.246751573267883 ], [ -159.728569589184644, -21.246713880324538 ], [ -159.728626128599643, -21.24669503385287 ], [ -159.72859785889213, -21.246676187381198 ], [ -159.728569589184644, -21.246704457088704 ], [ -159.728550742712969, -21.246657340909525 ], [ -159.728607282127967, -21.24666676414536 ], [ -159.72859785889213, -21.246629071202019 ], [ -159.728569589184644, -21.246638494437853 ], [ -159.728579012420482, -21.246600801494509 ], [ -159.728560165948807, -21.246591378258675 ], [ -159.728607282127967, -21.246497145900317 ], [ -159.72859785889213, -21.246450029721135 ], [ -159.728626128599643, -21.246421760013629 ], [ -159.728644975071319, -21.246459452956973 ], [ -159.728739207429669, -21.246468876192807 ], [ -159.728739207429669, -21.246487722664479 ], [ -159.728758053901345, -21.246487722664479 ], [ -159.728767477137183, -21.246450029721135 ], [ -159.72877690037302, -21.246468876192807 ], [ -159.72882401655221, -21.246459452956973 ], [ -159.728814593316372, -21.246497145900317 ], [ -159.728833439788048, -21.246515992371986 ], [ -159.728786323608858, -21.246525415607824 ], [ -159.728795746844696, -21.246572531787002 ], [ -159.728852286259723, -21.246506569136152 ], [ -159.728880555967208, -21.246525415607824 ], [ -159.72891824891056, -21.246506569136152 ], [ -159.728955941853911, -21.24655368531533 ], [ -159.728974788325587, -21.246544262079496 ], [ -159.728993634797234, -21.246581955022837 ], [ -159.728955941853911, -21.246638494437853 ], [ -159.72891824891056, -21.246619647966181 ], [ -159.72891824891056, -21.24666676414536 ], [ -159.728974788325587, -21.246647917673688 ], [ -159.729021904504748, -21.246685610617032 ], [ -159.729031327740586, -21.246657340909525 ], [ -159.729087867155613, -21.24666676414536 ], [ -159.729144406570612, -21.246619647966181 ], [ -159.729257485400638, -21.246619647966181 ], [ -159.729276331872313, -21.246600801494509 ], [ -159.729314024815665, -21.246619647966181 ], [ -159.729304601579827, -21.246647917673688 ], [ -159.72933287128734, -21.246685610617032 ], [ -159.729417680409853, -21.246713880324538 ], [ -159.72947421982488, -21.246704457088704 ], [ -159.729483643060718, -21.24673272679621 ], [ -159.729540182475716, -21.246723303560376 ], [ -159.729606145126581, -21.246826959154571 ], [ -159.729596721890744, -21.246864652097912 ], [ -159.729559028947392, -21.24687407533375 ], [ -159.72956845218323, -21.246921191512929 ], [ -159.729530759239879, -21.246930614748763 ], [ -159.729511912768231, -21.246892921805422 ], [ -159.72947421982488, -21.246892921805422 ], [ -159.729398833938177, -21.246930614748763 ], [ -159.729389410702339, -21.246968307692107 ], [ -159.729361140994854, -21.246977730927945 ], [ -159.72923863892899, -21.246996577399614 ], [ -159.729229215693152, -21.246968307692107 ], [ -159.729200945985639, -21.247024847107124 ], [ -159.729153829806449, -21.247034270342958 ], [ -159.729078443919775, -21.247109656229647 ], [ -159.729050174212261, -21.247251004767183 ], [ -159.729097290391451, -21.247288697710527 ], [ -159.729097290391451, -21.247316967418033 ], [ -159.729059597448099, -21.247326390653871 ], [ -159.729059597448099, -21.247467739191407 ], [ -159.729087867155613, -21.247486585663079 ], [ -159.729106713627289, -21.247458315955573 ], [ -159.729116136863126, -21.247307544182199 ], [ -159.729153829806449, -21.247269851238855 ], [ -159.729163253042287, -21.247137925937153 ], [ -159.72923863892899, -21.247024847107124 ], [ -159.729455373353204, -21.246987154163779 ], [ -159.729530759239879, -21.247006000635452 ], [ -159.72956845218323, -21.247109656229647 ], [ -159.729606145126581, -21.247119079465481 ], [ -159.729672107777418, -21.24719446535217 ], [ -159.729653261305742, -21.247222735059676 ], [ -159.72966268454158, -21.247279274474689 ], [ -159.729738070428283, -21.24737350683305 ], [ -159.729709800720769, -21.247448892719735 ], [ -159.729738070428283, -21.247477162427241 ], [ -159.729719223956607, -21.247514855370586 ], [ -159.729766340135797, -21.247580818021436 ], [ -159.729775763371634, -21.247637357436453 ], [ -159.72980403307912, -21.247646780672287 ], [ -159.729822879550795, -21.247759859502317 ], [ -159.729973651324173, -21.247778705973989 ], [ -159.729964228088335, -21.247806975681499 ], [ -159.729860572494147, -21.247835245389005 ], [ -159.729869995729985, -21.24791063127569 ], [ -159.729917111909145, -21.247957747454873 ], [ -159.729917111909145, -21.24805197981323 ], [ -159.729794609843282, -21.248080249520736 ], [ -159.729756916899959, -21.248136788935753 ], [ -159.729813456314957, -21.248165058643259 ], [ -159.730011344267524, -21.248155635407425 ], [ -159.729992497795848, -21.248212174822438 ], [ -159.7300301907392, -21.248249867765782 ], [ -159.730011344267524, -21.248476025425841 ], [ -159.729973651324173, -21.248513718369185 ], [ -159.729907688673336, -21.24852314160502 ], [ -159.729879418965822, -21.248589104255871 ], [ -159.72988884220166, -21.248796415444261 ], [ -159.729973651324173, -21.248871801330946 ], [ -159.729945381616659, -21.248937763981797 ], [ -159.729964228088335, -21.248975456925141 ], [ -159.729945381616659, -21.249031996340157 ], [ -159.729964228088335, -21.249079112519336 ], [ -159.729945381616659, -21.24908853575517 ], [ -159.72998307456001, -21.249220461056872 ], [ -159.729935958380821, -21.249248730764382 ], [ -159.729860572494147, -21.249248730764382 ], [ -159.729851149258309, -21.24955027431113 ], [ -159.729794609843282, -21.249559697546964 ], [ -159.729822879550795, -21.24958796725447 ], [ -159.729926535144983, -21.24958796725447 ], [ -159.729935958380821, -21.249635083433649 ], [ -159.729917111909145, -21.249635083433649 ], [ -159.729907688673336, -21.249710469320338 ], [ -159.729926535144983, -21.249795278442861 ], [ -159.729766340135797, -21.249795278442861 ], [ -159.729709800720769, -21.249842394622039 ], [ -159.729738070428283, -21.250040282574592 ], [ -159.729775763371634, -21.250021436102919 ], [ -159.72980403307912, -21.250049705810429 ], [ -159.729869995729985, -21.250059129046264 ], [ -159.729860572494147, -21.25011566846128 ], [ -159.729917111909145, -21.250181631112131 ], [ -159.729813456314957, -21.250181631112131 ], [ -159.729794609843282, -21.2502004775838 ], [ -159.729747493664121, -21.250181631112131 ], [ -159.729775763371634, -21.250209900819637 ], [ -159.729719223956607, -21.250275863470488 ], [ -159.729681531013256, -21.250285286706323 ], [ -159.729690954249094, -21.250379519064683 ], [ -159.729672107777418, -21.250398365536356 ], [ -159.729690954249094, -21.250417212008024 ], [ -159.72966268454158, -21.250436058479696 ], [ -159.72966268454158, -21.250567983781398 ], [ -159.729690954249094, -21.250605676724742 ], [ -159.729700377484932, -21.250775294969788 ], [ -159.729719223956607, -21.25076587173395 ], [ -159.729719223956607, -21.25079414144146 ], [ -159.729700377484932, -21.250812987913132 ], [ -159.729709800720769, -21.250860104092311 ], [ -159.729653261305742, -21.250954336450668 ], [ -159.729672107777418, -21.25097318292234 ], [ -159.72966268454158, -21.251039145573191 ], [ -159.729624991598257, -21.251057992044863 ], [ -159.729624991598257, -21.251123954695714 ], [ -159.729587298654906, -21.251105108224042 ], [ -159.729577875419068, -21.251142801167386 ], [ -159.729596721890744, -21.251208763818237 ], [ -159.729577875419068, -21.251246456761578 ], [ -159.729606145126581, -21.25126530323325 ], [ -159.729596721890744, -21.251425498242462 ], [ -159.729624991598257, -21.251453767949968 ], [ -159.729606145126581, -21.251463191185803 ], [ -159.729624991598257, -21.251510307364985 ], [ -159.72956845218323, -21.251500884129147 ], [ -159.729559028947392, -21.251566846779998 ], [ -159.729587298654906, -21.251557423544163 ], [ -159.729587298654906, -21.251613962959176 ], [ -159.729559028947392, -21.251613962959176 ], [ -159.729559028947392, -21.251632809430848 ], [ -159.729653261305742, -21.251632809430848 ], [ -159.72966268454158, -21.251604539723342 ], [ -159.729681531013256, -21.251604539723342 ], [ -159.729690954249094, -21.251679925610027 ], [ -159.72966268454158, -21.251698772081699 ], [ -159.729653261305742, -21.25176473473255 ], [ -159.729690954249094, -21.251783581204222 ], [ -159.729690954249094, -21.251821274147566 ], [ -159.729624991598257, -21.251802427675894 ], [ -159.729624991598257, -21.251783581204222 ], [ -159.729587298654906, -21.251793004440056 ], [ -159.729540182475716, -21.251934352977596 ], [ -159.729502489532393, -21.251915506505924 ], [ -159.729464796589042, -21.251962622685102 ], [ -159.729502489532393, -21.252028585335953 ], [ -159.72947421982488, -21.252094547986804 ], [ -159.729436526881528, -21.252094547986804 ], [ -159.729455373353204, -21.252122817694314 ], [ -159.729436526881528, -21.252160510637655 ], [ -159.729417680409853, -21.252160510637655 ], [ -159.729408257174015, -21.252094547986804 ], [ -159.729314024815665, -21.252113394458476 ], [ -159.729257485400638, -21.252198203580999 ], [ -159.729257485400638, -21.252235896524343 ], [ -159.729210369221477, -21.252235896524343 ], [ -159.729191522749801, -21.252292435939356 ], [ -159.729097290391451, -21.252377245061879 ], [ -159.729087867155613, -21.252424361241058 ], [ -159.729040750976424, -21.25247147742024 ], [ -159.728993634797234, -21.252480900656074 ], [ -159.728965365089749, -21.252518593599419 ], [ -159.728965365089749, -21.252537440071091 ], [ -159.728993634797234, -21.252537440071091 ], [ -159.728974788325587, -21.25258455625027 ], [ -159.728880555967208, -21.252678788608627 ], [ -159.728880555967208, -21.252773020966984 ], [ -159.728805170080534, -21.252810713910328 ], [ -159.728758053901345, -21.252886099797017 ], [ -159.728710937722184, -21.252914369504524 ], [ -159.72868266801467, -21.253027448334553 ], [ -159.728644975071319, -21.253046294806225 ], [ -159.728654398307157, -21.253168796872092 ], [ -159.728635551835481, -21.253234759522943 ], [ -159.728569589184644, -21.253338415117135 ], [ -159.728541319477131, -21.253347838352973 ], [ -159.728503626533779, -21.253508033362181 ], [ -159.728475356826266, -21.253950925446464 ], [ -159.72845651035459, -21.254761323728349 ], [ -159.728522473005455, -21.255081713746765 ], [ -159.728673244778832, -21.255430373472691 ], [ -159.728899402438884, -21.255694224076095 ], [ -159.729163253042287, -21.255901535264485 ], [ -159.729417680409853, -21.256061730273693 ], [ -159.729841726022471, -21.256221925282905 ], [ -159.730275194870927, -21.256561161772993 ], [ -159.730633277832681, -21.256900398263085 ], [ -159.73068039401187, -21.25697578414977 ], [ -159.730981937558596, -21.257277327696517 ], [ -159.731462522586241, -21.257908684497519 ], [ -159.731698103482131, -21.258351576581802 ], [ -159.732018493500561, -21.259284476929551 ], [ -159.732272920868127, -21.2602173772773 ], [ -159.732470808820665, -21.260839310842467 ], [ -159.732555617943206, -21.261357588813436 ], [ -159.732649850301556, -21.2617156717752 ], [ -159.732753505895744, -21.262017215321947 ], [ -159.732885431197445, -21.262233949746172 ], [ -159.733705252715168, -21.263063194499725 ], [ -159.733903140667707, -21.263232812744768 ], [ -159.734016219497761, -21.263374161282307 ], [ -159.734364879223676, -21.263647435121545 ], [ -159.734374302459514, -21.263675704829055 ], [ -159.734411995402866, -21.263685128064889 ], [ -159.734591036883728, -21.263854746309935 ], [ -159.734732385421268, -21.264005518083309 ], [ -159.734817194543808, -21.264175136328355 ], [ -159.734892580430483, -21.264269368686712 ], [ -159.735033928968022, -21.264325908101728 ], [ -159.735147007798048, -21.264316484865891 ], [ -159.735260086628074, -21.264269368686712 ], [ -159.7353731654581, -21.264297638394218 ], [ -159.73527893309975, -21.264410717224248 ], [ -159.735269509863912, -21.264533219290115 ], [ -159.735307202807263, -21.264646298120145 ], [ -159.735401435165613, -21.264806493129356 ], [ -159.735429704873127, -21.26531534786449 ], [ -159.735392011929775, -21.265409580222848 ], [ -159.735401435165613, -21.265550928760387 ], [ -159.735382588693938, -21.265560351996221 ], [ -159.735354318986452, -21.265711123769595 ], [ -159.735335472514777, -21.266069206731355 ], [ -159.735316626043101, -21.2661068996747 ], [ -159.735250663392236, -21.266116322910538 ], [ -159.735288356335587, -21.266154015853878 ], [ -159.735288356335587, -21.266191708797223 ], [ -159.735260086628074, -21.266201132033061 ], [ -159.73527893309975, -21.266248248212239 ], [ -159.735260086628074, -21.266295364391418 ], [ -159.735297779571425, -21.266267094683911 ], [ -159.735326049278939, -21.266276517919746 ], [ -159.735495667523963, -21.266474405872298 ], [ -159.735646439297341, -21.266596907938165 ], [ -159.735674709004854, -21.266681717060688 ], [ -159.735731248419881, -21.266691140296523 ], [ -159.735910289900744, -21.266823065598224 ], [ -159.736042215202446, -21.266954990899926 ], [ -159.736079908145797, -21.267058646494121 ], [ -159.736258949626688, -21.267199995031657 ], [ -159.736306065805849, -21.267322497097524 ], [ -159.736296642570011, -21.267416729455881 ], [ -159.736230679919174, -21.267558077993421 ], [ -159.736211833447499, -21.267510961814242 ], [ -159.736174140504147, -21.267539231521749 ], [ -159.736164717268309, -21.267595770936765 ], [ -159.736192986975823, -21.267567501229255 ], [ -159.736202410211661, -21.267624040644272 ], [ -159.736268372862526, -21.267642887115944 ], [ -159.736315489041687, -21.267576924465093 ], [ -159.736315489041687, -21.267605194172599 ], [ -159.736334335513362, -21.267605194172599 ], [ -159.736315489041687, -21.267633463880106 ], [ -159.736362605220876, -21.267708849766795 ], [ -159.736277796098364, -21.267708849766795 ], [ -159.736287219334201, -21.267727696238467 ], [ -159.736334335513362, -21.267718273002629 ], [ -159.736306065805849, -21.267727696238467 ], [ -159.736306065805849, -21.267755965945973 ], [ -159.736362605220876, -21.267755965945973 ], [ -159.736372028456714, -21.267708849766795 ], [ -159.736409721400065, -21.267699426530957 ], [ -159.736456837579226, -21.267737119474301 ], [ -159.73643799110755, -21.26778423565348 ], [ -159.736456837579226, -21.26778423565348 ], [ -159.736466260815064, -21.267737119474301 ], [ -159.736560493173414, -21.267765389181807 ], [ -159.736862036720169, -21.267982123606032 ], [ -159.736975115550194, -21.268029239785211 ], [ -159.737502816757001, -21.26834962980363 ], [ -159.737842053247107, -21.268509824812838 ], [ -159.738266098859725, -21.268764252180407 ], [ -159.738577065642289, -21.268915023953781 ], [ -159.739029380962421, -21.269207144264691 ], [ -159.739462849810877, -21.269414455453081 ], [ -159.740414596630274, -21.269800808122351 ], [ -159.741111916082133, -21.270158891084112 ], [ -159.741422882864725, -21.270271969914141 ], [ -159.741601924345588, -21.270366202272502 ], [ -159.741686733468129, -21.270375625508336 ], [ -159.741780965826479, -21.270441588159187 ], [ -159.741846928477344, -21.270451011395025 ], [ -159.741846928477344, -21.270469857866694 ], [ -159.741950584071532, -21.270488704338366 ], [ -159.741941160835694, -21.270460434630859 ], [ -159.741903467892342, -21.270451011395025 ], [ -159.741931737599856, -21.270441588159187 ], [ -159.742091932609071, -21.270498127574204 ], [ -159.742176741731583, -21.270564090225054 ], [ -159.742195588203259, -21.270564090225054 ], [ -159.742186164967421, -21.270545243753382 ], [ -159.742299243797447, -21.270554666989216 ], [ -159.742327513504961, -21.270592359932561 ], [ -159.742450015570824, -21.270639476111739 ], [ -159.742440592334987, -21.270667745819246 ], [ -159.742497131750014, -21.270658322583412 ], [ -159.742638480287553, -21.270724285234262 ], [ -159.742695019702552, -21.270724285234262 ], [ -159.742676173230876, -21.270743131705935 ], [ -159.742817521768416, -21.270799671120951 ], [ -159.742845791475929, -21.270790247885113 ], [ -159.742760982353417, -21.270752554941769 ], [ -159.742855214711767, -21.270771401413441 ], [ -159.743222720909358, -21.270931596422653 ], [ -159.743458301805276, -21.271006982309338 ], [ -159.743524264456113, -21.271054098488516 ], [ -159.743656189757814, -21.271082368196026 ], [ -159.744843517473129, -21.271553529987816 ], [ -159.746106231075146, -21.271826803827057 ], [ -159.746822396998652, -21.271921036185415 ], [ -159.747237019375433, -21.272052961487116 ], [ -159.747472600271323, -21.272034115015444 ], [ -159.747472600271323, -21.272052961487116 ], [ -159.747595102337186, -21.272052961487116 ], [ -159.747764720582239, -21.272109500902133 ], [ -159.748103957072345, -21.272166040317146 ], [ -159.748443193562423, -21.272184886788818 ], [ -159.749197052429281, -21.272335658562191 ], [ -159.749668214221089, -21.272373351505536 ], [ -159.749979181003653, -21.272429890920549 ], [ -159.750337263965434, -21.272533546514744 ], [ -159.750629384276351, -21.272656048580611 ], [ -159.750761309578053, -21.272740857703134 ], [ -159.750949774294753, -21.272806820353985 ], [ -159.751138239011482, -21.272797397118147 ], [ -159.751383243143209, -21.272674895052283 ], [ -159.751647093746612, -21.272656048580611 ], [ -159.752824998226089, -21.272759704174803 ], [ -159.753183081187842, -21.272759704174803 ], [ -159.753927516818891, -21.272712587995624 ], [ -159.75439867861067, -21.272759704174803 ], [ -159.754785031279937, -21.272759704174803 ], [ -159.755501197203472, -21.272835090061491 ], [ -159.75592524281609, -21.272844513297326 ], [ -159.756302172249519, -21.272797397118147 ], [ -159.757640271738211, -21.272467583863893 ], [ -159.757753350568237, -21.272467583863893 ], [ -159.758394130605069, -21.272354505033864 ], [ -159.758865292396877, -21.272335658562191 ], [ -159.759091450056928, -21.272279119147175 ], [ -159.759298761245304, -21.272269695911341 ], [ -159.759496649197871, -21.272316812090519 ], [ -159.759656844207086, -21.272307388854685 ], [ -159.759694537150409, -21.272354505033864 ], [ -159.759948964517974, -21.27238277474137 ], [ -159.760052620112191, -21.272354505033864 ], [ -159.760231661593053, -21.272241426203834 ], [ -159.760363586894755, -21.272213156496324 ], [ -159.76061801426232, -21.27220373326049 ], [ -159.760957250752426, -21.272109500902133 ], [ -159.762559200844521, -21.271468720865293 ], [ -159.762719395853708, -21.271336795563592 ], [ -159.762907860570436, -21.271242563205234 ], [ -159.76312459499465, -21.271072944960189 ], [ -159.763397868833891, -21.270931596422653 ], [ -159.763529794135593, -21.270771401413441 ], [ -159.764010379163238, -21.270403895215843 ], [ -159.765282516001065, -21.269725422235663 ], [ -159.765405018066929, -21.269631189877305 ], [ -159.765602906019495, -21.269536957518948 ], [ -159.765895026330412, -21.269310799858886 ], [ -159.766215416348814, -21.269150604849678 ], [ -159.766677154904784, -21.26884906130293 ], [ -159.766941005508187, -21.268726559237063 ], [ -159.767176586404076, -21.268566364227855 ], [ -159.767864482620098, -21.268019816549376 ], [ -159.768222565581851, -21.267821928596824 ], [ -159.768373337355229, -21.267708849766795 ], [ -159.768590071779442, -21.267605194172599 ], [ -159.769372200353814, -21.267341343569196 ], [ -159.769645474193055, -21.26731307386169 ], [ -159.769965864211485, -21.267199995031657 ], [ -159.770380486588266, -21.2671057626733 ], [ -159.770776262493371, -21.267058646494121 ], [ -159.771294540464339, -21.267077492965793 ], [ -159.771548967831905, -21.267162302088316 ], [ -159.771548967831905, -21.267115185909134 ], [ -159.77166204666193, -21.267124609144972 ], [ -159.771728009312795, -21.267086916201627 ], [ -159.772246287283764, -21.266964414135764 ], [ -159.772755142018895, -21.266728833239867 ], [ -159.773961316205884, -21.266455559400626 ], [ -159.774366515346827, -21.266304787627252 ], [ -159.774988448911984, -21.266163439089716 ], [ -159.775242876279549, -21.266154015853878 ], [ -159.775431340996278, -21.266201132033061 ], [ -159.77561038247714, -21.266201132033061 ], [ -159.775685768363843, -21.266238824976401 ], [ -159.775685768363843, -21.266257671448074 ], [ -159.775723461307194, -21.266248248212239 ], [ -159.775770577486355, -21.266276517919746 ], [ -159.77597788867476, -21.26628594115558 ], [ -159.776646938419105, -21.266097476438865 ], [ -159.777118100210885, -21.266069206731355 ], [ -159.777334834635099, -21.266088053203028 ], [ -159.777495029644314, -21.266040937023849 ], [ -159.777495029644314, -21.266059783495521 ], [ -159.777551569059341, -21.266078629967193 ], [ -159.777617531710177, -21.266059783495521 ], [ -159.777626954946015, -21.266088053203028 ], [ -159.777645801417691, -21.266059783495521 ], [ -159.777655224653529, -21.266088053203028 ], [ -159.777702340832718, -21.266088053203028 ], [ -159.777740033776041, -21.266059783495521 ], [ -159.777843689370258, -21.266116322910538 ], [ -159.777890805549418, -21.2661068996747 ], [ -159.777994461143606, -21.266219978504729 ], [ -159.778098116737823, -21.266276517919746 ], [ -159.778503315878766, -21.266248248212239 ], [ -159.778738896774655, -21.266276517919746 ], [ -159.778936784727193, -21.266333057334762 ], [ -159.779332560632298, -21.266342480570597 ], [ -159.779841415367457, -21.266267094683911 ], [ -159.780095842735022, -21.266191708797223 ], [ -159.780369116574263, -21.266163439089716 ], [ -159.78067066012099, -21.266069206731355 ], [ -159.780887394545232, -21.266031513788015 ], [ -159.781311440157822, -21.265833625835462 ], [ -159.781829718128819, -21.265682854062089 ], [ -159.782913390249917, -21.265588621703728 ], [ -159.784044178550232, -21.265588621703728 ], [ -159.784694381822902, -21.265494389345371 ], [ -159.785061888020493, -21.265475542873698 ], [ -159.785985365132404, -21.265334194336162 ], [ -159.786937111951829, -21.265334194336162 ], [ -159.787483659630311, -21.26513630638361 ], [ -159.787634431403688, -21.2651080366761 ], [ -159.788529638808086, -21.264994957846071 ], [ -159.789236381495783, -21.264957264902726 ], [ -159.789735812995076, -21.264863032544369 ], [ -159.790065626249344, -21.264844186072697 ], [ -159.791545074275547, -21.264523796054281 ], [ -159.792628746396673, -21.264363601045069 ], [ -159.793165870839317, -21.26425052221504 ], [ -159.793806650876149, -21.264203406035861 ], [ -159.794183580309607, -21.264099750441666 ], [ -159.794814937110601, -21.263817053366591 ], [ -159.795125903893165, -21.263779360423246 ], [ -159.795144750364841, -21.26375109071574 ], [ -159.795182443308192, -21.263760513951578 ], [ -159.79523898272322, -21.263732244244068 ], [ -159.795408600968244, -21.263543779527353 ], [ -159.795634758628324, -21.263364738046469 ], [ -159.795776107165864, -21.263185696565589 ], [ -159.795879762760052, -21.263148003622245 ], [ -159.795936302175051, -21.263091464207232 ], [ -159.795964571882564, -21.263100887443066 ], [ -159.796105920420104, -21.263025501556381 ], [ -159.796360347787669, -21.262950115669693 ], [ -159.796812663107801, -21.262771074188812 ], [ -159.797773833163063, -21.262299912397022 ], [ -159.79834865054903, -21.262149140623649 ], [ -159.798358073784868, -21.262111447680304 ], [ -159.798424036435733, -21.26207375473696 ], [ -159.798772696161649, -21.26157432323766 ], [ -159.798989430585863, -21.261376435285108 ], [ -159.799300397368455, -21.261187970568393 ], [ -159.799564247971858, -21.261093738210032 ], [ -159.799611364151048, -21.261046622030854 ], [ -159.799733866216911, -21.26100892908751 ], [ -159.79979040563191, -21.260961812908331 ], [ -159.799912907697774, -21.260933543200824 ], [ -159.800035409763638, -21.260858157314136 ], [ -159.800280413895393, -21.260801617899123 ], [ -159.800629073621309, -21.260660269361583 ], [ -159.801043695998089, -21.260452958173197 ], [ -159.801571397204896, -21.260236223748972 ], [ -159.802353525779267, -21.260019489324748 ], [ -159.802504297552645, -21.26001006608891 ], [ -159.80275872492021, -21.259944103438059 ], [ -159.803003729051937, -21.259821601372195 ], [ -159.803201617004504, -21.259680252834656 ], [ -159.803399504957042, -21.259576597240464 ], [ -159.803691625267959, -21.259463518410431 ], [ -159.804143940588091, -21.2592185142787 ], [ -159.804586832672356, -21.259030049561986 ], [ -159.805123957115001, -21.258898124260281 ], [ -159.805613965378456, -21.25883216160943 ], [ -159.806283015122801, -21.258700236307728 ], [ -159.807319571064767, -21.258624850421043 ], [ -159.807470342838144, -21.258568311006027 ], [ -159.807564575196494, -21.258483501883504 ], [ -159.80758342166817, -21.258436385704325 ], [ -159.807687077262358, -21.258379846289312 ], [ -159.808243048176678, -21.25818195833676 ], [ -159.80856343819508, -21.258106572450071 ], [ -159.808601131138431, -21.258078302742565 ], [ -159.809477492071153, -21.257927530969191 ], [ -159.809939230627123, -21.257767335959983 ], [ -159.810287890353038, -21.257786182431651 ], [ -159.810796745088169, -21.257673103601622 ], [ -159.810985209804898, -21.257663680365788 ], [ -159.811362139238327, -21.257597717714937 ], [ -159.811814454558458, -21.257588294479099 ], [ -159.813265632877176, -21.257720219780801 ], [ -159.813520060244741, -21.257720219780801 ], [ -159.813717948197279, -21.257776759195817 ], [ -159.813746217904793, -21.257805028903324 ], [ -159.813746217904793, -21.257842721846668 ], [ -159.813717948197279, -21.257842721846668 ], [ -159.813727371433117, -21.257889838025847 ], [ -159.813765064376469, -21.257889838025847 ], [ -159.813765064376469, -21.257767335959983 ], [ -159.813793334083982, -21.257748489488311 ], [ -159.813793334083982, -21.257880414790012 ], [ -159.813831027027334, -21.257889838025847 ], [ -159.81380275731982, -21.257710796544966 ], [ -159.813812180555658, -21.257597717714937 ], [ -159.814019491744034, -21.257503485356576 ], [ -159.814160840281573, -21.257512908592414 ], [ -159.814217379696601, -21.257597717714937 ], [ -159.814264495875761, -21.257607140950771 ], [ -159.814679118252542, -21.257588294479099 ], [ -159.814801620318406, -21.257635410658281 ], [ -159.814971238563459, -21.257663680365788 ], [ -159.815169126516025, -21.25765425712995 ], [ -159.815235089166862, -21.257607140950771 ], [ -159.815310475053536, -21.257597717714937 ], [ -159.815348167996888, -21.257560024771593 ], [ -159.815546055949454, -21.25754117829992 ], [ -159.816026640977071, -21.257437522705725 ], [ -159.816412993646338, -21.257173672102322 ], [ -159.817345893994087, -21.256721356782204 ], [ -159.817741669899192, -21.256561161772993 ], [ -159.817930134615921, -21.256532892065486 ], [ -159.818476682294403, -21.25629731116959 ], [ -159.818486105530241, -21.256269041462083 ], [ -159.818523798473564, -21.256278464697917 ], [ -159.818608607596104, -21.256221925282905 ], [ -159.818608607596104, -21.25618423233956 ], [ -159.818646300539427, -21.256155962632054 ], [ -159.818674570246941, -21.256071153509531 ], [ -159.818797072312805, -21.255995767622842 ], [ -159.818928997614506, -21.255854419085306 ], [ -159.819089192623721, -21.255637684661082 ], [ -159.819315350283773, -21.255420950236857 ], [ -159.819598047358852, -21.255081713746765 ], [ -159.819729972660554, -21.254959211680902 ], [ -159.819965553556443, -21.254648244898316 ], [ -159.820248250631522, -21.254139390163182 ], [ -159.820314213282387, -21.253969771918136 ], [ -159.820662873008303, -21.253385531296317 ], [ -159.820757105366653, -21.253159373636255 ], [ -159.820983263026733, -21.252886099797017 ], [ -159.821039802441732, -21.252707058316133 ], [ -159.821105765092597, -21.25258455625027 ], [ -159.821294229809297, -21.252358398590207 ], [ -159.821548657176862, -21.251990892392612 ], [ -159.821576926884376, -21.251981469156775 ], [ -159.821614619827727, -21.251906083270089 ], [ -159.821869047195293, -21.251613962959176 ], [ -159.822038665440346, -21.251359535591611 ], [ -159.822076358383697, -21.251340689119939 ], [ -159.822142321034534, -21.251152224403221 ], [ -159.822217706921208, -21.251105108224042 ], [ -159.822302516043749, -21.250926066743162 ], [ -159.822490980760449, -21.250662216139759 ], [ -159.822651175769664, -21.250351249357173 ], [ -159.822849063722231, -21.250077975517936 ], [ -159.822999835495608, -21.249710469320338 ], [ -159.823141184033148, -21.249512581367785 ], [ -159.823216569919822, -21.249361809594411 ], [ -159.823254262863173, -21.249333539886905 ], [ -159.823291955806496, -21.24922988429271 ], [ -159.823310802278172, -21.24922988429271 ], [ -159.823433304344036, -21.248881224566784 ], [ -159.823706578183277, -21.248485448661679 ], [ -159.823753694362466, -21.248325253652467 ], [ -159.823923312607519, -21.248165058643259 ], [ -159.823942159079166, -21.248089672756574 ], [ -159.824026968201707, -21.247957747454873 ], [ -159.824036391437545, -21.247750436266482 ], [ -159.824149470267571, -21.247533701842258 ], [ -159.824158893503409, -21.247458315955573 ], [ -159.824441590578488, -21.246902345041256 ], [ -159.824554669408514, -21.246742150032048 ], [ -159.824724287653567, -21.246346374126944 ], [ -159.824856212955268, -21.24616733264606 ], [ -159.825035254436131, -21.245780979976793 ], [ -159.82541218386956, -21.245177892883298 ], [ -159.825610071822126, -21.245027121109924 ], [ -159.825657188001315, -21.24501769787409 ], [ -159.825704304180476, -21.244951735223239 ], [ -159.825694880944638, -21.244932888751567 ], [ -159.825751420359666, -21.244942311987401 ], [ -159.825770266831341, -21.244772693742355 ], [ -159.826081233613905, -21.244216722828043 ], [ -159.826627781292387, -21.243500556904518 ], [ -159.82679739953744, -21.24313305070692 ], [ -159.826919901603304, -21.242925739518533 ], [ -159.82717432897087, -21.242322652425038 ], [ -159.827287407800895, -21.24184206739741 ], [ -159.82735337045176, -21.241672449152365 ], [ -159.827391063395112, -21.241436868256468 ], [ -159.827466449281786, -21.241248403539753 ], [ -159.827485295753462, -21.241107055002214 ], [ -159.82758895134765, -21.240805511455466 ], [ -159.827739723121027, -21.240145884946958 ], [ -159.827758569592703, -21.240136461711124 ], [ -159.827758569592703, -21.240079922296108 ], [ -159.827777416064379, -21.240079922296108 ], [ -159.827767992828541, -21.240042229352763 ], [ -159.827843378715215, -21.239825494928539 ], [ -159.827937611073565, -21.239137598712524 ], [ -159.827956457545241, -21.239128175476687 ], [ -159.827984727252755, -21.238864324873283 ], [ -159.828022420196106, -21.238751246043254 ], [ -159.828041266667782, -21.238525088383195 ], [ -159.828192038441131, -21.237799499223833 ], [ -159.828258001091996, -21.237130449479491 ], [ -159.828258001091996, -21.236979677706117 ], [ -159.82823915462032, -21.236960831234445 ], [ -159.828267424327834, -21.236772366517727 ], [ -159.828258001091996, -21.236631017980191 ], [ -159.828314540507023, -21.236470822970979 ], [ -159.828314540507023, -21.236009084415024 ], [ -159.828342810214508, -21.235839466169981 ], [ -159.82833338697867, -21.235547345859068 ], [ -159.828352233450346, -21.235481383208217 ], [ -159.828371079922022, -21.234821756699709 ], [ -159.828446465808724, -21.234284632257065 ], [ -159.828578391110426, -21.233775777521931 ], [ -159.828644353761263, -21.233257499550959 ], [ -159.828634930525425, -21.233125574249257 ], [ -159.828682046704614, -21.232965379240049 ], [ -159.828682046704614, -21.232852300410016 ], [ -159.828634930525425, -21.23271095187248 ], [ -159.828625507289587, -21.232390561854061 ], [ -159.828653776997101, -21.232089018307313 ], [ -159.828757432591289, -21.231749781817225 ], [ -159.828757432591289, -21.231683819166374 ], [ -159.82870089317629, -21.231523624157166 ], [ -159.828710316412128, -21.231240927082091 ], [ -159.828785702298802, -21.230939383535343 ], [ -159.828908204364666, -21.230666109696102 ], [ -159.829181478203907, -21.229883981121727 ], [ -159.829228594383096, -21.229601284046652 ], [ -159.82935109644896, -21.22917723843404 ], [ -159.829426482335634, -21.228809732236442 ], [ -159.829558407637336, -21.227923948067872 ], [ -159.829803411769063, -21.227188935672679 ], [ -159.829935337070765, -21.226359690919125 ], [ -159.830048415900791, -21.225954491778182 ], [ -159.830076685608304, -21.225747180589792 ], [ -159.830123801787494, -21.225634101759763 ], [ -159.830218034145844, -21.225096977317122 ], [ -159.830349959447545, -21.224748317591196 ], [ -159.830538424164274, -21.223956765780983 ], [ -159.830660926230138, -21.223749454592596 ], [ -159.830792851531839, -21.223419641338342 ], [ -159.830839967711029, -21.223259446329131 ], [ -159.830915353597703, -21.222750591593996 ], [ -159.831028432427729, -21.222383085396398 ], [ -159.831132088021917, -21.221864807425426 ], [ -159.831150934493593, -21.221600956822023 ], [ -159.831160357729431, -21.220894214134336 ], [ -159.831235743616134, -21.219970737022422 ], [ -159.831235743616134, -21.219461882287288 ], [ -159.831169780965269, -21.219226301391391 ], [ -159.831169780965269, -21.219132069033034 ], [ -159.831047278899405, -21.218538405175376 ], [ -159.830726888880974, -21.217426463346747 ], [ -159.830708042409327, -21.217294538045046 ], [ -159.830623233286786, -21.217058957149149 ], [ -159.830585540343435, -21.217021264205805 ], [ -159.830519577692598, -21.216832799489087 ], [ -159.830057839136629, -21.215843359726325 ], [ -159.82990706736328, -21.215636048537938 ], [ -159.829633793524039, -21.215108347331128 ], [ -159.829586677344849, -21.21508950085946 ], [ -159.829530137929822, -21.215023538208605 ], [ -159.829426482335634, -21.214863343199397 ], [ -159.829172054968069, -21.21456179965265 ], [ -159.828955320543855, -21.214166023747545 ], [ -159.828653776997101, -21.213807940785784 ], [ -159.828389926393697, -21.213431011352348 ], [ -159.828210884912806, -21.213233123399796 ], [ -159.827871648422729, -21.212658306013811 ], [ -159.827720876649352, -21.212498111004603 ], [ -159.827560681640136, -21.212243683637034 ], [ -159.827475872517624, -21.212158874514511 ], [ -159.827183752206707, -21.211744252137734 ], [ -159.826524125698199, -21.211009239742538 ], [ -159.826184889208122, -21.210519231479076 ], [ -159.825845652718016, -21.210208264696494 ], [ -159.825694880944638, -21.210019799979776 ], [ -159.825440453577073, -21.209774795848045 ], [ -159.825280258567858, -21.209567484659654 ], [ -159.825204872681184, -21.209510945244642 ], [ -159.825148333266156, -21.209407289650446 ], [ -159.824893905898591, -21.209086899632027 ], [ -159.824498129993486, -21.208747663141938 ], [ -159.824111777324219, -21.208304771057652 ], [ -159.82387619642833, -21.208088036633427 ], [ -159.82387619642833, -21.208040920454248 ], [ -159.823810233777465, -21.208050343690086 ], [ -159.823753694362466, -21.207974957803398 ], [ -159.823650038768278, -21.207946688095891 ], [ -159.82364061553244, -21.207908995152547 ], [ -159.823527536702414, -21.207861878973368 ], [ -159.823536959938252, -21.207795916322517 ], [ -159.823508690230739, -21.207748800143339 ], [ -159.823339071985686, -21.207711107199994 ], [ -159.823188300212308, -21.207616874841637 ], [ -159.822980989023932, -21.207409563653247 ], [ -159.822886756665554, -21.207277638351545 ], [ -159.822698291948853, -21.207145713049844 ], [ -159.822566366647152, -21.206985518040636 ], [ -159.822538096939638, -21.20699494127647 ], [ -159.822547520175476, -21.206966671568964 ], [ -159.822462711052964, -21.206881862446441 ], [ -159.822387325166261, -21.206825323031424 ], [ -159.822330785751262, -21.206825323031424 ], [ -159.822264823100397, -21.206749937144739 ], [ -159.822208283685399, -21.206731090673067 ], [ -159.822104628091182, -21.206618011843037 ], [ -159.821982126025318, -21.206429547126319 ], [ -159.821529810705215, -21.205977231806198 ], [ -159.821209420686785, -21.205713381202795 ], [ -159.821181150979271, -21.205666265023616 ], [ -159.821020955970056, -21.205572032665259 ], [ -159.820889030668354, -21.20545895383523 ], [ -159.820691142715816, -21.205232796175167 ], [ -159.820549794178277, -21.20513856381681 ], [ -159.820191711216523, -21.204827597034228 ], [ -159.82016344150901, -21.204827597034228 ], [ -159.820125748565658, -21.204771057619212 ], [ -159.820097478858145, -21.204771057619212 ], [ -159.819720549424716, -21.204375281714107 ], [ -159.819428429113799, -21.204149124054048 ], [ -159.819221117925423, -21.203941812865658 ], [ -159.819098615859559, -21.203866426978973 ], [ -159.81881591878448, -21.203762771384778 ], [ -159.818627454067752, -21.203659115790582 ], [ -159.818373026700186, -21.203451804602196 ], [ -159.818222254926837, -21.203376418715507 ], [ -159.818118599332621, -21.203263339885478 ], [ -159.818014943738433, -21.203225646942133 ], [ -159.817958404323434, -21.203178530762955 ], [ -159.817892441672569, -21.20328218635715 ], [ -159.817911288144245, -21.203329302536329 ], [ -159.817892441672569, -21.203338725772163 ], [ -159.81784532549338, -21.203301032828822 ], [ -159.817939557851759, -21.203159684291283 ], [ -159.818231678162647, -21.20328218635715 ], [ -159.818269371105998, -21.203263339885478 ], [ -159.818250524634323, -21.203235070177971 ], [ -159.817411856644952, -21.202867563980373 ], [ -159.817364740465763, -21.202858140744535 ], [ -159.817345893994087, -21.202886410452045 ], [ -159.817345893994087, -21.202189091000193 ], [ -159.817327047522411, -21.202028895990981 ], [ -159.817308201050736, -21.202028895990981 ], [ -159.817317624286574, -21.201972356575968 ], [ -159.817148006041549, -21.201642543321714 ], [ -159.816931271617307, -21.201435232133324 ], [ -159.816780499843929, -21.201350423010801 ], [ -159.816582611891391, -21.20128446035995 ], [ -159.815979524797882, -21.201161958294083 ], [ -159.81584759949618, -21.201114842114904 ], [ -159.815819329788695, -21.201124265350742 ], [ -159.815743943901992, -21.201086572407398 ], [ -159.815640288307804, -21.201086572407398 ], [ -159.815225665931024, -21.200982916813203 ], [ -159.815131433572674, -21.200982916813203 ], [ -159.815122010336836, -21.200964070341531 ], [ -159.815065470921809, -21.200964070341531 ], [ -159.815065470921809, -21.200945223869862 ], [ -159.81477335061092, -21.200888684454846 ], [ -159.814462383828328, -21.200879261219011 ], [ -159.814462383828328, -21.200832145039829 ], [ -159.814085454394899, -21.200813298568161 ], [ -159.814085454394899, -21.200794452096488 ] ], [ [ -159.785043041548818, -21.202999489282075 ], [ -159.785061888020493, -21.202990066046237 ], [ -159.785061888020493, -21.202905256923714 ], [ -159.785043041548818, -21.202886410452045 ], [ -159.785080734492169, -21.202839294272863 ], [ -159.785137273907196, -21.202829871037029 ], [ -159.785137273907196, -21.202763908386178 ], [ -159.785090157728007, -21.202763908386178 ], [ -159.785090157728007, -21.202801601329522 ], [ -159.785061888020493, -21.202801601329522 ], [ -159.785052464784656, -21.202848717508701 ], [ -159.78502419507717, -21.202848717508701 ], [ -159.785005348605495, -21.202942949867058 ], [ -159.78503361831298, -21.202952373102896 ], [ -159.785043041548818, -21.202999489282075 ] ], [ [ -159.736192986975823, -21.267642887115944 ], [ -159.7361552940325, -21.267633463880106 ], [ -159.7361552940325, -21.267661733587616 ], [ -159.736211833447499, -21.267680580059285 ], [ -159.736192986975823, -21.267642887115944 ] ], [ [ -159.823593499353251, -21.207663991020816 ], [ -159.823565229645737, -21.207739376907501 ], [ -159.823602922589089, -21.20781476279419 ], [ -159.823725424654953, -21.207861878973368 ], [ -159.823810233777465, -21.20785245573753 ], [ -159.823819657013303, -21.207899571916712 ], [ -159.823857349956654, -21.207890148680875 ], [ -159.823847926720816, -21.207824186030024 ], [ -159.823810233777465, -21.207843032501696 ], [ -159.823810233777465, -21.20781476279419 ], [ -159.82378196406998, -21.207805339558352 ], [ -159.823800810541655, -21.207767646615011 ], [ -159.823744271126628, -21.207748800143339 ], [ -159.823687731711601, -21.207682837492488 ], [ -159.823593499353251, -21.207663991020816 ] ], [ [ -159.785156120378872, -21.202443518367758 ], [ -159.785118427435521, -21.20246236483943 ], [ -159.785109004199683, -21.202509481018609 ], [ -159.785193813322195, -21.202594290141132 ], [ -159.785127850671358, -21.202631983084476 ], [ -159.785127850671358, -21.202669676027821 ], [ -159.785109004199683, -21.202669676027821 ], [ -159.785127850671358, -21.202707368971161 ], [ -159.785156120378872, -21.202707368971161 ], [ -159.785174966850519, -21.202631983084476 ], [ -159.785222083029709, -21.202622559848642 ], [ -159.785222083029709, -21.202556597197788 ], [ -159.785240929501384, -21.202556597197788 ], [ -159.785240929501384, -21.202528327490281 ], [ -159.785193813322195, -21.202500057782775 ], [ -159.785240929501384, -21.202452941603596 ], [ -159.785174966850519, -21.202377555716907 ], [ -159.785156120378872, -21.202386978952745 ], [ -159.785156120378872, -21.202443518367758 ] ], [ [ -159.785014771841333, -21.202481211311103 ], [ -159.785043041548818, -21.202509481018609 ], [ -159.785043041548818, -21.202443518367758 ], [ -159.785014771841333, -21.202481211311103 ] ], [ [ -159.785005348605495, -21.20278275485785 ], [ -159.785043041548818, -21.202735638678671 ], [ -159.785071311256331, -21.202735638678671 ], [ -159.78502419507717, -21.202669676027821 ], [ -159.784995925369657, -21.202697945735327 ], [ -159.785005348605495, -21.20278275485785 ] ], [ [ -159.779615257707377, -21.204054891695687 ], [ -159.779634104179053, -21.204073738167359 ], [ -159.779671797122404, -21.204017198752346 ], [ -159.779643527414891, -21.204017198752346 ], [ -159.779615257707377, -21.204054891695687 ] ], [ [ -159.779304290924813, -21.266427289693119 ], [ -159.779313714160651, -21.266408443221447 ], [ -159.77922890503811, -21.266417866457282 ], [ -159.77922890503811, -21.266427289693119 ], [ -159.779304290924813, -21.266427289693119 ] ], [ [ -159.779068710028895, -21.266417866457282 ], [ -159.778974477670545, -21.266436712928954 ], [ -159.779068710028895, -21.266436712928954 ], [ -159.779068710028895, -21.266417866457282 ] ], [ [ -159.731528485237078, -21.262648572122949 ], [ -159.731405983171214, -21.262563763000426 ], [ -159.731358866992053, -21.262582609472098 ], [ -159.73133059728454, -21.262667418594617 ], [ -159.731311750812864, -21.262667418594617 ], [ -159.731321174048702, -21.262629725651276 ], [ -159.731264634633675, -21.262648572122949 ], [ -159.731245788161999, -21.262686265066289 ], [ -159.731274057869513, -21.262676841830455 ], [ -159.731274057869513, -21.262695688302127 ], [ -159.731226941690352, -21.262723958009634 ], [ -159.73123636492619, -21.26275222771714 ], [ -159.731132709331973, -21.262818190367991 ], [ -159.731123286096135, -21.262846460075501 ], [ -159.73109501638865, -21.262846460075501 ], [ -159.73101020726611, -21.262968962141365 ], [ -159.730963091086949, -21.262968962141365 ], [ -159.730925398143597, -21.263006655084709 ], [ -159.730840589021085, -21.263016078320543 ], [ -159.730831165785247, -21.263034924792215 ], [ -159.730755779898544, -21.263016078320543 ], [ -159.730736933426869, -21.263044348028053 ], [ -159.730633277832681, -21.263034924792215 ], [ -159.730586161653491, -21.263063194499725 ], [ -159.730501352530979, -21.263025501556381 ], [ -159.730473082823465, -21.263053771263888 ], [ -159.730482506059303, -21.263110310678904 ], [ -159.730407120172629, -21.263100887443066 ], [ -159.73044481311598, -21.263138580386411 ], [ -159.73044481311598, -21.263185696565589 ], [ -159.730369427229277, -21.263232812744768 ], [ -159.730341157521764, -21.263345891574801 ], [ -159.730294041342603, -21.263345891574801 ], [ -159.730237501927576, -21.263411854225652 ], [ -159.730228078691738, -21.263477816876502 ], [ -159.730190385748386, -21.263506086584009 ], [ -159.7302186554559, -21.263543779527353 ], [ -159.730171539276739, -21.263543779527353 ], [ -159.730133846333388, -21.263609742178204 ], [ -159.730133846333388, -21.263703974536561 ], [ -159.730162116040901, -21.263732244244068 ], [ -159.730143269569226, -21.26375109071574 ], [ -159.730152692805063, -21.263798206894919 ], [ -159.730114999861712, -21.263817053366591 ], [ -159.730114999861712, -21.263873592781607 ], [ -159.730180962512549, -21.263873592781607 ], [ -159.730133846333388, -21.263939555432458 ], [ -159.730162116040901, -21.263996094847471 ], [ -159.730133846333388, -21.264024364554981 ], [ -159.730143269569226, -21.26413744338501 ], [ -159.730190385748386, -21.264128020149172 ], [ -159.730228078691738, -21.264165713092517 ], [ -159.730228078691738, -21.264203406035861 ], [ -159.730284618106765, -21.264193982800023 ], [ -159.730275194870927, -21.264222252507533 ], [ -159.730416543408467, -21.264231675743368 ], [ -159.730397696936791, -21.264184559564189 ], [ -159.730463659587627, -21.264184559564189 ], [ -159.730482506059303, -21.264212829271695 ], [ -159.73053904547433, -21.264146866620845 ], [ -159.730623854596843, -21.264128020149172 ], [ -159.730633277832681, -21.264090327205832 ], [ -159.730727510191031, -21.264080903969994 ], [ -159.730736933426869, -21.264062057498322 ], [ -159.730802896077734, -21.26407148073416 ], [ -159.730831165785247, -21.264043211026653 ], [ -159.730934821379435, -21.264024364554981 ], [ -159.73101020726611, -21.263967825139964 ], [ -159.731047900209461, -21.263892439253279 ], [ -159.73109501638865, -21.263883016017441 ], [ -159.731113862860298, -21.263826476602429 ], [ -159.731198671982838, -21.263788783659084 ], [ -159.73133059728454, -21.26343070069732 ], [ -159.731321174048702, -21.26327992892395 ], [ -159.731377713463701, -21.263232812744768 ], [ -159.731377713463701, -21.263176273329755 ], [ -159.731471945822079, -21.263063194499725 ], [ -159.731490792293755, -21.262987808613037 ], [ -159.731528485237078, -21.262968962141365 ], [ -159.731509638765402, -21.262940692433858 ], [ -159.731547331708754, -21.262921845962186 ], [ -159.731547331708754, -21.262855883311335 ], [ -159.731575601416267, -21.262827613603829 ], [ -159.731566178180429, -21.262761650952978 ], [ -159.731528485237078, -21.262723958009634 ], [ -159.731528485237078, -21.262648572122949 ] ], [ [ -159.729389410702339, -21.252066278279298 ], [ -159.729427103645691, -21.25208512475097 ], [ -159.729427103645691, -21.252038008571791 ], [ -159.729398833938177, -21.252028585335953 ], [ -159.729389410702339, -21.252066278279298 ] ], [ [ -159.729229215693152, -21.246629071202019 ], [ -159.729219792457314, -21.246742150032048 ], [ -159.729153829806449, -21.246723303560376 ], [ -159.729172676278125, -21.246808112682899 ], [ -159.729276331872313, -21.246789266211227 ], [ -159.729266908636475, -21.246751573267883 ], [ -159.729295178343989, -21.246751573267883 ], [ -159.729257485400638, -21.246629071202019 ], [ -159.729229215693152, -21.246629071202019 ] ], [ [ -159.729125560098936, -21.247778705973989 ], [ -159.729144406570612, -21.24773158979481 ], [ -159.729106713627289, -21.24773158979481 ], [ -159.729125560098936, -21.247778705973989 ] ], [ [ -159.729059597448099, -21.247627934200615 ], [ -159.729097290391451, -21.247627934200615 ], [ -159.729087867155613, -21.247580818021436 ], [ -159.729050174212261, -21.247580818021436 ], [ -159.729059597448099, -21.247627934200615 ] ], [ [ -159.728871132731371, -21.246779842975389 ], [ -159.728937095382236, -21.246789266211227 ], [ -159.728974788325587, -21.246779842975389 ], [ -159.728974788325587, -21.246760996503721 ], [ -159.728937095382236, -21.246742150032048 ], [ -159.728871132731371, -21.246779842975389 ] ], [ [ -159.728729784193831, -21.246647917673688 ], [ -159.728710937722184, -21.246619647966181 ], [ -159.72868266801467, -21.246629071202019 ], [ -159.728673244778832, -21.246676187381198 ], [ -159.728710937722184, -21.246713880324538 ], [ -159.728795746844696, -21.246713880324538 ], [ -159.728833439788048, -21.24666676414536 ], [ -159.728833439788048, -21.246591378258675 ], [ -159.728786323608858, -21.246610224730347 ], [ -159.728786323608858, -21.246581955022837 ], [ -159.728758053901345, -21.246572531787002 ], [ -159.728729784193831, -21.246647917673688 ] ], [ [ -159.728607282127967, -21.246713880324538 ], [ -159.728588435656292, -21.246742150032048 ], [ -159.728654398307157, -21.246751573267883 ], [ -159.728616705363805, -21.24673272679621 ], [ -159.728607282127967, -21.246713880324538 ] ], [ [ -159.727608419129382, -21.243915179281295 ], [ -159.727646112072733, -21.243934025752967 ], [ -159.727646112072733, -21.243858639866279 ], [ -159.727598995893544, -21.243877486337951 ], [ -159.727608419129382, -21.243915179281295 ] ], [ [ -159.727401107940977, -21.255816726141962 ], [ -159.72738226146933, -21.255788456434455 ], [ -159.727325722054303, -21.255779033198618 ], [ -159.727325722054303, -21.255750763491111 ], [ -159.727222066460115, -21.255665954368588 ], [ -159.727090141158413, -21.255628261425244 ], [ -159.726835713790848, -21.255665954368588 ], [ -159.726515323772418, -21.255788456434455 ], [ -159.726383398470716, -21.255892112028651 ], [ -159.726326859055717, -21.256033460566186 ], [ -159.726147817574827, -21.256118269688709 ], [ -159.726063008452314, -21.256278464697917 ], [ -159.725921659914775, -21.256466929414636 ], [ -159.725836850792234, -21.256664817367188 ], [ -159.725818004320558, -21.256890975027247 ], [ -159.725836850792234, -21.257041746800621 ], [ -159.725997045801449, -21.25754117829992 ], [ -159.726166664046502, -21.257927530969191 ], [ -159.726449361121581, -21.258436385704325 ], [ -159.726553016715769, -21.25854004129852 ], [ -159.726779174375821, -21.258634273656877 ], [ -159.727005332035873, -21.258624850421043 ], [ -159.727184373516764, -21.258530618062686 ], [ -159.727288029110952, -21.258426962468491 ], [ -159.727353991761817, -21.258313883638461 ], [ -159.72738226146933, -21.258144265393415 ], [ -159.727316298818465, -21.257984070384207 ], [ -159.727222066460115, -21.257908684497519 ], [ -159.727146680573412, -21.257776759195817 ], [ -159.727127834101736, -21.257456369177397 ], [ -159.727033601743386, -21.257192518573994 ], [ -159.726948792620874, -21.257060593272293 ], [ -159.726816867319172, -21.256928667970591 ], [ -159.726581286423283, -21.256806165904724 ], [ -159.726553016715769, -21.256777896197217 ], [ -159.726553016715769, -21.256721356782204 ], [ -159.726647249074119, -21.256570585008831 ], [ -159.726713211724984, -21.256523468829652 ], [ -159.726732058196632, -21.25647635265047 ], [ -159.726760327904145, -21.256485775886308 ], [ -159.726779174375821, -21.256457506178801 ], [ -159.726788597611659, -21.256410389999619 ], [ -159.726769751139983, -21.256391543527947 ], [ -159.726788597611659, -21.256372697056278 ], [ -159.726760327904145, -21.25636327382044 ], [ -159.726760327904145, -21.256335004112934 ], [ -159.726901676441685, -21.256278464697917 ], [ -159.727052448215062, -21.256137116160382 ], [ -159.727278605875114, -21.256061730273693 ], [ -159.727288029110952, -21.256024037330352 ], [ -159.727335145290141, -21.256014614094514 ], [ -159.727335145290141, -21.25597692115117 ], [ -159.727363414997654, -21.255958074679501 ], [ -159.727372838233492, -21.255863842321141 ], [ -159.727401107940977, -21.255816726141962 ] ], [ [ -159.727193796752601, -21.250426635243862 ], [ -159.727024178507548, -21.250454904951368 ], [ -159.727014755271711, -21.250511444366385 ], [ -159.726977062328388, -21.250511444366385 ], [ -159.726986485564225, -21.250577407017236 ], [ -159.726948792620874, -21.250577407017236 ], [ -159.72696763909255, -21.250605676724742 ], [ -159.726939369385036, -21.250633946432249 ], [ -159.72696763909255, -21.250671639375593 ], [ -159.727005332035873, -21.250624523196414 ], [ -159.727043024979224, -21.250624523196414 ], [ -159.7270618714509, -21.250662216139759 ], [ -159.727071294686738, -21.250615099960577 ], [ -159.727127834101736, -21.250615099960577 ], [ -159.727146680573412, -21.25058683025307 ], [ -159.727193796752601, -21.250596253488908 ], [ -159.727212643224277, -21.250567983781398 ], [ -159.727259759403438, -21.250558560545564 ], [ -159.727269182639276, -21.250502021130547 ], [ -159.727250336167629, -21.250502021130547 ], [ -159.727240912931791, -21.250464328187206 ], [ -159.727203219988439, -21.250464328187206 ], [ -159.727193796752601, -21.250426635243862 ] ], [ [ -159.726722634960822, -21.246798689447061 ], [ -159.726835713790848, -21.246855228862078 ], [ -159.726929946149198, -21.246760996503721 ], [ -159.726929946149198, -21.246591378258675 ], [ -159.726816867319172, -21.246459452956973 ], [ -159.726553016715769, -21.246299257947761 ], [ -159.726524747008256, -21.246308681183599 ], [ -159.726421091414068, -21.246270988240255 ], [ -159.726157240810664, -21.246270988240255 ], [ -159.726006469037287, -21.246308681183599 ], [ -159.725846274028072, -21.246299257947761 ], [ -159.72576146490556, -21.246318104419434 ], [ -159.725214917227078, -21.246289834711927 ], [ -159.725139531340375, -21.246261565004421 ], [ -159.724828564557811, -21.246242718532748 ], [ -159.72474375543527, -21.246205025589404 ], [ -159.724630676605244, -21.24619560235357 ], [ -159.72450817453938, -21.246139062938553 ], [ -159.72441394218103, -21.24598829116518 ], [ -159.724366826001841, -21.245771556740955 ], [ -159.724300863351004, -21.245715017325942 ], [ -159.724291440115167, -21.245677324382598 ], [ -159.724216054228464, -21.245649054675091 ], [ -159.724216054228464, -21.245611361731747 ], [ -159.724150091577627, -21.245554822316731 ], [ -159.724159514813465, -21.245479436430045 ], [ -159.724112398634276, -21.24548885966588 ], [ -159.724121821870114, -21.245328664656672 ], [ -159.7240935521626, -21.245309818185 ], [ -159.724065282455115, -21.245206162590804 ], [ -159.724008743040088, -21.245168469647464 ], [ -159.723971050096736, -21.245177892883298 ], [ -159.723952203625061, -21.245130776704119 ], [ -159.723914510681738, -21.245130776704119 ], [ -159.723886240974224, -21.245168469647464 ], [ -159.723829701559197, -21.245187316119132 ], [ -159.723754315672522, -21.245168469647464 ], [ -159.723735469200847, -21.245206162590804 ], [ -159.723782585380036, -21.245234432298314 ], [ -159.723744892436684, -21.245234432298314 ], [ -159.723754315672522, -21.245290971713327 ], [ -159.723707199493333, -21.245281548477493 ], [ -159.723631813606659, -21.245177892883298 ], [ -159.723575274191631, -21.245206162590804 ], [ -159.723603543899145, -21.245262702005821 ], [ -159.723575274191631, -21.245309818185 ], [ -159.723622390370821, -21.245394627307522 ], [ -159.723603543899145, -21.245422897015029 ], [ -159.723622390370821, -21.24551712937339 ], [ -159.723603543899145, -21.245507706137552 ], [ -159.723594120663307, -21.245535975845058 ], [ -159.723622390370821, -21.245554822316731 ], [ -159.723622390370821, -21.245611361731747 ], [ -159.723650660078334, -21.245611361731747 ], [ -159.723707199493333, -21.24566790114676 ], [ -159.723697776257495, -21.245818672920134 ], [ -159.723660083314172, -21.245912905278495 ], [ -159.723688353021657, -21.245941174986001 ], [ -159.723678929785819, -21.246157909410226 ], [ -159.723716622729171, -21.246270988240255 ], [ -159.723697776257495, -21.246327527655271 ], [ -159.723716622729171, -21.246327527655271 ], [ -159.723735469200847, -21.246450029721135 ], [ -159.723735469200847, -21.246506569136152 ], [ -159.723697776257495, -21.246525415607824 ], [ -159.723735469200847, -21.246544262079496 ], [ -159.723754315672522, -21.24666676414536 ], [ -159.723735469200847, -21.246883498569584 ], [ -159.723754315672522, -21.247034270342958 ], [ -159.723735469200847, -21.24705311681463 ], [ -159.723754315672522, -21.24705311681463 ], [ -159.72376373890836, -21.247100232993809 ], [ -159.723735469200847, -21.247185042116332 ], [ -159.723773162144198, -21.247241581531348 ], [ -159.723782585380036, -21.247335813889705 ], [ -159.72376373890836, -21.247326390653871 ], [ -159.723744892436684, -21.247335813889705 ], [ -159.723773162144198, -21.24734523712554 ], [ -159.723792008615874, -21.247411199776391 ], [ -159.723773162144198, -21.247439469483901 ], [ -159.723829701559197, -21.247524278606424 ], [ -159.723810855087521, -21.247599664493109 ], [ -159.72385797126671, -21.247627934200615 ], [ -159.723876817738386, -21.24773158979481 ], [ -159.7239050874459, -21.24773158979481 ], [ -159.723923933917575, -21.247816398917333 ], [ -159.723942780389223, -21.247816398917333 ], [ -159.723923933917575, -21.24784466862484 ], [ -159.723952203625061, -21.247863515096512 ], [ -159.723961626860898, -21.24791063127569 ], [ -159.723980473332574, -21.24791063127569 ], [ -159.723989896568412, -21.247957747454873 ], [ -159.724018166275926, -21.247967170690707 ], [ -159.723989896568412, -21.247995440398213 ], [ -159.724046435983439, -21.248014286869886 ], [ -159.724112398634276, -21.248165058643259 ], [ -159.724150091577627, -21.248183905114931 ], [ -159.724178361285141, -21.248240444529944 ], [ -159.724168938049303, -21.248287560709127 ], [ -159.724225477464302, -21.248325253652467 ], [ -159.724329133058518, -21.248541988076692 ], [ -159.724357402766003, -21.24855141131253 ], [ -159.72441394218103, -21.248664490142559 ], [ -159.724545867482732, -21.248805838680095 ], [ -159.724583560426083, -21.248881224566784 ], [ -159.72474375543527, -21.24905084281183 ], [ -159.72474375543527, -21.249079112519336 ], [ -159.724951066623674, -21.249163921641859 ], [ -159.725346842528779, -21.249201614585203 ], [ -159.725770888141398, -21.249352386358577 ], [ -159.725846274028072, -21.249399502537756 ], [ -159.726034738744801, -21.249446618716934 ], [ -159.726345705527365, -21.249597390490308 ], [ -159.726637825838282, -21.249682199612831 ], [ -159.727014755271711, -21.24972931579201 ], [ -159.727193796752601, -21.249691622848665 ], [ -159.727363414997654, -21.249701046084503 ], [ -159.727485917063518, -21.249672776376993 ], [ -159.72771207472357, -21.24955027431113 ], [ -159.727844000025271, -21.249418349009428 ], [ -159.727938232383622, -21.249267577236054 ], [ -159.727957078855297, -21.249069689283502 ], [ -159.727928809147784, -21.249060266047664 ], [ -159.727957078855297, -21.24902257310432 ], [ -159.727928809147784, -21.248984880160979 ], [ -159.727881692968623, -21.248994303396813 ], [ -159.727891116204461, -21.248956610453469 ], [ -159.727862846496947, -21.248928340745962 ], [ -159.727862846496947, -21.248900071038456 ], [ -159.727891116204461, -21.248890647802618 ], [ -159.727881692968623, -21.248824685151767 ], [ -159.727853423261109, -21.248824685151767 ], [ -159.72780630708192, -21.248768145736754 ], [ -159.727787460610273, -21.248777568972589 ], [ -159.727740344431083, -21.248711606321738 ], [ -159.72757072618603, -21.248664490142559 ], [ -159.727504763535194, -21.248617373963381 ], [ -159.727372838233492, -21.248607950727543 ], [ -159.727325722054303, -21.248636220435053 ], [ -159.727363414997654, -21.248645643670887 ], [ -159.727353991761817, -21.248664490142559 ], [ -159.72739168470514, -21.248645643670887 ], [ -159.727448224120167, -21.248673913378394 ], [ -159.727457647356005, -21.248702183085904 ], [ -159.727504763535194, -21.248702183085904 ], [ -159.727504763535194, -21.24873045279341 ], [ -159.727485917063518, -21.24873045279341 ], [ -159.727467070591842, -21.248834108387605 ], [ -159.727429377648491, -21.248834108387605 ], [ -159.727410531176815, -21.248871801330946 ], [ -159.727325722054303, -21.248871801330946 ], [ -159.727306875582627, -21.248843531623439 ], [ -159.727316298818465, -21.248796415444261 ], [ -159.727240912931791, -21.248796415444261 ], [ -159.727240912931791, -21.248758722500916 ], [ -159.727184373516764, -21.248758722500916 ], [ -159.727174950280926, -21.248711606321738 ], [ -159.727146680573412, -21.248702183085904 ], [ -159.727193796752601, -21.248617373963381 ], [ -159.727222066460115, -21.248626797199215 ], [ -159.727297452346789, -21.24855141131253 ], [ -159.72738226146933, -21.248541988076692 ], [ -159.727353991761817, -21.248513718369185 ], [ -159.727353991761817, -21.248447755718335 ], [ -159.727278605875114, -21.248391216303318 ], [ -159.727278605875114, -21.248362946595812 ], [ -159.727231489695953, -21.248353523359977 ], [ -159.726901676441685, -21.24841006277499 ], [ -159.72674148143247, -21.24841006277499 ], [ -159.726647249074119, -21.248381793067484 ], [ -159.726543593479931, -21.248315830416633 ], [ -159.726496477300742, -21.248174481879094 ], [ -159.726458784357419, -21.248165058643259 ], [ -159.726439937885743, -21.248099095992409 ], [ -159.726392821706554, -21.248089672756574 ], [ -159.726402244942392, -21.248070826284902 ], [ -159.726373975234878, -21.248042556577392 ], [ -159.726373975234878, -21.247646780672287 ], [ -159.726449361121581, -21.247496008898914 ], [ -159.72641166817823, -21.247298120946361 ], [ -159.726439937885743, -21.24716619564466 ], [ -159.726515323772418, -21.24705311681463 ], [ -159.726543593479931, -21.246921191512929 ], [ -159.726684942017471, -21.246845805626243 ], [ -159.726722634960822, -21.246798689447061 ] ], [ [ -159.726345705527365, -21.250049705810429 ], [ -159.72576146490556, -21.250106245225442 ], [ -159.725667232547181, -21.250143938168787 ], [ -159.725591846660507, -21.250219324055472 ], [ -159.725346842528779, -21.250379519064683 ], [ -159.725101838397052, -21.250511444366385 ], [ -159.724819141321973, -21.250756448498116 ], [ -159.724536444246894, -21.251171070874893 ], [ -159.724423365416868, -21.251397228534952 ], [ -159.724385672473517, -21.251425498242462 ], [ -159.724187784520979, -21.251755311496716 ], [ -159.724159514813465, -21.251868390326745 ], [ -159.724159514813465, -21.25208512475097 ], [ -159.724102975398438, -21.252377245061879 ], [ -159.724121821870114, -21.252782444202822 ], [ -159.724225477464302, -21.253102834221242 ], [ -159.724347979530165, -21.253385531296317 ], [ -159.724451635124382, -21.253545726305525 ], [ -159.724442211888544, -21.253564572777197 ], [ -159.724498751303543, -21.253611688956376 ], [ -159.724564713954408, -21.253734191022243 ], [ -159.724809718086135, -21.253979195153974 ], [ -159.724951066623674, -21.254082850748169 ], [ -159.72511126163289, -21.254167659870689 ], [ -159.725365689000455, -21.254243045757377 ], [ -159.72553530724548, -21.254337278115734 ], [ -159.725667232547181, -21.254365547823244 ], [ -159.726053585216476, -21.254356124587407 ], [ -159.72636455199904, -21.254261892229049 ], [ -159.726571863187445, -21.254243045757377 ], [ -159.726703788489147, -21.254186506342361 ], [ -159.726845137026686, -21.254035734568987 ], [ -159.72696763909255, -21.253743614258077 ], [ -159.727014755271711, -21.253536303069687 ], [ -159.727005332035873, -21.253234759522943 ], [ -159.726939369385036, -21.252999178627046 ], [ -159.726873406734171, -21.252886099797017 ], [ -159.726750904668307, -21.252791867438656 ], [ -159.726590709659121, -21.252791867438656 ], [ -159.72650590053658, -21.252848406853673 ], [ -159.726439937885743, -21.252857830089507 ], [ -159.726345705527365, -21.252773020966984 ], [ -159.726308012584042, -21.252659942136955 ], [ -159.726308012584042, -21.252424361241058 ], [ -159.726213780225663, -21.251962622685102 ], [ -159.726242049933177, -21.251623386195014 ], [ -159.726336282291527, -21.251416075006624 ], [ -159.726666095545795, -21.250916643507324 ], [ -159.726684942017471, -21.250831834384801 ], [ -159.726732058196632, -21.250775294969788 ], [ -159.726713211724984, -21.250671639375593 ], [ -159.72674148143247, -21.250567983781398 ], [ -159.726845137026686, -21.250492597894713 ], [ -159.726882829970009, -21.250426635243862 ], [ -159.726845137026686, -21.250341826121339 ], [ -159.726760327904145, -21.250247593762982 ], [ -159.726524747008256, -21.250153361404621 ], [ -159.726430514649905, -21.250077975517936 ], [ -159.726345705527365, -21.250049705810429 ] ], [ [ -159.725507037537994, -21.241210710596409 ], [ -159.725478767830481, -21.241295519718932 ], [ -159.725507037537994, -21.241314366190604 ], [ -159.725563576952993, -21.241257826775588 ], [ -159.725554153717155, -21.241191864124737 ], [ -159.725488191066319, -21.241191864124737 ], [ -159.725507037537994, -21.241210710596409 ] ], [ [ -159.725356265764617, -21.241465137963978 ], [ -159.725365689000455, -21.241418021784796 ], [ -159.725337419292941, -21.241408598548961 ], [ -159.725327996057104, -21.241465137963978 ], [ -159.725356265764617, -21.241465137963978 ] ], [ [ -159.723735469200847, -21.247590241257274 ], [ -159.723782585380036, -21.247571394785602 ], [ -159.723792008615874, -21.24755254831393 ], [ -159.723773162144198, -21.247543125078096 ], [ -159.723735469200847, -21.247590241257274 ] ] ] } }
]
}
