{
"type": "FeatureCollection",
"name": "2011_PHC_COK_eaid_4326",
"crs": { "type": "name", "properties": { "name": "urn:ogc:def:crs:OGC:1.3:CRS84" } },
"features": [
{ "type": "Feature", "properties": { "eaid": "0601", "ea_name": "nikao-panama", "cdid": "06", "gid": "1" }, "geometry": { "type": "MultiPolygon", "coordinates": [ [ [ [ -159.791578415371589, -21.200460976605608 ], [ -159.791648777484568, -21.201017253415049 ], [ -159.791747222570876, -21.201631394267913 ], [ -159.791864581299876, -21.202082582191917 ], [ -159.791870989071015, -21.202107302446592 ], [ -159.79250026947912, -21.202139308946208 ], [ -159.79230257471923, -21.201655076399845 ], [ -159.792624095584216, -21.201509131205295 ], [ -159.792927678601103, -21.201500299496228 ], [ -159.792919182567488, -21.20147134359814 ], [ -159.7937918403114, -21.201467516292517 ], [ -159.793745262517319, -21.201314265314199 ], [ -159.793970757683809, -21.200994161823999 ], [ -159.794292991076105, -21.200536302382194 ], [ -159.794411649740482, -21.200367641224872 ], [ -159.794539060285359, -21.200186654013926 ], [ -159.794704708506231, -21.199951198808375 ], [ -159.794922217887176, -21.200500101506751 ], [ -159.795787257091433, -21.199365402062888 ], [ -159.794998701710512, -21.199437838880009 ], [ -159.794107132713208, -21.199711444336398 ], [ -159.793314293686905, -21.199915056113131 ], [ -159.793477600622737, -21.20029472746997 ], [ -159.792710903668251, -21.200547545476653 ], [ -159.792658976754467, -21.200587064344948 ], [ -159.792410203690622, -21.200658008823925 ], [ -159.79220686978843, -21.200299309823208 ], [ -159.791578415371589, -21.200460976605608 ] ] ] ] } },
{ "type": "Feature", "properties": { "eaid": "0508", "ea_name": "avatiu", "cdid": "05", "gid": "1" }, "geometry": { "type": "MultiPolygon", "coordinates": [ [ [ [ -159.791864501858811, -21.202082582564309 ], [ -159.791864581299876, -21.202082582191917 ], [ -159.791747222570876, -21.201631394267913 ], [ -159.791648777484568, -21.201017253415049 ], [ -159.791578415371589, -21.200460976605608 ], [ -159.79036275876706, -21.200851090885475 ], [ -159.789831834322996, -21.201056495150784 ], [ -159.789020799982126, -21.20135395003345 ], [ -159.788257631649316, -21.201743211597559 ], [ -159.788823095900568, -21.202799395597449 ], [ -159.789189083904688, -21.203455827345799 ], [ -159.788778021691314, -21.203631631755705 ], [ -159.788887480210008, -21.203853150658322 ], [ -159.789571773238151, -21.203576977503303 ], [ -159.789542787601988, -21.203190502484759 ], [ -159.789988698606948, -21.20303991589229 ], [ -159.79024002833043, -21.202944707254318 ], [ -159.790409323134469, -21.202840307190485 ], [ -159.790513545845812, -21.202809107439812 ], [ -159.790685291470396, -21.202762235558072 ], [ -159.79084873237079, -21.202692458680957 ], [ -159.790938216337395, -21.202578856802486 ], [ -159.790935188177372, -21.202457739063064 ], [ -159.791215585808658, -21.202406022073895 ], [ -159.791534962970246, -21.202304531066364 ], [ -159.791864501858811, -21.202082582564309 ] ] ] ] } },
{ "type": "Feature", "properties": { "eaid": "0507", "ea_name": "avatiu", "cdid": "05", "gid": "1" }, "geometry": { "type": "MultiPolygon", "coordinates": [ [ [ [ -159.787076872209582, -21.205247794855968 ], [ -159.787014810105489, -21.205244832178987 ], [ -159.786895755042138, -21.204981082514664 ], [ -159.787059955780961, -21.204679068314658 ], [ -159.787029061668022, -21.204530981418579 ], [ -159.786964657777958, -21.204295882585686 ], [ -159.786932344861668, -21.204239848123674 ], [ -159.787034501911762, -21.204118330514017 ], [ -159.786992458294606, -21.204070019415962 ], [ -159.787229623822839, -21.20396973237796 ], [ -159.787439917040558, -21.203880680827091 ], [ -159.787285925396247, -21.203740303808416 ], [ -159.787174631753118, -21.203636762799839 ], [ -159.786950686763731, -21.203428241598257 ], [ -159.786687462354081, -21.203183138864272 ], [ -159.786886930818497, -21.202925402727132 ], [ -159.787404859576668, -21.20332188475437 ], [ -159.787562754843009, -21.203149703099193 ], [ -159.787479840823124, -21.203049552814914 ], [ -159.78697146253603, -21.202731161601204 ], [ -159.786393119296037, -21.203482506789353 ], [ -159.786316586578778, -21.20358222563625 ], [ -159.785915477719442, -21.204243588819025 ], [ -159.785848556830132, -21.204343262741695 ], [ -159.785674013977797, -21.204642975366955 ], [ -159.785977368261712, -21.204784736482569 ], [ -159.786079864294692, -21.204591947795929 ], [ -159.786187709636891, -21.204644379013612 ], [ -159.786433826051564, -21.204763913630931 ], [ -159.786461140816186, -21.204791246648753 ], [ -159.786824459825397, -21.205154757113899 ], [ -159.786658710295285, -21.205269525083143 ], [ -159.786492656172982, -21.205371828830472 ], [ -159.786420596485101, -21.205416245191838 ], [ -159.786190069198966, -21.20552544288315 ], [ -159.786080154685749, -21.205577532655187 ], [ -159.785939387008483, -21.205414058857947 ], [ -159.785720632793129, -21.205571256480418 ], [ -159.785586309318177, -21.205634750681227 ], [ -159.785562059925383, -21.205646244994604 ], [ -159.785631004048525, -21.205868857766543 ], [ -159.786415773534429, -21.205930784954365 ], [ -159.787059094804334, -21.205371177567251 ], [ -159.787076872209582, -21.205247794855968 ] ] ] ] } },
{ "type": "Feature", "properties": { "eaid": "0105", "ea_name": "pue", "cdid": "01", "gid": "1" }, "geometry": { "type": "MultiPolygon", "coordinates": [ [ [ [ -159.760648285120624, -21.205865604762241 ], [ -159.760826001787649, -21.205632385271826 ], [ -159.761407781395178, -21.205353624910522 ], [ -159.761687134065852, -21.205172247417124 ], [ -159.762145298975156, -21.204894493625009 ], [ -159.762274968821458, -21.204080821895225 ], [ -159.761486252294191, -21.203904514783289 ], [ -159.760902422370549, -21.203786879703411 ], [ -159.759702290228972, -21.20356422374298 ], [ -159.758298181362619, -21.203473974865663 ], [ -159.757764873358582, -21.203444253318509 ], [ -159.75788199831868, -21.204341074325185 ], [ -159.757797249523691, -21.204920921803261 ], [ -159.757812882641787, -21.205415769957657 ], [ -159.758064271960052, -21.205887519605081 ], [ -159.758874781208533, -21.206059662177491 ], [ -159.759558131077682, -21.205996005510205 ], [ -159.759656301813806, -21.206714745031324 ], [ -159.75958041104812, -21.207798233273518 ], [ -159.759918620857945, -21.207845941687939 ], [ -159.760265826725856, -21.20783516543003 ], [ -159.760469104719249, -21.207193991386291 ], [ -159.760648285120624, -21.205865604762241 ] ] ] ] } },
{ "type": "Feature", "properties": { "eaid": "0203", "ea_name": "tupapa", "cdid": "02", "gid": "1" }, "geometry": { "type": "MultiPolygon", "coordinates": [ [ [ [ -159.765617397767386, -21.205194404044793 ], [ -159.765401355015371, -21.205820375884255 ], [ -159.76529022947139, -21.206147783387067 ], [ -159.765205877691642, -21.207184701275381 ], [ -159.765155859631165, -21.20759204475506 ], [ -159.764968206739894, -21.208178051896983 ], [ -159.76486364678189, -21.208469568391795 ], [ -159.765465803718826, -21.209107188773618 ], [ -159.765709252603813, -21.209219449149995 ], [ -159.765847010395191, -21.208602503755973 ], [ -159.766347128284224, -21.208279112426791 ], [ -159.767073544139492, -21.207562841026711 ], [ -159.767529970594893, -21.206787819693943 ], [ -159.766843996022004, -21.206361485070371 ], [ -159.766759012163533, -21.206278910442304 ], [ -159.766780256747552, -21.206168034154263 ], [ -159.766934058049486, -21.205782349864535 ], [ -159.767004886244052, -21.2055290142155 ], [ -159.767027319450278, -21.205303990907598 ], [ -159.767126906245096, -21.204727595219811 ], [ -159.767188446855869, -21.204003498638354 ], [ -159.76712436566774, -21.203991638061311 ], [ -159.767085608614565, -21.2040677473294 ], [ -159.767023617090587, -21.204037525181214 ], [ -159.767020904889137, -21.203972488842936 ], [ -159.766741924889857, -21.203922035115358 ], [ -159.766601264817268, -21.203871482215895 ], [ -159.766052823145259, -21.203773524997555 ], [ -159.765997095590677, -21.203774876892144 ], [ -159.765745491567742, -21.203729664060546 ], [ -159.765672426683551, -21.203744620907536 ], [ -159.765712797642408, -21.204636219463264 ], [ -159.765617397767386, -21.205194404044793 ] ] ] ] } },
{ "type": "Feature", "properties": { "eaid": "0603", "ea_name": "atupa", "cdid": "06", "gid": "1" }, "geometry": { "type": "MultiPolygon", "coordinates": [ [ [ [ -159.797729376041104, -21.205513340632677 ], [ -159.797352232814887, -21.204947491425852 ], [ -159.797000025435295, -21.204616199450417 ], [ -159.79689001050977, -21.204204455012864 ], [ -159.797334154619904, -21.204118999400229 ], [ -159.797255857385608, -21.20353962031977 ], [ -159.795048327419693, -21.20354966367799 ], [ -159.794254749882725, -21.203547164236419 ], [ -159.793531193782229, -21.203550564871165 ], [ -159.793859864244354, -21.20466757048445 ], [ -159.794287240992617, -21.2048988823271 ], [ -159.794827559255339, -21.205599645745686 ], [ -159.794823362670371, -21.206077327602724 ], [ -159.79547943773548, -21.206125004076412 ], [ -159.796093621867698, -21.20742809299308 ], [ -159.795898641447621, -21.207557731354179 ], [ -159.796049242176025, -21.207819157520394 ], [ -159.795879419092842, -21.208136562451756 ], [ -159.796253325962596, -21.208379773335317 ], [ -159.796440042497494, -21.208679328468257 ], [ -159.796452074025467, -21.208908076068777 ], [ -159.797007175831453, -21.208998406222189 ], [ -159.797291959756137, -21.209155138398639 ], [ -159.797675152177959, -21.209366054553726 ], [ -159.79792631571982, -21.208514417088814 ], [ -159.797784027748122, -21.207745483030255 ], [ -159.797720403862769, -21.207585087591589 ], [ -159.797191862749202, -21.20650697266602 ], [ -159.798316611155911, -21.205935046471783 ], [ -159.798170527384144, -21.205748822821157 ], [ -159.797729376041104, -21.205513340632677 ] ] ] ] } },
{ "type": "Feature", "properties": { "eaid": "0202", "ea_name": "tupapa", "cdid": "02", "gid": "1" }, "geometry": { "type": "MultiPolygon", "coordinates": [ [ [ [ -159.767004886244052, -21.2055290142155 ], [ -159.766934058049486, -21.205782349864535 ], [ -159.766780256747552, -21.206168034154263 ], [ -159.766759012163533, -21.206278910442304 ], [ -159.766843996022004, -21.206361485070371 ], [ -159.767529970594893, -21.206787819693943 ], [ -159.767760897391668, -21.206960409100603 ], [ -159.769083139449748, -21.207846744287817 ], [ -159.769375813933266, -21.20664166345712 ], [ -159.769435644761302, -21.206535885643323 ], [ -159.769680435108228, -21.205650170122716 ], [ -159.769943328953161, -21.20467249078505 ], [ -159.769854546391571, -21.204652823241524 ], [ -159.76975265703976, -21.20464901900084 ], [ -159.769553905750058, -21.204640391928979 ], [ -159.76948392391219, -21.204605284098108 ], [ -159.769329853266811, -21.20452790888347 ], [ -159.769174702656699, -21.204492573948002 ], [ -159.76892060592175, -21.20441986751263 ], [ -159.768477180885327, -21.204319711079485 ], [ -159.768208951464743, -21.204248649067218 ], [ -159.768207837815481, -21.204248336282731 ], [ -159.767811353843342, -21.204138209046377 ], [ -159.76760053434927, -21.204090345162953 ], [ -159.767529504552783, -21.204107264089401 ], [ -159.76747136627074, -21.204043952106638 ], [ -159.767424950859152, -21.204061871727152 ], [ -159.767273347649194, -21.204037454437273 ], [ -159.767188446855869, -21.204003498638354 ], [ -159.767126906245096, -21.204727595219811 ], [ -159.767027319450278, -21.205303990907598 ], [ -159.767004886244052, -21.2055290142155 ] ] ] ] } },
{ "type": "Feature", "properties": { "eaid": "0107", "ea_name": "pue", "cdid": "01", "gid": "1" }, "geometry": { "type": "MultiPolygon", "coordinates": [ [ [ [ -159.764968127295077, -21.208178052256823 ], [ -159.764968206739894, -21.208178051896983 ], [ -159.765155859631165, -21.20759204475506 ], [ -159.765205877691642, -21.207184701275381 ], [ -159.76529022947139, -21.206147783387067 ], [ -159.765401355015371, -21.205820375884255 ], [ -159.765617397767386, -21.205194404044793 ], [ -159.765712797642408, -21.204636219463264 ], [ -159.764585872724496, -21.204408147524141 ], [ -159.763230519333007, -21.204249375899472 ], [ -159.762274968821458, -21.204080821895225 ], [ -159.762145298975156, -21.204894493625009 ], [ -159.761687134065852, -21.205172247417124 ], [ -159.761407781395178, -21.205353624910522 ], [ -159.760826001787649, -21.205632385271826 ], [ -159.760648285120624, -21.205865604762241 ], [ -159.760469104719249, -21.207193991386291 ], [ -159.760265826725856, -21.20783516543003 ], [ -159.760252923471484, -21.207844256511343 ], [ -159.76032541736231, -21.208084569213604 ], [ -159.760291768805928, -21.208324546764089 ], [ -159.759952628155958, -21.208436727372785 ], [ -159.759888497155714, -21.208883607315254 ], [ -159.761074677731216, -21.209587988356375 ], [ -159.761092291160026, -21.209552318980794 ], [ -159.761171058629145, -21.209466150534158 ], [ -159.761219699323021, -21.209438832312586 ], [ -159.761316841732196, -21.209357097472441 ], [ -159.761468662013016, -21.209247926738133 ], [ -159.761596863856397, -21.209242832144064 ], [ -159.761683237567382, -21.209292124072125 ], [ -159.761750965266515, -21.209346106886326 ], [ -159.76179464371603, -21.209404624322811 ], [ -159.761881133441449, -21.209476498104308 ], [ -159.761930244065354, -21.209494342526938 ], [ -159.761979023666697, -21.209494122442464 ], [ -159.762045923438762, -21.209448655615489 ], [ -159.762076165678025, -21.209412387177547 ], [ -159.762081653985518, -21.209367197446454 ], [ -159.762012333835258, -21.20917321055849 ], [ -159.761881533585097, -21.208966041838281 ], [ -159.761862413304357, -21.208893773813973 ], [ -159.761861324279153, -21.208789899296921 ], [ -159.761896528464405, -21.208667795063761 ], [ -159.761926552113607, -21.208604428656489 ], [ -159.762059950302955, -21.208481881360953 ], [ -159.762150623557602, -21.20843202326423 ], [ -159.762151215587807, -21.208431697727182 ], [ -159.76221221609714, -21.208413356445782 ], [ -159.762328639525293, -21.208435413452889 ], [ -159.762593354763851, -21.20857432008464 ], [ -159.762899744980587, -21.20861358478713 ], [ -159.763077089682213, -21.208617300078139 ], [ -159.763186856040022, -21.208580672115716 ], [ -159.763552513257054, -21.208434401136131 ], [ -159.763826881934079, -21.208333797562293 ], [ -159.763838818189782, -21.208306644603685 ], [ -159.763861945013815, -21.208184594620942 ], [ -159.76385509556269, -21.208134944146803 ], [ -159.763866812973561, -21.208080693201257 ], [ -159.764139748703059, -21.207871609392637 ], [ -159.76424380773355, -21.207853072565758 ], [ -159.764298601322508, -21.207848308115523 ], [ -159.764482631996259, -21.207870057677933 ], [ -159.764661122936047, -21.207973129034229 ], [ -159.764809257005027, -21.208089977482317 ], [ -159.7649141320274, -21.20815273345487 ], [ -159.764968127295077, -21.208178052256823 ] ] ] ] } },
{ "type": "Feature", "properties": { "eaid": "0505", "ea_name": "atupa-avatiu", "cdid": "05", "gid": "1" }, "geometry": { "type": "MultiPolygon", "coordinates": [ [ [ [ -159.795077878864191, -21.209544960115924 ], [ -159.795887541977976, -21.209563276995389 ], [ -159.795845754323835, -21.210808754807122 ], [ -159.796501959381942, -21.211172940192533 ], [ -159.796838834221745, -21.2106577381767 ], [ -159.797766247081313, -21.20996667580344 ], [ -159.797675152177959, -21.209366054553726 ], [ -159.797291959756137, -21.209155138398639 ], [ -159.797007175831453, -21.208998406222189 ], [ -159.796452074025467, -21.208908076068777 ], [ -159.796440042497494, -21.208679328468257 ], [ -159.796253325962596, -21.208379773335317 ], [ -159.795879419092842, -21.208136562451756 ], [ -159.796049242176025, -21.207819157520394 ], [ -159.795898641447621, -21.207557731354179 ], [ -159.796093621867698, -21.20742809299308 ], [ -159.79547943773548, -21.206125004076412 ], [ -159.794823362670371, -21.206077327602724 ], [ -159.794827559255339, -21.205599645745686 ], [ -159.794287240992617, -21.2048988823271 ], [ -159.793859864244354, -21.20466757048445 ], [ -159.793735614617702, -21.204578637888194 ], [ -159.792634269669236, -21.204502784119125 ], [ -159.792285901277921, -21.204591225166475 ], [ -159.792697926526188, -21.205310753666666 ], [ -159.791930570449097, -21.205757961379806 ], [ -159.791577651480168, -21.206036656300139 ], [ -159.791468794889084, -21.206137883825004 ], [ -159.791359387406516, -21.206210298753788 ], [ -159.791110767130078, -21.206293030987617 ], [ -159.791047498221673, -21.206346983045634 ], [ -159.790603615428466, -21.206402626805097 ], [ -159.790592862706035, -21.206263118045872 ], [ -159.790574167911586, -21.206019586859792 ], [ -159.790550261779714, -21.205707429622713 ], [ -159.790588801434865, -21.205306095845351 ], [ -159.790223491324952, -21.205376455775209 ], [ -159.789717548712332, -21.205473939063243 ], [ -159.789756002497654, -21.205653695692888 ], [ -159.789370759064667, -21.205815379841166 ], [ -159.789384029052798, -21.206025153328195 ], [ -159.789880538599391, -21.205946142327583 ], [ -159.789977805830063, -21.206205023480347 ], [ -159.790336411083246, -21.206621029502475 ], [ -159.7907146956872, -21.206987532321424 ], [ -159.790759720768051, -21.207028421444292 ], [ -159.7914807653151, -21.207683455612067 ], [ -159.791898257780645, -21.207892688888542 ], [ -159.79202126490452, -21.20810583160344 ], [ -159.793243178249895, -21.210223380604319 ], [ -159.793327706306599, -21.210668759230732 ], [ -159.793983584932363, -21.210987972082183 ], [ -159.793984384220238, -21.210988871618159 ], [ -159.794622374072901, -21.211705976641067 ], [ -159.794985285787789, -21.210517430681016 ], [ -159.795077878864191, -21.209544960115924 ] ] ] ] } },
{ "type": "Feature", "properties": { "eaid": "0201", "ea_name": "tupapa-marairenga", "cdid": "02", "gid": "1" }, "geometry": { "type": "MultiPolygon", "coordinates": [ [ [ [ -159.772402767021021, -21.205967356253563 ], [ -159.77263459565529, -21.205281702662184 ], [ -159.772119941965343, -21.205195026364329 ], [ -159.771569893529033, -21.20515518632428 ], [ -159.771420854558841, -21.205165733799223 ], [ -159.770965959319966, -21.205032143990163 ], [ -159.77066486381284, -21.204921011710447 ], [ -159.770358591147243, -21.204783803915394 ], [ -159.770280142196242, -21.204803656712809 ], [ -159.770173871940784, -21.204741754930286 ], [ -159.770029793460537, -21.204750856288122 ], [ -159.769943328953161, -21.20467249078505 ], [ -159.769680435108228, -21.205650170122716 ], [ -159.769435644761302, -21.206535885643323 ], [ -159.769375813933266, -21.20664166345712 ], [ -159.769083139449748, -21.207846744287817 ], [ -159.769665544482535, -21.208354388127599 ], [ -159.770800472486826, -21.208813268162867 ], [ -159.771048028839203, -21.208301977723405 ], [ -159.770467346043034, -21.208162810005692 ], [ -159.77070339474821, -21.207583531870281 ], [ -159.770218817078529, -21.207484934363613 ], [ -159.769924478900975, -21.207394952953173 ], [ -159.769817677992137, -21.207665977622202 ], [ -159.769274111696632, -21.207498363274841 ], [ -159.769470759848076, -21.206658574256245 ], [ -159.769692285811942, -21.206633898457895 ], [ -159.769934711538752, -21.206656279273226 ], [ -159.770129626279783, -21.206693509815633 ], [ -159.770565391960275, -21.206832346471561 ], [ -159.770791557007698, -21.206951453137183 ], [ -159.771129976911425, -21.207192443895611 ], [ -159.771266054856653, -21.207327588244478 ], [ -159.771388026205784, -21.207469390980815 ], [ -159.77152674357194, -21.207669018524619 ], [ -159.77166883075077, -21.207829066092842 ], [ -159.771766690914376, -21.207642178238963 ], [ -159.771830675879926, -21.207479924516907 ], [ -159.771934729021723, -21.207215956950442 ], [ -159.771986704066961, -21.206959453750986 ], [ -159.77203565716863, -21.206717688103655 ], [ -159.772233808175315, -21.206720214765443 ], [ -159.772264044528669, -21.206576452135899 ], [ -159.77231968952114, -21.206246674586087 ], [ -159.772402767021021, -21.205967356253563 ] ] ] ] } },
{ "type": "Feature", "properties": { "eaid": "0401", "ea_name": "tutakimoa-teotue", "cdid": "04", "gid": "1" }, "geometry": { "type": "MultiPolygon", "coordinates": [ [ [ [ -159.777540274958028, -21.207381291003106 ], [ -159.777544541302035, -21.207391930267356 ], [ -159.778470372806339, -21.207198606439409 ], [ -159.779125834367818, -21.207068399633517 ], [ -159.779725111319408, -21.206955611612834 ], [ -159.779944636874234, -21.206913407676012 ], [ -159.779843536848404, -21.206571976686163 ], [ -159.779776973354103, -21.206347272776014 ], [ -159.779642103505182, -21.206201380640007 ], [ -159.7795829037521, -21.206017291000812 ], [ -159.779371227777233, -21.205359854724932 ], [ -159.779270343966289, -21.205059160967082 ], [ -159.779064842965624, -21.205139237760591 ], [ -159.77919377932102, -21.205441608832473 ], [ -159.779044148886356, -21.205510588296097 ], [ -159.779127225107231, -21.205642447784072 ], [ -159.778606277472647, -21.205970940267985 ], [ -159.778541684873176, -21.205985419778926 ], [ -159.778335844371242, -21.206031352655515 ], [ -159.778220114470599, -21.206096200678132 ], [ -159.778140901925013, -21.206140646533779 ], [ -159.778075339209408, -21.205985129819297 ], [ -159.778055468265109, -21.205937798256993 ], [ -159.778010949114389, -21.205901781114527 ], [ -159.777981497128764, -21.20581501958857 ], [ -159.777989293806286, -21.205604786422864 ], [ -159.777826809360448, -21.205676985572026 ], [ -159.777935419578341, -21.206027506652916 ], [ -159.777986636009956, -21.206189412586337 ], [ -159.778077593731751, -21.206476151742326 ], [ -159.778096578159932, -21.206536223869829 ], [ -159.778147147105386, -21.206695784146369 ], [ -159.777923822363562, -21.206634575734622 ], [ -159.777852139982372, -21.206645474456153 ], [ -159.777808975244113, -21.206488860864567 ], [ -159.777274053662552, -21.206577226990373 ], [ -159.777324677146765, -21.206686654290788 ], [ -159.77747164471009, -21.207155782670828 ], [ -159.777540274958028, -21.207381291003106 ] ] ] ] } },
{ "type": "Feature", "properties": { "eaid": "0506", "ea_name": "avatiu", "cdid": "05", "gid": "1" }, "geometry": { "type": "MultiPolygon", "coordinates": [ [ [ [ -159.786892190558603, -21.208866715586193 ], [ -159.78703561507001, -21.20909593593132 ], [ -159.787789412790204, -21.208797495438496 ], [ -159.787691177331197, -21.208445578143397 ], [ -159.787606157844124, -21.20779921516041 ], [ -159.788049474389396, -21.207755595619609 ], [ -159.788071597113884, -21.207507989463437 ], [ -159.788077682048936, -21.207127583379851 ], [ -159.787886246644803, -21.206893439049505 ], [ -159.787748875436193, -21.206711885116963 ], [ -159.787953836171226, -21.206096236445884 ], [ -159.788309180311984, -21.205943818310125 ], [ -159.788167183144736, -21.205354538661048 ], [ -159.787076872209582, -21.205247794855968 ], [ -159.787059094804334, -21.205371177567251 ], [ -159.786415773534429, -21.205930784954365 ], [ -159.785631004048525, -21.205868857766543 ], [ -159.785442243282404, -21.205854018310145 ], [ -159.785358399825469, -21.206239212264592 ], [ -159.784775251516692, -21.206310753959944 ], [ -159.784819733516059, -21.206625074942803 ], [ -159.784851733154795, -21.206997716491735 ], [ -159.785035581655109, -21.207330449228813 ], [ -159.785284786670871, -21.207492516267699 ], [ -159.78543217386823, -21.207420199551201 ], [ -159.785800082029084, -21.207764360135702 ], [ -159.786283811739082, -21.208121078461311 ], [ -159.786637275878576, -21.208332429572199 ], [ -159.786757063331777, -21.208404044896184 ], [ -159.786892190558603, -21.208866715586193 ] ] ] ] } },
{ "type": "Feature", "properties": { "eaid": "0303", "ea_name": "takuvaine east", "cdid": "03", "gid": "1" }, "geometry": { "type": "MultiPolygon", "coordinates": [ [ [ [ -159.77273052506564, -21.206006686142757 ], [ -159.77237550351407, -21.207278527607119 ], [ -159.772331125415661, -21.207468061788649 ], [ -159.772570216043221, -21.207520985490714 ], [ -159.772559507757279, -21.207615880747337 ], [ -159.772743865731286, -21.207654601784046 ], [ -159.772825534091794, -21.207715200700726 ], [ -159.772802856509543, -21.208013754054011 ], [ -159.772198962655409, -21.208131957736683 ], [ -159.772097026066461, -21.20851271217489 ], [ -159.771740795507839, -21.208407389911891 ], [ -159.771699201856165, -21.208383823237636 ], [ -159.771394950133725, -21.209108303162449 ], [ -159.771254308130011, -21.209502060740043 ], [ -159.77171493216801, -21.209637438413452 ], [ -159.77201718343801, -21.209689712847464 ], [ -159.772373835226887, -21.209783741279647 ], [ -159.772685165874691, -21.209840218476355 ], [ -159.772901900519798, -21.209901644545582 ], [ -159.773285520627439, -21.209987056596596 ], [ -159.773553648599091, -21.210046620542208 ], [ -159.773625278604129, -21.209888034709827 ], [ -159.773645555350896, -21.209677925165987 ], [ -159.773641985065353, -21.209602606513894 ], [ -159.773627798211947, -21.208983912720115 ], [ -159.773700112424677, -21.208880515196608 ], [ -159.773780842343257, -21.208821792312623 ], [ -159.77386520014602, -21.208803701155553 ], [ -159.774218317532075, -21.208783836113213 ], [ -159.774268367263716, -21.208768250605392 ], [ -159.774346911217748, -21.208686503394379 ], [ -159.774395571558216, -21.208602544603952 ], [ -159.774431464766508, -21.20847745398094 ], [ -159.774432240204419, -21.208412864657024 ], [ -159.774409038083689, -21.208229330672921 ], [ -159.774403984712194, -21.20818960875496 ], [ -159.774369154850746, -21.208076765940032 ], [ -159.774356233203974, -21.207990740933557 ], [ -159.774336452904663, -21.207747302610372 ], [ -159.774307664355973, -21.207543650669134 ], [ -159.774331954414151, -21.207280679710557 ], [ -159.774351287696874, -21.207148890281825 ], [ -159.774404335734602, -21.206870431393625 ], [ -159.774475707165294, -21.206571293278472 ], [ -159.774462279123782, -21.206510020941085 ], [ -159.773877631603625, -21.206203772915654 ], [ -159.773787789635946, -21.206175369334357 ], [ -159.773862914146633, -21.205788233028827 ], [ -159.773741701788254, -21.20577704547059 ], [ -159.773660078586119, -21.206167282711071 ], [ -159.773367924798691, -21.206115235780533 ], [ -159.77273052506564, -21.206006686142757 ] ] ] ] } },
{ "type": "Feature", "properties": { "eaid": "0402", "ea_name": "tutakimoa-teotue", "cdid": "04", "gid": "1" }, "geometry": { "type": "MultiPolygon", "coordinates": [ [ [ [ -159.778470372806339, -21.207198606439409 ], [ -159.777544541302035, -21.207391930267356 ], [ -159.77794244437095, -21.208415159330062 ], [ -159.780607819140215, -21.207816915609286 ], [ -159.780383581137954, -21.206841396043316 ], [ -159.779944636874234, -21.206913407676012 ], [ -159.779725111319408, -21.206955611612834 ], [ -159.779125834367818, -21.207068399633517 ], [ -159.778470372806339, -21.207198606439409 ] ] ] ] } },
{ "type": "Feature", "properties": { "eaid": "0301", "ea_name": "takuvaine town", "cdid": "03", "gid": "1" }, "geometry": { "type": "MultiPolygon", "coordinates": [ [ [ [ -159.776743284307656, -21.211378434261345 ], [ -159.776773114259072, -21.211324731550093 ], [ -159.776794325069204, -21.211187694188492 ], [ -159.77690959023613, -21.210881307636594 ], [ -159.776660929407029, -21.210093602275315 ], [ -159.776462002941201, -21.209837258044764 ], [ -159.776155764446884, -21.209524047423113 ], [ -159.776024353279325, -21.208838868148696 ], [ -159.775948005071655, -21.208854123356435 ], [ -159.775887584558006, -21.208831095884666 ], [ -159.775821642920022, -21.208739714155687 ], [ -159.775843797670944, -21.208479101462796 ], [ -159.775866975254672, -21.20817097062665 ], [ -159.775887099855339, -21.207947583089428 ], [ -159.775833036413047, -21.207529333808125 ], [ -159.775463820348449, -21.207538888144498 ], [ -159.775538795322262, -21.207869331374919 ], [ -159.775512330750018, -21.208339257834062 ], [ -159.775465649869119, -21.208619584670902 ], [ -159.775353751913144, -21.20934291689537 ], [ -159.775278387664912, -21.209668449882152 ], [ -159.775165199732385, -21.210129741356919 ], [ -159.775601566577251, -21.210669896698821 ], [ -159.776037637938543, -21.211137698071141 ], [ -159.776060596817047, -21.211152587290783 ], [ -159.776134257251726, -21.211200484812224 ], [ -159.776385459713197, -21.211334824604865 ], [ -159.776743284307656, -21.211378434261345 ] ] ] ] } },
{ "type": "Feature", "properties": { "eaid": "0302", "ea_name": "takuvaine town", "cdid": "03", "gid": "1" }, "geometry": { "type": "MultiPolygon", "coordinates": [ [ [ [ -159.776060596817047, -21.211152587290783 ], [ -159.776037637938543, -21.211137698071141 ], [ -159.775601566577251, -21.210669896698821 ], [ -159.775165199732385, -21.210129741356919 ], [ -159.775278387664912, -21.209668449882152 ], [ -159.775353751913144, -21.20934291689537 ], [ -159.775465649869119, -21.208619584670902 ], [ -159.775512330750018, -21.208339257834062 ], [ -159.775538795322262, -21.207869331374919 ], [ -159.775463820348449, -21.207538888144498 ], [ -159.774984579651658, -21.207595737382228 ], [ -159.774574186933222, -21.20775316786262 ], [ -159.774724170669344, -21.207994744315528 ], [ -159.774544603927438, -21.208128442983064 ], [ -159.774593326448411, -21.208284941636595 ], [ -159.774604471746841, -21.208487319474106 ], [ -159.774553016482855, -21.208659904616891 ], [ -159.774417986983167, -21.208802793190547 ], [ -159.774387094024007, -21.208835543884469 ], [ -159.773971817448711, -21.208895077931444 ], [ -159.773899122500865, -21.208910134816858 ], [ -159.773854679860619, -21.20891928111234 ], [ -159.773765360436329, -21.208976236791052 ], [ -159.773734365820189, -21.209020008064904 ], [ -159.773711804696489, -21.209081354997952 ], [ -159.773708672596996, -21.209181635369589 ], [ -159.773750425271487, -21.209601567730992 ], [ -159.77377682046918, -21.209681388617323 ], [ -159.773776665472781, -21.2098498542966 ], [ -159.773722472741099, -21.210076739912882 ], [ -159.773723734170375, -21.210181606960688 ], [ -159.773701385688071, -21.210375285980174 ], [ -159.773750582470768, -21.210531331018458 ], [ -159.773882924956695, -21.210741373526453 ], [ -159.773960760841192, -21.211087521645648 ], [ -159.773966326300183, -21.211438878762134 ], [ -159.774100950932223, -21.211553070757695 ], [ -159.774452104233461, -21.211871318175707 ], [ -159.775146128153324, -21.212259622692816 ], [ -159.775701281903963, -21.211568761160859 ], [ -159.776060596817047, -21.211152587290783 ] ] ] ] } },
{ "type": "Feature", "properties": { "eaid": "0403", "ea_name": "tutakimoa-teotue", "cdid": "04", "gid": "1" }, "geometry": { "type": "MultiPolygon", "coordinates": [ [ [ [ -159.780946647895092, -21.211528867303365 ], [ -159.781490306521675, -21.211723993364711 ], [ -159.781800198588428, -21.211339922762427 ], [ -159.781742637623182, -21.210879508273948 ], [ -159.781695272085045, -21.210499439890629 ], [ -159.781671218125041, -21.21030678784474 ], [ -159.781583800243794, -21.209607589579495 ], [ -159.781650201460195, -21.208925203279485 ], [ -159.781728583234326, -21.208360641629863 ], [ -159.781775655823225, -21.208172086457751 ], [ -159.781812693474848, -21.208024135730152 ], [ -159.782031706942348, -21.207582764787642 ], [ -159.780607819140215, -21.207816915609286 ], [ -159.77794244437095, -21.208415159330062 ], [ -159.778097629625137, -21.20895082209719 ], [ -159.778112972311845, -21.209134572308507 ], [ -159.778186372053028, -21.209329888189536 ], [ -159.778487768851136, -21.209612947243293 ], [ -159.77862994233891, -21.209772536627092 ], [ -159.778910158025695, -21.209561408623728 ], [ -159.7790414353058, -21.209476344857496 ], [ -159.779119799249088, -21.210360130016372 ], [ -159.779372067667992, -21.210642253596514 ], [ -159.77938397489433, -21.210967913461324 ], [ -159.779994120563515, -21.211524688403468 ], [ -159.780946647895092, -21.211528867303365 ] ] ] ] } },
{ "type": "Feature", "properties": { "eaid": "0502", "ea_name": "ruatonga", "cdid": "05", "gid": "1" }, "geometry": { "type": "MultiPolygon", "coordinates": [ [ [ [ -159.784683567909752, -21.20835506765297 ], [ -159.785214302370008, -21.209608181908166 ], [ -159.785601889801569, -21.209721639856223 ], [ -159.785207388541323, -21.209938368595594 ], [ -159.784806541888173, -21.210052059895773 ], [ -159.783991049256144, -21.209983493729148 ], [ -159.783332130618277, -21.209715833630661 ], [ -159.783433383708967, -21.209587366914196 ], [ -159.783483873733076, -21.209429507546922 ], [ -159.783509663670003, -21.209303287788185 ], [ -159.783379587958649, -21.209269204651221 ], [ -159.783202232911378, -21.209097949362427 ], [ -159.783166555332542, -21.209081765158544 ], [ -159.782982277547831, -21.209300133301141 ], [ -159.7828140960344, -21.209196130618299 ], [ -159.782840808380826, -21.208958439935273 ], [ -159.782667163079083, -21.208933139505966 ], [ -159.782530754125929, -21.208888155167376 ], [ -159.782299941189478, -21.208643076289075 ], [ -159.782018125887674, -21.208594429183304 ], [ -159.781728583234326, -21.208360641629863 ], [ -159.781650201460195, -21.208925203279485 ], [ -159.781583800243794, -21.209607589579495 ], [ -159.781671218125041, -21.21030678784474 ], [ -159.781695272085045, -21.210499439890629 ], [ -159.781923631067002, -21.210534604857429 ], [ -159.782166301959961, -21.210767976694694 ], [ -159.782205711000046, -21.210828856965588 ], [ -159.78221524340168, -21.21110007258612 ], [ -159.782309809097171, -21.211164671829767 ], [ -159.782558840200011, -21.210720180343255 ], [ -159.782698562390777, -21.21054935185624 ], [ -159.783413730627842, -21.211193066406654 ], [ -159.783279984804608, -21.211593124202079 ], [ -159.783183206424553, -21.211847218516358 ], [ -159.783486251373034, -21.211988172132202 ], [ -159.783674148174555, -21.212033548965422 ], [ -159.782929219360312, -21.213265305894616 ], [ -159.783352800201584, -21.2139801063216 ], [ -159.783603257960408, -21.213971266168805 ], [ -159.78504089160225, -21.213519444383568 ], [ -159.785016974204467, -21.214164960001632 ], [ -159.78521639573259, -21.214390850135231 ], [ -159.785423135922798, -21.214588342502413 ], [ -159.785756165339365, -21.214478668608244 ], [ -159.785828587923191, -21.213751450041894 ], [ -159.786288813883743, -21.213776858042326 ], [ -159.786742773547047, -21.213609259852479 ], [ -159.787105185328528, -21.213392677005601 ], [ -159.787528601993984, -21.213203991692165 ], [ -159.787876763636376, -21.213087197444434 ], [ -159.788118588702162, -21.21296412412708 ], [ -159.788353172205717, -21.212883810123888 ], [ -159.788625923244552, -21.212824544975245 ], [ -159.788790602948552, -21.212566969094421 ], [ -159.788835225288125, -21.211634560441883 ], [ -159.788643043269786, -21.211365914901233 ], [ -159.788677467624183, -21.210981402152207 ], [ -159.788045392626856, -21.210759161520695 ], [ -159.787896577202531, -21.210248229571512 ], [ -159.787613083804104, -21.209958961936092 ], [ -159.787284594207506, -21.209753910017454 ], [ -159.786764194325286, -21.209210202864814 ], [ -159.786720546995497, -21.209159370007406 ], [ -159.786678550363376, -21.209075197846968 ], [ -159.786677846495422, -21.208942326366166 ], [ -159.786652749791841, -21.208763952084617 ], [ -159.786544492781843, -21.208589397637983 ], [ -159.786311426385311, -21.208369988486613 ], [ -159.786029813519406, -21.208134545617852 ], [ -159.785634477846486, -21.207742096523383 ], [ -159.784683567909752, -21.20835506765297 ] ] ] ] } },
{ "type": "Feature", "properties": { "eaid": "0306", "ea_name": "takuvaine", "cdid": "03", "gid": "1" }, "geometry": { "type": "MultiPolygon", "coordinates": [ [ [ [ -159.774317405255005, -21.215170595655916 ], [ -159.776347485110165, -21.215012139221308 ], [ -159.776535118195568, -21.214839650052891 ], [ -159.77688824977119, -21.214652849833826 ], [ -159.776959459797268, -21.214444673665255 ], [ -159.777101965781043, -21.214060026548257 ], [ -159.777161858132217, -21.213951355321193 ], [ -159.776624448252136, -21.213538853541777 ], [ -159.776352534182564, -21.213288445522913 ], [ -159.776192143915949, -21.212942316952343 ], [ -159.776599973786261, -21.212064695636737 ], [ -159.777270081414201, -21.211616648555456 ], [ -159.777327898152294, -21.211415218252291 ], [ -159.777022103522938, -21.211400366265845 ], [ -159.776743284307656, -21.211378434261345 ], [ -159.776385459713197, -21.211334824604865 ], [ -159.776134257251726, -21.211200484812224 ], [ -159.776060596817047, -21.211152587290783 ], [ -159.775701281903963, -21.211568761160859 ], [ -159.775146128153324, -21.212259622692816 ], [ -159.774452104233461, -21.211871318175707 ], [ -159.774100950932223, -21.211553070757695 ], [ -159.773966326300183, -21.211438878762134 ], [ -159.773441344729349, -21.211532878433385 ], [ -159.773118321187809, -21.211428671845844 ], [ -159.772882841946995, -21.211414484041867 ], [ -159.772784650410358, -21.211598935102391 ], [ -159.772694122075734, -21.21203464837069 ], [ -159.772530855711523, -21.212340167906039 ], [ -159.772461007006825, -21.212490344476095 ], [ -159.773092950675903, -21.212720593447475 ], [ -159.773042741634953, -21.212782157195544 ], [ -159.772971170869312, -21.212967751095441 ], [ -159.772959765362316, -21.21303555059643 ], [ -159.772980461546695, -21.213256763668412 ], [ -159.772932975222147, -21.21338353297822 ], [ -159.772860545061206, -21.213465161258672 ], [ -159.773059337494715, -21.213909576732185 ], [ -159.773147104974981, -21.21399643337746 ], [ -159.773438594961107, -21.213948578630262 ], [ -159.773535689620246, -21.213797463906136 ], [ -159.773785069641264, -21.213901826363514 ], [ -159.773703272943408, -21.214198482599475 ], [ -159.773555177360265, -21.214594714883255 ], [ -159.774317405255005, -21.215170595655916 ] ] ] ] } },
{ "type": "Feature", "properties": { "eaid": "1202", "ea_name": "matavera central", "cdid": "12", "gid": "1" }, "geometry": { "type": "MultiPolygon", "coordinates": [ [ [ [ -159.732629641033753, -21.226800760577326 ], [ -159.732991795320601, -21.226074467951221 ], [ -159.733107621071582, -21.225700087583693 ], [ -159.73457185024219, -21.226044393726994 ], [ -159.73526220465132, -21.226395556356824 ], [ -159.735654072626232, -21.226612654112653 ], [ -159.735982337192979, -21.226734466213362 ], [ -159.736396583106938, -21.226835256952224 ], [ -159.737577075985314, -21.226578294752663 ], [ -159.737576224281781, -21.22641327813027 ], [ -159.737537964996221, -21.225973537598222 ], [ -159.737521469135032, -21.22575600439276 ], [ -159.737461038492313, -21.225507408927061 ], [ -159.737332186200319, -21.224968971927275 ], [ -159.737357112467265, -21.224804462167508 ], [ -159.737224819983169, -21.22449185675163 ], [ -159.736556679967151, -21.224524633100739 ], [ -159.736526082883501, -21.224526134074416 ], [ -159.735665985466824, -21.224411742039639 ], [ -159.735858118919907, -21.223495254807656 ], [ -159.735438348616924, -21.223397450114373 ], [ -159.735129981566615, -21.223300965814072 ], [ -159.734927479337102, -21.223274748580181 ], [ -159.734656134471038, -21.222968716781647 ], [ -159.73457879647853, -21.222914855243712 ], [ -159.734318532322504, -21.222888888627569 ], [ -159.733753608493316, -21.222792704708738 ], [ -159.733680570909996, -21.222980502140103 ], [ -159.7333094001566, -21.222896917015039 ], [ -159.733091859012006, -21.22283236476401 ], [ -159.732522627338284, -21.22272570030114 ], [ -159.732465219154847, -21.223017150952796 ], [ -159.732389694649754, -21.223393082905428 ], [ -159.73224737308982, -21.22364959367707 ], [ -159.732185016644138, -21.223787272792837 ], [ -159.732145836393585, -21.223969232853364 ], [ -159.732169722481444, -21.224160947748459 ], [ -159.73226670000156, -21.224469409252457 ], [ -159.732265007330653, -21.224649176471377 ], [ -159.73224781910838, -21.224831170523998 ], [ -159.732211712979478, -21.224984127332643 ], [ -159.732137157028433, -21.225089823803117 ], [ -159.732093209742288, -21.22523507864193 ], [ -159.73210577764425, -21.225369775948977 ], [ -159.732268356013151, -21.225472853819142 ], [ -159.732387566073498, -21.225554183349153 ], [ -159.732472928760131, -21.225619002155735 ], [ -159.732444656496142, -21.225665305562174 ], [ -159.732178619778722, -21.22552639735872 ], [ -159.732060169512835, -21.225508731523359 ], [ -159.73200583823197, -21.225573173582806 ], [ -159.731997549766589, -21.225672784158036 ], [ -159.731961609936917, -21.225981848836273 ], [ -159.731880553743906, -21.226375747748488 ], [ -159.731841440851355, -21.226636109363039 ], [ -159.731797816758586, -21.226784145483737 ], [ -159.732629641033753, -21.226800760577326 ] ] ] ] } },
{ "type": "Feature", "properties": { "eaid": "1001", "ea_name": "vaimaanga", "cdid": "10", "gid": "1" }, "geometry": { "type": "MultiPolygon", "coordinates": [ [ [ [ -159.801260147375871, -21.260304054289634 ], [ -159.800411109262569, -21.25878631913719 ], [ -159.799469879762199, -21.258236528273926 ], [ -159.798773088682623, -21.257578624483067 ], [ -159.798431605203007, -21.257256232693777 ], [ -159.797487297636138, -21.256397249058455 ], [ -159.797321245891141, -21.256036448021487 ], [ -159.797021962206344, -21.25571285992865 ], [ -159.796801121936369, -21.255449059561371 ], [ -159.796553993314518, -21.255202997223645 ], [ -159.795898536113953, -21.255074212727905 ], [ -159.791017972790598, -21.257384042055715 ], [ -159.790463014692676, -21.257499702486161 ], [ -159.790332488195475, -21.257526905879686 ], [ -159.788671034862887, -21.25799057777105 ], [ -159.788067009363232, -21.257910209701553 ], [ -159.787952622457937, -21.257845707540707 ], [ -159.788185461223264, -21.259828876081432 ], [ -159.787761336222729, -21.261791539706479 ], [ -159.787820785572364, -21.262658419918949 ], [ -159.787826702634192, -21.262859374199255 ], [ -159.787831639976702, -21.263025556405029 ], [ -159.787927410047018, -21.263205134303298 ], [ -159.788254961851834, -21.263211099926572 ], [ -159.788438983845793, -21.264277565904255 ], [ -159.788564073242952, -21.264753917396462 ], [ -159.788637600945862, -21.264960852704164 ], [ -159.788859063552877, -21.265009173036226 ], [ -159.789044387973576, -21.26490718453158 ], [ -159.789129973987798, -21.26499723561837 ], [ -159.789261058829283, -21.264929146777515 ], [ -159.789325409337636, -21.264842088861482 ], [ -159.789401101692505, -21.264864862621181 ], [ -159.789455881989397, -21.264896911511727 ], [ -159.789591683158847, -21.264892752771139 ], [ -159.789838000826734, -21.264816889567332 ], [ -159.790061469380106, -21.264806053106668 ], [ -159.790209663260981, -21.26475233865888 ], [ -159.790269348176764, -21.264788035042166 ], [ -159.790336700826174, -21.264708841460617 ], [ -159.790389061987185, -21.264753575769809 ], [ -159.790512318276683, -21.26473047939248 ], [ -159.790574898749185, -21.264682663977823 ], [ -159.790625024058187, -21.264706020579005 ], [ -159.790682850472336, -21.264715790214233 ], [ -159.790778276378745, -21.264607943722595 ], [ -159.790788263241069, -21.264663572906166 ], [ -159.79084022821155, -21.264657010663484 ], [ -159.790849571872883, -21.264613013450244 ], [ -159.790944902763556, -21.264629975014024 ], [ -159.790969553193349, -21.264596258381172 ], [ -159.791000513619053, -21.26460416059599 ], [ -159.791021394317596, -21.264647927067898 ], [ -159.791073850114316, -21.264637952578113 ], [ -159.791053810260792, -21.264569157719944 ], [ -159.791136195281467, -21.264530058697154 ], [ -159.79122184662927, -21.264548595117329 ], [ -159.791301732695018, -21.264570081620263 ], [ -159.791539504218321, -21.264534774071695 ], [ -159.79170987935484, -21.264490658073381 ], [ -159.791723638564832, -21.264464571724584 ], [ -159.791760963047977, -21.264517577004302 ], [ -159.791943615762051, -21.264496340945001 ], [ -159.791997690723889, -21.264399167374908 ], [ -159.792193766734329, -21.264338033544078 ], [ -159.792231614604958, -21.264381233902999 ], [ -159.792268592850093, -21.264386739810675 ], [ -159.792303678067327, -21.264344096040467 ], [ -159.792370060871377, -21.264318632173957 ], [ -159.792417061942018, -21.264366070567789 ], [ -159.792636767097264, -21.264353485401948 ], [ -159.792715679661001, -21.264243646375771 ], [ -159.792734704537395, -21.264247572881676 ], [ -159.792806296716009, -21.264320934436185 ], [ -159.792903759182224, -21.264295827079852 ], [ -159.792970783798069, -21.264313590004313 ], [ -159.793005914481398, -21.264271170597826 ], [ -159.793302215461949, -21.264233250230166 ], [ -159.793374054360783, -21.264175056598638 ], [ -159.793406736205782, -21.264214621046417 ], [ -159.7935885700293, -21.264173105869048 ], [ -159.793648837988115, -21.264115838295233 ], [ -159.793701165763309, -21.264171485105482 ], [ -159.793773824718699, -21.26411913019491 ], [ -159.793927432412119, -21.264133659983127 ], [ -159.794117837946999, -21.264076382785841 ], [ -159.79439175200244, -21.263991344892897 ], [ -159.79443275705674, -21.264024297300519 ], [ -159.794627809432029, -21.263940941267816 ], [ -159.794702710476713, -21.263916905249168 ], [ -159.794800251185649, -21.263846884240515 ], [ -159.794958057003981, -21.263771222148371 ], [ -159.795106845177401, -21.263694407772277 ], [ -159.795179808883859, -21.263613178357833 ], [ -159.795200793234358, -21.263492616423527 ], [ -159.795191210179979, -21.263332565237775 ], [ -159.795263586240566, -21.263415297255023 ], [ -159.795357396951658, -21.263404851353197 ], [ -159.795443294598215, -21.263383055626154 ], [ -159.795548575327956, -21.263306561363631 ], [ -159.795710820308301, -21.263225791930758 ], [ -159.79586054042835, -21.263118109355094 ], [ -159.796110767294067, -21.26299276747946 ], [ -159.796376894230633, -21.262859183857458 ], [ -159.796528199135849, -21.262829927317984 ], [ -159.796835340326709, -21.262707003838027 ], [ -159.797041332543216, -21.2626187420056 ], [ -159.797384804427139, -21.262457809119567 ], [ -159.7977577455664, -21.262252573797465 ], [ -159.797925441774908, -21.262167499937732 ], [ -159.798131168296379, -21.262061600364138 ], [ -159.798191473325033, -21.261961788720658 ], [ -159.79808636488869, -21.261801617030173 ], [ -159.797940558831044, -21.261735301526592 ], [ -159.797924118564964, -21.261681451206631 ], [ -159.798199710646429, -21.261774879761393 ], [ -159.798480904206343, -21.261770537214414 ], [ -159.798637834944657, -21.261692478443329 ], [ -159.798694537045861, -21.261648944134308 ], [ -159.798743352092458, -21.261555799875619 ], [ -159.798912304346601, -21.261475054366358 ], [ -159.799091666622246, -21.261333661878801 ], [ -159.799236735759365, -21.261217351594134 ], [ -159.799410296649626, -21.261128909472429 ], [ -159.79966996006371, -21.261070763850714 ], [ -159.799781550709525, -21.260995800477783 ], [ -159.800359356816585, -21.26075434595375 ], [ -159.800512339483959, -21.260645868177285 ], [ -159.800654290477439, -21.260629595691817 ], [ -159.800704545528959, -21.260543197682175 ], [ -159.800862816135975, -21.260527280311237 ], [ -159.801223402208223, -21.260381906033473 ], [ -159.801260147375871, -21.260304054289634 ] ] ] ] } },
{ "type": "Feature", "properties": { "eaid": "1003", "ea_name": "turoa", "cdid": "10", "gid": "1" }, "geometry": { "type": "MultiPolygon", "coordinates": [ [ [ [ -159.774790410671358, -21.266159272712894 ], [ -159.774486049353214, -21.264179944205409 ], [ -159.774366316365558, -21.26389848675915 ], [ -159.773320678309346, -21.262230752760381 ], [ -159.773071388074413, -21.261703232717412 ], [ -159.773016068493519, -21.261586171366979 ], [ -159.772835527074392, -21.26120412837577 ], [ -159.772326038204, -21.261269965192138 ], [ -159.77168829838493, -21.261340091221104 ], [ -159.771495384599945, -21.261413703577663 ], [ -159.771449039128129, -21.261431388152886 ], [ -159.770021911894929, -21.261975952480558 ], [ -159.769466548672938, -21.261886353008347 ], [ -159.768829001018617, -21.261106378616887 ], [ -159.767096267910176, -21.260703817143547 ], [ -159.766396684024159, -21.260541245274766 ], [ -159.766667764019701, -21.261798570803684 ], [ -159.765797906221621, -21.26510297743819 ], [ -159.765935114531572, -21.265662034109514 ], [ -159.766512832220542, -21.267227161994505 ], [ -159.767036392627858, -21.268047317677407 ], [ -159.767277788827215, -21.268339637542166 ], [ -159.768992124794181, -21.267376838105061 ], [ -159.769243510867994, -21.267327654094057 ], [ -159.769908169876771, -21.267269131744495 ], [ -159.770660021039134, -21.266996042884969 ], [ -159.770830426345526, -21.26711102006713 ], [ -159.770903143590886, -21.267002077688986 ], [ -159.771258363775132, -21.267033973588816 ], [ -159.771433383070644, -21.266904889229043 ], [ -159.771456198976267, -21.266741803770053 ], [ -159.771329290951314, -21.266628918848145 ], [ -159.771403253812338, -21.266618079290783 ], [ -159.771607119236876, -21.266779925367132 ], [ -159.771709530147575, -21.266960266473486 ], [ -159.771972369557261, -21.266974199418115 ], [ -159.772204833167478, -21.266954531543703 ], [ -159.772474297833213, -21.266906076106398 ], [ -159.773299855176361, -21.266599518990922 ], [ -159.774229031623292, -21.266455734506934 ], [ -159.774790410671358, -21.266159272712894 ] ] ] ] } },
{ "type": "Feature", "properties": { "eaid": "1004", "ea_name": "arakuo\/papaaroa", "cdid": "10", "gid": "1" }, "geometry": { "type": "MultiPolygon", "coordinates": [ [ [ [ -159.765935114531572, -21.265662034109514 ], [ -159.764551281680042, -21.266298816561189 ], [ -159.764068800654542, -21.265210910810598 ], [ -159.76376289365021, -21.264764264072092 ], [ -159.762455000086561, -21.264143120112614 ], [ -159.761263383181301, -21.264602592698957 ], [ -159.760575598945223, -21.263815316093016 ], [ -159.760442831443726, -21.263869119222434 ], [ -159.76068431584784, -21.265701549257411 ], [ -159.763715179928795, -21.270639544821563 ], [ -159.763868654761836, -21.270412664912346 ], [ -159.764008781466373, -21.270380203606233 ], [ -159.764111738815899, -21.270312024008874 ], [ -159.764274733772311, -21.270226912561228 ], [ -159.764343338708841, -21.27022306361226 ], [ -159.764370239201043, -21.270106640992093 ], [ -159.764521120922467, -21.270085347449527 ], [ -159.764706683546677, -21.270090400564907 ], [ -159.765238815506706, -21.26971847648629 ], [ -159.765726155101163, -21.269421421971266 ], [ -159.766212713376632, -21.269115824583004 ], [ -159.767277788827215, -21.268339637542166 ], [ -159.767036392627858, -21.268047317677407 ], [ -159.766512832220542, -21.267227161994505 ], [ -159.765935114531572, -21.265662034109514 ] ] ] ] } },
{ "type": "Feature", "properties": { "eaid": "1005", "ea_name": "kauare", "cdid": "10", "gid": "1" }, "geometry": { "type": "MultiPolygon", "coordinates": [ [ [ [ -159.76068431584784, -21.265701549257411 ], [ -159.760442831443726, -21.263869119222434 ], [ -159.760119049692975, -21.264071562760442 ], [ -159.759836618049405, -21.263596981135773 ], [ -159.759447521703692, -21.26443780470882 ], [ -159.758662188452007, -21.264666262100938 ], [ -159.758679432112814, -21.265270668807862 ], [ -159.75845554337252, -21.265394614908526 ], [ -159.758077156410479, -21.265442204809386 ], [ -159.757703549066122, -21.265367737345045 ], [ -159.757580023690792, -21.26545753815082 ], [ -159.757084749044822, -21.265012452625434 ], [ -159.757149273517172, -21.265616466549695 ], [ -159.757211454925056, -21.265948689728759 ], [ -159.757370521829614, -21.266600648950003 ], [ -159.757646024507068, -21.267179884597617 ], [ -159.758555392450091, -21.268607493672601 ], [ -159.759568359856758, -21.270331476881594 ], [ -159.759825133772011, -21.270924152418701 ], [ -159.759927703680489, -21.271175130545558 ], [ -159.760487445742285, -21.271062195141493 ], [ -159.760834066377072, -21.272017401333418 ], [ -159.761621619612555, -21.27189794094021 ], [ -159.761662942299836, -21.271791571347535 ], [ -159.76179561151082, -21.271785089934959 ], [ -159.761890830408959, -21.27180196780305 ], [ -159.762039287798501, -21.271716064109416 ], [ -159.762323010851759, -21.271505386891608 ], [ -159.762389782392745, -21.27156191745156 ], [ -159.76291812130512, -21.271203608800221 ], [ -159.76325730211218, -21.270985340751519 ], [ -159.763457698289926, -21.27082690094754 ], [ -159.763641664058127, -21.27078610365 ], [ -159.763715179928795, -21.270639544821563 ], [ -159.76068431584784, -21.265701549257411 ] ] ] ] } },
{ "type": "Feature", "properties": { "eaid": "1008", "ea_name": "akapuao", "cdid": "10", "gid": "1" }, "geometry": { "type": "MultiPolygon", "coordinates": [ [ [ [ -159.752637922776955, -21.269954604331236 ], [ -159.752303528827383, -21.269809583344461 ], [ -159.751878362660165, -21.269694504487674 ], [ -159.750813539541639, -21.269406223930527 ], [ -159.750563903655234, -21.269314116097654 ], [ -159.750313368495114, -21.269044514455398 ], [ -159.750014575025858, -21.268787592690003 ], [ -159.749993508886178, -21.268786783161975 ], [ -159.749930848608443, -21.268529713322298 ], [ -159.750010022336767, -21.266963228015005 ], [ -159.750885128247688, -21.26564070071538 ], [ -159.750847136426643, -21.265217224571686 ], [ -159.750230258606138, -21.265222410821043 ], [ -159.749418834748326, -21.265450399743422 ], [ -159.749350422930888, -21.265328397765224 ], [ -159.748863481761504, -21.26526904787703 ], [ -159.747967925168837, -21.264969337102837 ], [ -159.747176474144595, -21.264903294201588 ], [ -159.746646629713638, -21.265499636026011 ], [ -159.746540126092668, -21.266033360180089 ], [ -159.746357168571876, -21.266712845360857 ], [ -159.746063162775272, -21.267267345079762 ], [ -159.745812682270895, -21.268203697187243 ], [ -159.74546487882418, -21.269659042216652 ], [ -159.745075228344263, -21.270397040143703 ], [ -159.744753878925536, -21.271081697253155 ], [ -159.744784820209105, -21.271454772988186 ], [ -159.745170145984275, -21.271573892005502 ], [ -159.745468772652629, -21.2716055914556 ], [ -159.745667724864489, -21.271642239298636 ], [ -159.746015650109769, -21.271712091491654 ], [ -159.746037948637053, -21.271756622518591 ], [ -159.746255327159304, -21.271777722925034 ], [ -159.746555156374342, -21.271829033189597 ], [ -159.746622822855755, -21.271880027044922 ], [ -159.746732858532852, -21.271823248553275 ], [ -159.746763033277887, -21.271884009392817 ], [ -159.746864784884622, -21.271897482607866 ], [ -159.747207594805303, -21.271763092974357 ], [ -159.747205632468535, -21.271671582401794 ], [ -159.747275559523416, -21.27167223799637 ], [ -159.747300133227498, -21.271737911397803 ], [ -159.747314574821303, -21.27191828596079 ], [ -159.747419993455736, -21.271947205797659 ], [ -159.747526260165358, -21.271997456299857 ], [ -159.747908719542608, -21.272043580771523 ], [ -159.747926247569211, -21.272093937877653 ], [ -159.748358359795958, -21.272121240011582 ], [ -159.748537729033245, -21.272118712715088 ], [ -159.748560766914267, -21.272194380747766 ], [ -159.748697896172843, -21.272192383049688 ], [ -159.748766121001523, -21.272158922506812 ], [ -159.748844186259902, -21.27220151367602 ], [ -159.748913379590761, -21.272184810843626 ], [ -159.749014395648516, -21.272223131442857 ], [ -159.749039501893094, -21.272268088159478 ], [ -159.749109676927503, -21.272281026298138 ], [ -159.749134625201719, -21.272257236858465 ], [ -159.749222925590658, -21.272260142272778 ], [ -159.74936187331582, -21.272313695464181 ], [ -159.74939199006414, -21.272285693430401 ], [ -159.749483344231436, -21.272291553158219 ], [ -159.749548243913978, -21.27231703066273 ], [ -159.74984781441853, -21.272337452869721 ], [ -159.749908892298492, -21.27231689633339 ], [ -159.750089470615222, -21.272346428140093 ], [ -159.750223481654615, -21.272366385487921 ], [ -159.750376080393949, -21.272432740986659 ], [ -159.750461711165883, -21.272403314410202 ], [ -159.750574311504948, -21.272483224689054 ], [ -159.750675836911256, -21.272488753740348 ], [ -159.750729536362059, -21.272557651027061 ], [ -159.750924475654557, -21.272620632170671 ], [ -159.750983875090753, -21.27258354226413 ], [ -159.750965868523338, -21.272462860733871 ], [ -159.751007948724634, -21.272445982810403 ], [ -159.751045857877727, -21.272506680712837 ], [ -159.751212264968387, -21.272534413919292 ], [ -159.751251769892974, -21.272610287531066 ], [ -159.751632736051533, -21.272698950466822 ], [ -159.751965990660324, -21.272649430220458 ], [ -159.752326133562661, -21.272723671110327 ], [ -159.752395640643613, -21.272626771181521 ], [ -159.752464558257884, -21.272696139699324 ], [ -159.752567664584177, -21.272712295490876 ], [ -159.752572213404846, -21.272460003835093 ], [ -159.752507544969149, -21.271355744537029 ], [ -159.752511307043392, -21.270845005142181 ], [ -159.752562499010367, -21.270486710623775 ], [ -159.752604838819707, -21.270341452433421 ], [ -159.752637922776955, -21.269954604331236 ] ] ] ] } },
{ "type": "Feature", "properties": { "eaid": "1009", "ea_name": "tikioki", "cdid": "10", "gid": "1" }, "geometry": { "type": "MultiPolygon", "coordinates": [ [ [ [ -159.746540126092668, -21.266033360180089 ], [ -159.746646629713638, -21.265499636026011 ], [ -159.745930247215739, -21.26515134986694 ], [ -159.745359980431459, -21.265258745728733 ], [ -159.743010587083234, -21.265473265490343 ], [ -159.743082595726008, -21.265204397987407 ], [ -159.743100250471542, -21.264889792345592 ], [ -159.74320311957166, -21.264688987582627 ], [ -159.743221888587982, -21.264469765104288 ], [ -159.743134620459472, -21.264279283406495 ], [ -159.742172539262839, -21.263785445246974 ], [ -159.74173040525838, -21.263292656095491 ], [ -159.741472928344024, -21.263552041616443 ], [ -159.741055810261514, -21.264055386622921 ], [ -159.741320072617583, -21.264221712739971 ], [ -159.740502437337028, -21.265462935096821 ], [ -159.740201119323842, -21.266091835020386 ], [ -159.73998659117234, -21.266428544078163 ], [ -159.73952959195239, -21.267097024081856 ], [ -159.739138503108933, -21.267657859971642 ], [ -159.738886907192665, -21.268217525268501 ], [ -159.738748645326552, -21.268429693055694 ], [ -159.738507659979035, -21.268763405199291 ], [ -159.738719301695482, -21.268896420139718 ], [ -159.738830486241767, -21.268998457682006 ], [ -159.73885128708767, -21.269017605425621 ], [ -159.738989481209302, -21.269078377462471 ], [ -159.739068349834355, -21.269082029758032 ], [ -159.739112638635504, -21.269114759995738 ], [ -159.739202608382385, -21.269183186961623 ], [ -159.739214376482636, -21.269208826953562 ], [ -159.739393943515864, -21.269299795735531 ], [ -159.739408452730487, -21.269331542405538 ], [ -159.739442178808616, -21.269335001876705 ], [ -159.739441355813142, -21.269296001434835 ], [ -159.739468575734492, -21.269293958944832 ], [ -159.739520633764613, -21.269325020876106 ], [ -159.739659122783337, -21.269404759718551 ], [ -159.739670580882944, -21.269443193343303 ], [ -159.739717900563534, -21.269450959144287 ], [ -159.73972742440111, -21.269412614779171 ], [ -159.739767664645342, -21.269448582274073 ], [ -159.740037706382878, -21.269547172228187 ], [ -159.740074553693006, -21.26957212163779 ], [ -159.740149943891851, -21.269576503840636 ], [ -159.740296878803861, -21.269625399155156 ], [ -159.740320870052642, -21.269611556921049 ], [ -159.740321124203177, -21.269662157390989 ], [ -159.740471300862254, -21.26972302993601 ], [ -159.740615244091714, -21.269798090892355 ], [ -159.740637663808911, -21.269851813891066 ], [ -159.740669960353472, -21.269845698425097 ], [ -159.740683945097459, -21.269832648018152 ], [ -159.741150353821496, -21.270067254921489 ], [ -159.741172678898039, -21.270127031378934 ], [ -159.74119743664221, -21.270152545442699 ], [ -159.741253379298229, -21.270145579150075 ], [ -159.741300978508093, -21.270171498650129 ], [ -159.741362294820675, -21.270187723517665 ], [ -159.741402739711987, -21.270217565589306 ], [ -159.741457019263123, -21.270191135377569 ], [ -159.741538973373224, -21.270224308557466 ], [ -159.741642237334702, -21.270259186348838 ], [ -159.741705424196795, -21.270262979706164 ], [ -159.741718886804534, -21.270315327070684 ], [ -159.741809308600295, -21.270346625841551 ], [ -159.741925778636329, -21.270324499071673 ], [ -159.741974414759312, -21.270399229721782 ], [ -159.742212409970932, -21.270488187060945 ], [ -159.742425132585481, -21.270535663237542 ], [ -159.742461863745149, -21.270606380944763 ], [ -159.742593109664256, -21.270657959295711 ], [ -159.742707808674652, -21.270647034424524 ], [ -159.742858150667388, -21.270728727764784 ], [ -159.743019030014437, -21.270740074301919 ], [ -159.74316188617334, -21.27080551212623 ], [ -159.743213711682699, -21.270791013420808 ], [ -159.743326461713792, -21.270813646038356 ], [ -159.743349151846502, -21.270905660568932 ], [ -159.743565038634927, -21.270977708566715 ], [ -159.743648832779797, -21.270952469389123 ], [ -159.743773731451142, -21.271004725964772 ], [ -159.74388222551039, -21.271054660826419 ], [ -159.744236408205296, -21.271217692174346 ], [ -159.744321790025509, -21.271246276639886 ], [ -159.744379477743081, -21.271233311936822 ], [ -159.744385111318763, -21.271287520470231 ], [ -159.744439103040406, -21.271308779456675 ], [ -159.744475062268265, -21.271328718682078 ], [ -159.7445927288299, -21.271372528173167 ], [ -159.744784820209105, -21.271454772988186 ], [ -159.744753878925536, -21.271081697253155 ], [ -159.745075228344263, -21.270397040143703 ], [ -159.74546487882418, -21.269659042216652 ], [ -159.745812682270895, -21.268203697187243 ], [ -159.746063162775272, -21.267267345079762 ], [ -159.746357168571876, -21.266712845360857 ], [ -159.746540126092668, -21.266033360180089 ] ] ] ] } },
{ "type": "Feature", "properties": { "eaid": "3401", "ea_name": "palmerston", "cdid": "34", "gid": "3" }, "geometry": { "type": "MultiPolygon", "coordinates": [ [ [ [ -163.124984202496933, -18.036534581343879 ], [ -163.124837697222347, -18.036496409008233 ], [ -163.124717975895209, -18.036419970380777 ], [ -163.124518297223773, -18.036381941381951 ], [ -163.124385138954921, -18.036292713716346 ], [ -163.124212229835962, -18.036152482685058 ], [ -163.124132404932197, -18.036063288256788 ], [ -163.124065861562912, -18.035910235049663 ], [ -163.124012743166759, -18.035782776098618 ], [ -163.123986198101761, -18.035591354949148 ], [ -163.123986279733231, -18.035438231784791 ], [ -163.123999683887604, -18.035259664642549 ], [ -163.123866696479269, -18.03508106683293 ], [ -163.123800223539973, -18.034864346573933 ], [ -163.123707144619004, -18.034736838797592 ], [ -163.123707095701178, -18.034634758860982 ], [ -163.123707269828316, -18.034468918637195 ], [ -163.12370736418265, -18.034302989937608 ], [ -163.123614200083665, -18.034111818510919 ], [ -163.123534481159709, -18.033920450160835 ], [ -163.12353447351137, -18.033780134033488 ], [ -163.123521288853794, -18.033601503195595 ], [ -163.123561407769841, -18.033448336872585 ], [ -163.123654541349396, -18.0334482424622 ], [ -163.123694446813573, -18.033499242671532 ], [ -163.123760937460901, -18.033626777128486 ], [ -163.123827440486139, -18.033741506069561 ], [ -163.123907222921929, -18.033945587932518 ], [ -163.123933752906964, -18.034149724521846 ], [ -163.123986882768378, -18.034341029044089 ], [ -163.124080041320582, -18.034391974280581 ], [ -163.12421312012853, -18.034481204149909 ], [ -163.124266425990157, -18.034430107657009 ], [ -163.124266468819997, -18.034315310791623 ], [ -163.124266521790815, -18.034187618327188 ], [ -163.124359751748955, -18.034098335911036 ], [ -163.124373123018728, -18.034021670079596 ], [ -163.124373206716399, -18.033868637097264 ], [ -163.124306729877134, -18.033728387629115 ], [ -163.124253667466718, -18.033396675411339 ], [ -163.124187190974283, -18.03325642584181 ], [ -163.124174007939587, -18.033001234416325 ], [ -163.124094348958124, -18.03260579330437 ], [ -163.124014501697729, -18.032465558508335 ], [ -163.123921380956006, -18.032452847515962 ], [ -163.123854716200697, -18.032567804173901 ], [ -163.123868003145958, -18.032720822346363 ], [ -163.123921068839138, -18.032899413328572 ], [ -163.124000928482616, -18.033103493561924 ], [ -163.124014048027107, -18.033269320472154 ], [ -163.124000619078032, -18.033473498549075 ], [ -163.123920777113483, -18.033473489725115 ], [ -163.123854274174164, -18.033358760805804 ], [ -163.123774438888461, -18.033205720474943 ], [ -163.123641457887317, -18.0330273023887 ], [ -163.123561688685498, -18.032810414778456 ], [ -163.123628331506239, -18.032644508318935 ], [ -163.123601865774333, -18.032453085232582 ], [ -163.123615260895036, -18.032210762716385 ], [ -163.123548865707335, -18.031993950251309 ], [ -163.1233891388502, -18.031892032195529 ], [ -163.123269327276489, -18.031828218758577 ], [ -163.123136277310806, -18.031790117864652 ], [ -163.12306967118559, -18.031700910924933 ], [ -163.123016512004568, -18.031611597317482 ], [ -163.122950076590712, -18.031433020638492 ], [ -163.122830293662389, -18.031420427129241 ], [ -163.122790267095496, -18.031484225330228 ], [ -163.122790183669821, -18.031637348749282 ], [ -163.122816711458398, -18.031841485859253 ], [ -163.122856616252164, -18.031892486370676 ], [ -163.122896508707726, -18.031956292356554 ], [ -163.122896464647511, -18.032071089422018 ], [ -163.122869752912266, -18.032262475376456 ], [ -163.122816435393673, -18.03224972592232 ], [ -163.122696720059338, -18.032173375387817 ], [ -163.122630255642633, -18.03202022930072 ], [ -163.122603742479612, -18.031803376770565 ], [ -163.1225372142803, -18.031714167935228 ], [ -163.12243066880751, -18.031752512639905 ], [ -163.12221763365099, -18.031778250308154 ], [ -163.122057955127929, -18.031778411104593 ], [ -163.121964787164131, -18.031663618900016 ], [ -163.121911662923452, -18.031472403308609 ], [ -163.121805241134979, -18.031319297693912 ], [ -163.121712153421726, -18.031204593756087 ], [ -163.121618973562875, -18.031102606779708 ], [ -163.121552473181623, -18.030987876562392 ], [ -163.121499314971885, -18.030898562332936 ], [ -163.121406041691273, -18.030885943367519 ], [ -163.121379436492731, -18.030975245869559 ], [ -163.121405992994482, -18.031077301642206 ], [ -163.121459109596685, -18.031204852156787 ], [ -163.121445797981266, -18.031294141600473 ], [ -163.121365838117441, -18.031409110713529 ], [ -163.121365751338715, -18.031562144249282 ], [ -163.121418960416349, -18.031676977712511 ], [ -163.121485419475277, -18.031829944194033 ], [ -163.121538560135065, -18.032008534727836 ], [ -163.121578383625746, -18.032136098211559 ], [ -163.121631563983129, -18.032276362293793 ], [ -163.121565056326148, -18.03231475414935 ], [ -163.12152504700569, -18.032289275855288 ], [ -163.121458594635385, -18.032199974786767 ], [ -163.121405372832612, -18.032097946885266 ], [ -163.121259030523731, -18.031983206586755 ], [ -163.121112573213907, -18.031906884336202 ], [ -163.120886310487691, -18.031868786343374 ], [ -163.120753188030505, -18.03197100195732 ], [ -163.120566814833779, -18.031996620046719 ], [ -163.120273930485212, -18.031958679858779 ], [ -163.120087557129381, -18.03198429749574 ], [ -163.119887856374703, -18.03197178339752 ], [ -163.119741284062428, -18.032074014729794 ], [ -163.119528245379854, -18.032099659446235 ], [ -163.119461709844842, -18.032163571596413 ], [ -163.119448304809168, -18.032265578175284 ], [ -163.119408301903661, -18.032380506316411 ], [ -163.119355045206078, -18.03245712091848 ], [ -163.119448210181048, -18.032571824503606 ], [ -163.119554618568941, -18.032660995778844 ], [ -163.119554517864231, -18.032826835151571 ], [ -163.119487891824633, -18.032903554554046 ], [ -163.119314852964294, -18.032890922356842 ], [ -163.119208333073487, -18.032903744611957 ], [ -163.11920829102786, -18.032941980966779 ], [ -163.119234899367143, -18.033069646639891 ], [ -163.11923481315435, -18.033222770661382 ], [ -163.119194793210227, -18.033350324095363 ], [ -163.119088163696716, -18.033465230141879 ], [ -163.118928304238864, -18.033631229789361 ], [ -163.118861725901297, -18.033733378252638 ], [ -163.118861715095477, -18.033886410541431 ], [ -163.118834948657337, -18.034052277548323 ], [ -163.118768260739017, -18.034256509850632 ], [ -163.118701564448429, -18.034396986482694 ], [ -163.118621595094538, -18.03458842616746 ], [ -163.11860812622939, -18.034894597181836 ], [ -163.11856812868308, -18.035073190904409 ], [ -163.118528028133539, -18.035277397385563 ], [ -163.118448018397174, -18.035507163617556 ], [ -163.118341477650716, -18.035609262385101 ], [ -163.118274922041309, -18.035545572927411 ], [ -163.118261702076182, -18.035405267228306 ], [ -163.118195268843493, -18.035226688277934 ], [ -163.11811540933283, -18.035099165778039 ], [ -163.118022283491939, -18.034946135130632 ], [ -163.117995824884076, -18.034754800283665 ], [ -163.118035848383954, -18.034550595461628 ], [ -163.118062525191164, -18.034397535617767 ], [ -163.118089347264657, -18.034180626610464 ], [ -163.118062893570254, -18.033912730473034 ], [ -163.118116178668998, -18.033810595057645 ], [ -163.118142908258307, -18.033606403142979 ], [ -163.118076393784605, -18.033504386904593 ], [ -163.118009916917771, -18.033440695509228 ], [ -163.117890062459395, -18.033491856527842 ], [ -163.117796873208022, -18.033542990129988 ], [ -163.117716987449938, -18.033440988226761 ], [ -163.117623883615806, -18.03333890731723 ], [ -163.117477476150697, -18.033288101560309 ], [ -163.117291052420171, -18.033288287639934 ], [ -163.11709139254117, -18.033377761487401 ], [ -163.116931581767147, -18.03335231049137 ], [ -163.116811774736107, -18.033288673039308 ], [ -163.116652049207318, -18.033186748856554 ], [ -163.116558955527324, -18.033148513250001 ], [ -163.116279390263855, -18.033085033409787 ], [ -163.116172879013561, -18.033161700052663 ], [ -163.116172802987052, -18.033302019022987 ], [ -163.116279210637771, -18.033391192348223 ], [ -163.116399034635492, -18.033442204842043 ], [ -163.116598680147177, -18.033505674182702 ], [ -163.116771757221329, -18.033556633674401 ], [ -163.116984643571357, -18.033671221934643 ], [ -163.117037823382589, -18.033811578045583 ], [ -163.117037735401851, -18.033964702441761 ], [ -163.117037612634533, -18.034219819079361 ], [ -163.117037441938237, -18.034449506494067 ], [ -163.117037311642548, -18.034640867327219 ], [ -163.117130449249743, -18.034781093090363 ], [ -163.117223589119021, -18.034921408910517 ], [ -163.117329943260756, -18.035061623336354 ], [ -163.117396458145123, -18.035163639789161 ], [ -163.117449638971152, -18.035303995613731 ], [ -163.117489523863412, -18.035444274130345 ], [ -163.117516037185823, -18.035584567143523 ], [ -163.117529279350805, -18.035775913333989 ], [ -163.117475943314759, -18.035852529424002 ], [ -163.117409358241929, -18.035814270484721 ], [ -163.117396184280523, -18.035776045260707 ], [ -163.117422874316389, -18.035610179806817 ], [ -163.117422961648828, -18.035457055496849 ], [ -163.117369810390102, -18.035291268808571 ], [ -163.117276644719766, -18.035176564258627 ], [ -163.117210142615448, -18.035061742184109 ], [ -163.117130398938514, -18.034972542375581 ], [ -163.117090472091434, -18.034870500141835 ], [ -163.117023957508934, -18.034768483523116 ], [ -163.116997374790429, -18.034691947784228 ], [ -163.116930845491709, -18.034602646546052 ], [ -163.11689102630271, -18.034475171693362 ], [ -163.116824406685566, -18.034398677619485 ], [ -163.116717977999969, -18.034398781617398 ], [ -163.116624745329034, -18.034488151276332 ], [ -163.116544751127122, -18.034628550172485 ], [ -163.116597888547545, -18.034807142869937 ], [ -163.116464773888936, -18.034896550865177 ], [ -163.116318252326352, -18.03494773840319 ], [ -163.116224978687768, -18.035075434575884 ], [ -163.116184971199033, -18.035190272440673 ], [ -163.116198254398029, -18.035343382546628 ], [ -163.116224801833482, -18.035521910769717 ], [ -163.116197949889539, -18.035764341027516 ], [ -163.116078065532946, -18.035841022365815 ], [ -163.115944942481548, -18.035866674336049 ], [ -163.115865065524503, -18.035968744889132 ], [ -163.115864991841676, -18.036109154012383 ], [ -163.11593141391208, -18.03622388816159 ], [ -163.116024511396887, -18.036402441068272 ], [ -163.116091096524684, -18.036440700500592 ], [ -163.11619757447238, -18.036466025839662 ], [ -163.11635725313306, -18.036542430461555 ], [ -163.116397074855172, -18.036669995521713 ], [ -163.116317214901642, -18.036759440964886 ], [ -163.116170752575584, -18.036823252361408 ], [ -163.116077424908099, -18.037002080860404 ], [ -163.116024128339859, -18.037040370127883 ], [ -163.115864336424551, -18.037065959307824 ], [ -163.115717946035971, -18.037066103040743 ], [ -163.115598045734458, -18.037155499748028 ], [ -163.115531451517057, -18.037270453278353 ], [ -163.115544692085848, -18.037461799988812 ], [ -163.115624494014327, -18.037500048420171 ], [ -163.115824229466199, -18.037487044698242 ], [ -163.115930682512868, -18.037537981230795 ], [ -163.115930636811555, -18.037652869293289 ], [ -163.1159438555176, -18.037793175467961 ], [ -163.11586384175385, -18.038022941489775 ], [ -163.115917025937165, -18.038086646202341 ], [ -163.116010102351794, -18.038214158491314 ], [ -163.116010034683654, -18.038418233285881 ], [ -163.11607651023877, -18.038558576675715 ], [ -163.116182971732002, -18.038673268757755 ], [ -163.116182833809546, -18.038800873878895 ], [ -163.116249335170181, -18.038915605992816 ], [ -163.116462397970338, -18.038877247722215 ], [ -163.116622132043062, -18.038902519492005 ], [ -163.116728613667703, -18.038927934351364 ], [ -163.116914878664858, -18.039080873630645 ], [ -163.117207750266914, -18.039144427797776 ], [ -163.1174873448428, -18.039118627532726 ], [ -163.117687148720904, -18.039118515571058 ], [ -163.117726934598522, -18.039207755142673 ], [ -163.117846742061346, -18.039347952387743 ], [ -163.118046453712566, -18.039360557075671 ], [ -163.118392544655791, -18.039385821055916 ], [ -163.118618900963838, -18.039270705932385 ], [ -163.118712130507276, -18.039257896227102 ], [ -163.11893844286783, -18.039257668456319 ], [ -163.119284625697361, -18.039270213790299 ], [ -163.119497536831801, -18.039295430850341 ], [ -163.119710565960531, -18.039359060927843 ], [ -163.119923502928401, -18.039435407786787 ], [ -163.120163147683229, -18.039473490212934 ], [ -163.120416003743117, -18.039588031764815 ], [ -163.120802051913074, -18.039689811228367 ], [ -163.12100168082938, -18.039778885243749 ], [ -163.121148135141937, -18.039868101863 ], [ -163.121294507074708, -18.040033790827991 ], [ -163.12140096273879, -18.040084723697444 ], [ -163.121467528662464, -18.039995379719333 ], [ -163.121600691675951, -18.040008048176855 ], [ -163.121653916977522, -18.040110075458777 ], [ -163.121627178242193, -18.040250331440074 ], [ -163.12162709296112, -18.040480015891248 ], [ -163.121680184842432, -18.040709647435747 ], [ -163.121786611903275, -18.04086266175652 ], [ -163.121946296372869, -18.040939060426521 ], [ -163.122146045892748, -18.040989894982339 ], [ -163.122452241847895, -18.041027906038469 ], [ -163.122638515228488, -18.041104277469419 ], [ -163.12286476153821, -18.041167801603532 ], [ -163.123064419663763, -18.041308003034878 ], [ -163.123184169026132, -18.041435482110078 ], [ -163.12319739644974, -18.041575876658701 ], [ -163.123223991746414, -18.041716075927081 ], [ -163.123330450960538, -18.04176709753833 ], [ -163.123463602517376, -18.041715918983744 ], [ -163.123556860433411, -18.041601025185521 ], [ -163.123543609982704, -18.041409680901143 ], [ -163.123450553169818, -18.041256652915251 ], [ -163.12335740454418, -18.041116341848774 ], [ -163.1232111075999, -18.040950653378914 ], [ -163.123038093535655, -18.040759473884016 ], [ -163.122891717398488, -18.040593696573161 ], [ -163.122785379668784, -18.040427875880813 ], [ -163.122732288682329, -18.04019833504201 ], [ -163.12267911808712, -18.039968705682941 ], [ -163.122652601515654, -18.039751853543962 ], [ -163.122679355967108, -18.039445670423781 ], [ -163.122785987585445, -18.039254201347642 ], [ -163.122866002034442, -18.039088189523827 ], [ -163.123065820943083, -18.038922144882736 ], [ -163.123225589513538, -18.038768948820145 ], [ -163.123318915872545, -18.038513737624061 ], [ -163.123545360597404, -18.038309339800552 ], [ -163.123745108863943, -18.038283612457473 ], [ -163.123878245635694, -18.038245239624441 ], [ -163.123984820703214, -18.038181372611113 ], [ -163.124051357735112, -18.038040898067834 ], [ -163.124158026253554, -18.037887753281492 ], [ -163.124331134515899, -18.037836533022613 ], [ -163.124530897732996, -18.037721528976945 ], [ -163.124650741286899, -18.037606608423943 ], [ -163.124783890805389, -18.037478868979651 ], [ -163.124903878700252, -18.037300189805759 ], [ -163.125023839277247, -18.037070380589387 ], [ -163.125090509046487, -18.036802392212934 ], [ -163.124984202496933, -18.036534581343879 ] ] ], [ [ [ -163.120002467428463, -18.041068377228111 ], [ -163.120002401088954, -18.041132224566876 ], [ -163.119949140776157, -18.041208749629732 ], [ -163.119842603675892, -18.04123437875398 ], [ -163.11974948011823, -18.041221756758013 ], [ -163.119603036232263, -18.041196384877335 ], [ -163.119429925971531, -18.041171040694532 ], [ -163.119256878853264, -18.041158410086947 ], [ -163.119097113579642, -18.041158571797563 ], [ -163.1188574773482, -18.04118433422817 ], [ -163.11857791778661, -18.04117172047382 ], [ -163.118245029522399, -18.041159341882224 ], [ -163.11811186137686, -18.041223232464375 ], [ -163.118058587543459, -18.041312562723444 ], [ -163.118005259192444, -18.041452934910463 ], [ -163.117818824964957, -18.041529774630053 ], [ -163.117672401815895, -18.041555351437555 ], [ -163.117459323858071, -18.041606517195781 ], [ -163.117299477956948, -18.041683330588537 ], [ -163.117153035461996, -18.04179818378401 ], [ -163.117019830711058, -18.04182383901686 ], [ -163.11683346081449, -18.041836740246694 ], [ -163.116740239858785, -18.041913395256611 ], [ -163.116540547913786, -18.041951830138039 ], [ -163.116394067844794, -18.041888221051568 ], [ -163.116181088169071, -18.041850197185312 ], [ -163.115968021785449, -18.041888555871274 ], [ -163.115901384395443, -18.042041746271757 ], [ -163.115914631690799, -18.042156531314472 ], [ -163.115927858431093, -18.042220366091939 ], [ -163.115914544323772, -18.04230965580987 ], [ -163.115901139799121, -18.04241175276487 ], [ -163.115941053881215, -18.042526510426637 ], [ -163.116074196543963, -18.042488142016509 ], [ -163.116220716006609, -18.042373197601087 ], [ -163.116353980921417, -18.042219939409698 ], [ -163.116540433626369, -18.042130475534059 ], [ -163.116713431748678, -18.042117589084562 ], [ -163.116846582041234, -18.042142976007703 ], [ -163.11692643681917, -18.042206742741474 ], [ -163.117046240261402, -18.042206532959469 ], [ -163.117139477997881, -18.042117252503665 ], [ -163.117325879645932, -18.042002268640655 ], [ -163.117485740487155, -18.041912739748408 ], [ -163.117672213153213, -18.041874225115052 ], [ -163.117911802426818, -18.041823034760132 ], [ -163.118124865737514, -18.041784583889996 ], [ -163.11833781810364, -18.041848126492848 ], [ -163.118444370587611, -18.041809782674214 ], [ -163.118564313472206, -18.041682147521399 ], [ -163.118644238951987, -18.041605504842895 ], [ -163.118857316276006, -18.04155433784236 ], [ -163.119070313618607, -18.041503082155149 ], [ -163.119309950184089, -18.04147731937918 ], [ -163.119496423723803, -18.041438893283239 ], [ -163.119722741935504, -18.041362102935167 ], [ -163.119922482567631, -18.04134918427739 ], [ -163.120082236448212, -18.041285176173112 ], [ -163.120321901305857, -18.041233981459893 ], [ -163.120441720214671, -18.041221144449775 ], [ -163.12064143648638, -18.041157184966369 ], [ -163.120748051036657, -18.041131553774303 ], [ -163.120708173792423, -18.040978471264335 ], [ -163.120588345632996, -18.040927552897696 ], [ -163.120375379683139, -18.040876728102575 ], [ -163.120135769205007, -18.040876880971997 ], [ -163.119975887241395, -18.040915371450168 ], [ -163.120002467428463, -18.041068377228111 ] ] ], [ [ [ -163.188620968707255, -18.053769313837197 ], [ -163.18846116729884, -18.054190636447959 ], [ -163.188367867450665, -18.054560740813166 ], [ -163.188261202562643, -18.054918060526319 ], [ -163.188168055247729, -18.055173373660619 ], [ -163.188088030140875, -18.055454190889574 ], [ -163.187914913717123, -18.055900960365264 ], [ -163.187821666997507, -18.056066915961622 ], [ -163.187795023775692, -18.056271101023007 ], [ -163.187701715631874, -18.056411539483268 ], [ -163.187701736711375, -18.056615596570907 ], [ -163.187608442092824, -18.05685819877467 ], [ -163.187515291127085, -18.056998723983302 ], [ -163.187555145972055, -18.057279283320561 ], [ -163.187581725197532, -18.057534432014883 ], [ -163.187528360780476, -18.057942803923371 ], [ -163.187515032984862, -18.058236330207077 ], [ -163.187448376610376, -18.058517037683348 ], [ -163.187355158900942, -18.05875963831982 ], [ -163.187341772484302, -18.058899964918897 ], [ -163.187408252505122, -18.059129540473553 ], [ -163.18751478852667, -18.059333539412485 ], [ -163.187754398201662, -18.059460798756795 ], [ -163.187967493717764, -18.059473304460635 ], [ -163.188326991655458, -18.059358104460291 ], [ -163.188673195565372, -18.059357619758739 ], [ -163.189046003447771, -18.05945926153359 ], [ -163.189338961934226, -18.05956083344693 ], [ -163.189818252630857, -18.05971345177905 ], [ -163.190031322899387, -18.059764188162877 ], [ -163.190404100119963, -18.059789182317331 ], [ -163.190697056944771, -18.05977605448356 ], [ -163.191016618775592, -18.059737370758612 ], [ -163.191203117687763, -18.059635031909348 ], [ -163.1913894789719, -18.059507267715993 ], [ -163.191748971162752, -18.059391971637471 ], [ -163.191948765864367, -18.059289703936624 ], [ -163.192161843737381, -18.059200041793531 ], [ -163.192281651215637, -18.059072280704729 ], [ -163.192840961461172, -18.058561298600463 ], [ -163.193200613752168, -18.058178009427134 ], [ -163.193440242949265, -18.058024649526438 ], [ -163.193679994102297, -18.057794641665435 ], [ -163.193839767181657, -18.057654018378472 ], [ -163.194012923097887, -18.057500750648646 ], [ -163.1941461001758, -18.057372968665227 ], [ -163.194252672834608, -18.057143150912605 ], [ -163.194305983574026, -18.056798621986019 ], [ -163.19435930096202, -18.056441288703191 ], [ -163.194359318914451, -18.056160677312199 ], [ -163.194306095443409, -18.055982124456989 ], [ -163.194119709908961, -18.05577815313319 ], [ -163.194026548818101, -18.055561334343324 ], [ -163.194026622922422, -18.055319044155606 ], [ -163.19403994737749, -18.055012715241734 ], [ -163.194106590506152, -18.054731917704885 ], [ -163.194093259425046, -18.054540594865685 ], [ -163.194026671977298, -18.054349257559757 ], [ -163.193880250305853, -18.054272910056198 ], [ -163.193627257234567, -18.054298788132805 ], [ -163.193400889545757, -18.054388378891648 ], [ -163.19324117259896, -18.05443964092979 ], [ -163.193001464203974, -18.054478214083709 ], [ -163.192801717440148, -18.054389138350867 ], [ -163.192548748252221, -18.054249100255046 ], [ -163.192335709877767, -18.05416013244794 ], [ -163.192149326507518, -18.05408375011811 ], [ -163.191816453623687, -18.05404598762135 ], [ -163.19157688477344, -18.053982392288432 ], [ -163.191257276722865, -18.053868055960489 ], [ -163.19092450584742, -18.053664284843531 ], [ -163.19065813454381, -18.053575301170458 ], [ -163.190405247591258, -18.053435348094958 ], [ -163.190138954467756, -18.053346361888973 ], [ -163.18995250731038, -18.053372052105495 ], [ -163.189619671194322, -18.053398035614432 ], [ -163.189379975833617, -18.05329629759116 ], [ -163.189100381853052, -18.053220132407088 ], [ -163.188940628802953, -18.05332233837861 ], [ -163.188620968707255, -18.053769313837197 ] ] ], [ [ [ -163.121466803579921, -18.041347700355775 ], [ -163.121360307983565, -18.041335094055192 ], [ -163.121253851491105, -18.041284161317908 ], [ -163.121200559996453, -18.041245981210462 ], [ -163.121200613553725, -18.041194939462681 ], [ -163.121187307433161, -18.041131107070044 ], [ -163.12114747807297, -18.041080104914229 ], [ -163.121014260576288, -18.041118478059907 ], [ -163.120974270378923, -18.041220601141209 ], [ -163.120974201686977, -18.041361009391103 ], [ -163.120840990766226, -18.041539698944408 ], [ -163.120734453714675, -18.041565328575846 ], [ -163.12057467386316, -18.041578206966193 ], [ -163.120414986158579, -18.041578368188883 ], [ -163.120255143008677, -18.041578532595405 ], [ -163.120121963204696, -18.041655230002032 ], [ -163.12001542069757, -18.041757330201328 ], [ -163.119842240385111, -18.041872394939087 ], [ -163.119722390745466, -18.04198731367708 ], [ -163.119589184521402, -18.042012880508228 ], [ -163.119469457168748, -18.042013000055107 ], [ -163.119256345640906, -18.04202602327172 ], [ -163.119043336702731, -18.042013433532933 ], [ -163.118870285131948, -18.042077363901775 ], [ -163.118723717444311, -18.042166790653198 ], [ -163.118617257176055, -18.042192417592229 ], [ -163.118524026109327, -18.042205227562583 ], [ -163.118377619369738, -18.042218179720468 ], [ -163.118231154030696, -18.042281993421028 ], [ -163.118164455639601, -18.042422470478673 ], [ -163.118177706559493, -18.042537345193121 ], [ -163.118297424831269, -18.042690258662709 ], [ -163.118483768072707, -18.042702876805929 ], [ -163.118696792549287, -18.04270275159837 ], [ -163.11882992869937, -18.042740852405078 ], [ -163.118949761400245, -18.042715210562353 ], [ -163.119122835042504, -18.042702230076777 ], [ -163.119202705295322, -18.042753280248686 ], [ -163.119375748641147, -18.042842381569411 ], [ -163.119522157750652, -18.042829518696283 ], [ -163.119708581802541, -18.042765572863722 ], [ -163.11978851948561, -18.042676124195062 ], [ -163.119895077103848, -18.042561308602114 ], [ -163.120014931178247, -18.042586616171974 ], [ -163.120081505003242, -18.042637588946491 ], [ -163.12016126872058, -18.042714071097201 ], [ -163.120294443442049, -18.042790495579375 ], [ -163.120414275761306, -18.042764852860987 ], [ -163.120507470365681, -18.042713807331694 ], [ -163.120693867541462, -18.042598730394435 ], [ -163.120853730734353, -18.042509379210152 ], [ -163.120986910672343, -18.042432681236299 ], [ -163.121133462596021, -18.042355968320297 ], [ -163.121293192019493, -18.042317570122552 ], [ -163.121426410592647, -18.042202545546637 ], [ -163.121572898773053, -18.042113118666162 ], [ -163.121599594311675, -18.042011008738669 ], [ -163.121626304230375, -18.041896183449218 ], [ -163.121599734699998, -18.041730372717222 ], [ -163.12155984419789, -18.041590096064834 ], [ -163.121466803579921, -18.041347700355775 ] ] ], [ [ [ -163.176859763583423, -18.075892668013065 ], [ -163.17659348908532, -18.075841991243355 ], [ -163.176420312182245, -18.075867746349044 ], [ -163.176180617760053, -18.075944537498994 ], [ -163.175900974720747, -18.075995863741252 ], [ -163.175701197567662, -18.076034458069515 ], [ -163.175568061690825, -18.07606006622548 ], [ -163.175341654746234, -18.076149643516302 ], [ -163.175328217005443, -18.07646869374512 ], [ -163.175487992704717, -18.076710951374839 ], [ -163.175607785482242, -18.076863902888242 ], [ -163.175794172184339, -18.076850846877498 ], [ -163.175994012584994, -18.076722980403467 ], [ -163.17630025092248, -18.076556829267325 ], [ -163.176513402184042, -18.07651821489371 ], [ -163.176713156557895, -18.076518033488682 ], [ -163.176819620834095, -18.076607250720794 ], [ -163.177139236347415, -18.076657852797293 ], [ -163.177418895661077, -18.076695794650419 ], [ -163.177618640313256, -18.076708326737631 ], [ -163.177938240845577, -18.076784536591443 ], [ -163.178244412605295, -18.07682235322531 ], [ -163.178377652140142, -18.076873296964965 ], [ -163.178564013914013, -18.076783772977002 ], [ -163.178497446717302, -18.076681789099332 ], [ -163.178377702857176, -18.076567071703803 ], [ -163.178244526222898, -18.076541735413294 ], [ -163.178084696982665, -18.076490917157091 ], [ -163.177938222202982, -18.076465508261446 ], [ -163.177805175179969, -18.076363612742345 ], [ -163.177645380758065, -18.076261755911041 ], [ -163.177538821377311, -18.076198059940019 ], [ -163.177392409350688, -18.076198258085686 ], [ -163.177285858370794, -18.076236636606215 ], [ -163.177179318600167, -18.076147511442858 ], [ -163.177072881670028, -18.076020060811786 ], [ -163.176992924448598, -18.075943614626311 ], [ -163.176859763583423, -18.075892668013065 ] ] ], [ [ [ -163.175727224006238, -18.078433017269308 ], [ -163.175460885304858, -18.078356822205272 ], [ -163.175261120517916, -18.078484686881929 ], [ -163.175221121696239, -18.078752553764669 ], [ -163.175181137250291, -18.078893006881845 ], [ -163.175034597298094, -18.079071747589786 ], [ -163.17486141631062, -18.079212381539424 ], [ -163.174648245840388, -18.07949328824996 ], [ -163.174581668156748, -18.079633776489903 ], [ -163.174408474231569, -18.079787034604305 ], [ -163.174301927271017, -18.079927487017823 ], [ -163.173995597799347, -18.080106532966187 ], [ -163.173862405286087, -18.080208698147672 ], [ -163.173689247756045, -18.080311007608312 ], [ -163.173449518022181, -18.080426030523842 ], [ -163.173303040558721, -18.080515588516015 ], [ -163.173156536518803, -18.080528500386102 ], [ -163.173010026063196, -18.080439337017943 ], [ -163.172850293289116, -18.080464978967388 ], [ -163.172770289805584, -18.080567254005377 ], [ -163.172677001712231, -18.080758726845648 ], [ -163.172743546462158, -18.081001021993437 ], [ -163.172876675293082, -18.081103009308102 ], [ -163.17295652058732, -18.081230497154497 ], [ -163.17303645023415, -18.081460058380209 ], [ -163.173009662681949, -18.081625924771544 ], [ -163.1729563228225, -18.081957742643688 ], [ -163.173022818776332, -18.082161805448742 ], [ -163.173049440804306, -18.082340311364163 ], [ -163.173209168747604, -18.082544248164403 ], [ -163.173368994652947, -18.082722754007165 ], [ -163.173488738072393, -18.082952263868261 ], [ -163.173488674309652, -18.083156415660902 ], [ -163.173461630522809, -18.084815092387512 ], [ -163.173474745291514, -18.085414725463533 ], [ -163.173527972510584, -18.08558048139621 ], [ -163.173527846484689, -18.085988784878939 ], [ -163.173541077988858, -18.086307708575735 ], [ -163.173607602402029, -18.08658832647717 ], [ -163.173767353374046, -18.086766742661293 ], [ -163.173913739854129, -18.086932463436181 ], [ -163.174100155205394, -18.08700876731637 ], [ -163.174246689695167, -18.087072409427517 ], [ -163.174566327264273, -18.087123102148787 ], [ -163.174726045797769, -18.087122886619333 ], [ -163.174885903826663, -18.087033397360496 ], [ -163.175045779007547, -18.086918388869844 ], [ -163.175138936341199, -18.086803473899497 ], [ -163.175272207648675, -18.086701215207153 ], [ -163.175432047674065, -18.08663724474593 ], [ -163.17576494550741, -18.086624076682444 ], [ -163.176018017309616, -18.086445098806273 ], [ -163.176164611440981, -18.086304588301527 ], [ -163.176311078230611, -18.08624072682824 ], [ -163.176524180183833, -18.086176592676754 ], [ -163.176670634918281, -18.086125355330672 ], [ -163.176803914636992, -18.08589559226056 ], [ -163.176857272912684, -18.08564033020988 ], [ -163.17688389355061, -18.085487271920204 ], [ -163.176950582333092, -18.085295743026002 ], [ -163.177070425888218, -18.085155271151688 ], [ -163.177270265697786, -18.085040206294618 ], [ -163.177376812110595, -18.084899752140846 ], [ -163.177376836770975, -18.084746639426537 ], [ -163.177416846317584, -18.084567952464667 ], [ -163.177456899557114, -18.084325512908585 ], [ -163.177523449134753, -18.084108468322661 ], [ -163.177576783962593, -18.083891620143156 ], [ -163.177536916638815, -18.083738470815074 ], [ -163.177377141386302, -18.083598381610638 ], [ -163.177177360297378, -18.083509205204383 ], [ -163.177070961677771, -18.083318002917434 ], [ -163.176951118818465, -18.083114017066279 ], [ -163.176818005806723, -18.082986604421517 ], [ -163.176604887956216, -18.082846498605793 ], [ -163.176365237733791, -18.082731945362404 ], [ -163.176178896973653, -18.082668445864364 ], [ -163.175939217958387, -18.082592035463037 ], [ -163.175672812190641, -18.082490324581681 ], [ -163.175526351700682, -18.082439485805686 ], [ -163.175299956503153, -18.082388756200388 ], [ -163.175113571542568, -18.082389008296857 ], [ -163.174967151809795, -18.082389115518303 ], [ -163.174873877730818, -18.08233820566392 ], [ -163.174860591008269, -18.082210629241604 ], [ -163.175020427537362, -18.082146659901742 ], [ -163.175220178856108, -18.082159193251549 ], [ -163.175379935598727, -18.082210014672928 ], [ -163.175699536764455, -18.082298940878051 ], [ -163.175925924242023, -18.082362474632774 ], [ -163.17609904792613, -18.082426080612287 ], [ -163.17625879743747, -18.082489705815487 ], [ -163.176445283741685, -18.082565916386109 ], [ -163.176671551917593, -18.082693293612444 ], [ -163.176871234787995, -18.082807901436059 ], [ -163.177071073329813, -18.082922505627774 ], [ -163.177270712755217, -18.083100865547884 ], [ -163.177403826130529, -18.083228277793335 ], [ -163.177616971634421, -18.083330148963899 ], [ -163.177763433174533, -18.083380985868068 ], [ -163.177989769026425, -18.083291405812325 ], [ -163.178163003461322, -18.083189090724126 ], [ -163.178149636478963, -18.083061516722292 ], [ -163.17806978676893, -18.082934031988326 ], [ -163.178096482010773, -18.082780881986452 ], [ -163.178202992666513, -18.082691465856428 ], [ -163.178243018344176, -18.082487259915407 ], [ -163.178176509075712, -18.082296004768072 ], [ -163.178256458355065, -18.082155496151632 ], [ -163.178349681691543, -18.082053383422576 ], [ -163.17844298036826, -18.081836389923136 ], [ -163.178429640094265, -18.081670582448591 ], [ -163.178336443533368, -18.081619672713881 ], [ -163.17826983032765, -18.081581441694397 ], [ -163.178323227973806, -18.081377126132821 ], [ -163.178269957126957, -18.081275214818373 ], [ -163.178243291970659, -18.081147568503429 ], [ -163.178296667253306, -18.080981666721929 ], [ -163.178323408120491, -18.080879643299344 ], [ -163.178323335821375, -18.080751961312661 ], [ -163.17831005662353, -18.080611671138218 ], [ -163.17829678511373, -18.08034378740269 ], [ -163.178216961552181, -18.080177978835049 ], [ -163.178256953108189, -18.080024811071961 ], [ -163.178323590419126, -18.079909929618715 ], [ -163.178283682487859, -18.079820623034706 ], [ -163.178177130133037, -18.079744213457893 ], [ -163.178190477774791, -18.079667638489351 ], [ -163.178203859637875, -18.079540025417206 ], [ -163.178084003715583, -18.079476438144123 ], [ -163.177910858183566, -18.079451157148807 ], [ -163.177724494092132, -18.079425892077158 ], [ -163.177657881910278, -18.079387660642691 ], [ -163.177697854620192, -18.079259921866299 ], [ -163.177791042809588, -18.079208847763056 ], [ -163.177897646170578, -18.079208700471579 ], [ -163.178057419600464, -18.079234091134332 ], [ -163.178150641024814, -18.079361556765427 ], [ -163.178230435466844, -18.079450719863758 ], [ -163.178350310632339, -18.079488878115956 ], [ -163.178510099241322, -18.079488659167442 ], [ -163.178523437134317, -18.079424798666523 ], [ -163.178416904209087, -18.079322960271977 ], [ -163.178350360383121, -18.079182652905562 ], [ -163.178190665165857, -18.079042471807192 ], [ -163.178030867810435, -18.078940615858659 ], [ -163.177871070623809, -18.078838759738712 ], [ -163.177644670557385, -18.078800746548907 ], [ -163.177391721240497, -18.078813805027249 ], [ -163.177231835904394, -18.078839453562274 ], [ -163.177151973062308, -18.078852366224432 ], [ -163.176952260502134, -18.078788795962129 ], [ -163.176765749234448, -18.078750728546417 ], [ -163.176459581966725, -18.078814984917173 ], [ -163.176273068534869, -18.078776826881231 ], [ -163.176166638105371, -18.078751450735425 ], [ -163.176006773930737, -18.078636879996228 ], [ -163.175847012836442, -18.078483983647619 ], [ -163.175727224006238, -18.078433017269308 ] ] ], [ [ [ -163.125329940326594, -18.032120636127257 ], [ -163.125382952182946, -18.032503388426122 ], [ -163.1255025991548, -18.032796614204464 ], [ -163.125555836617167, -18.032962485287786 ], [ -163.125622223321187, -18.033192101287668 ], [ -163.125715274110064, -18.033498249164666 ], [ -163.125795042702777, -18.033714954355396 ], [ -163.125914839012097, -18.033867950865645 ], [ -163.125967880632203, -18.034148621437296 ], [ -163.125981067595831, -18.034403811675787 ], [ -163.126034225608976, -18.03464615438708 ], [ -163.126153906995569, -18.03483747833932 ], [ -163.126300263792729, -18.035015877950386 ], [ -163.126420009363642, -18.035219915240624 ], [ -163.126473157058598, -18.035398502655159 ], [ -163.126446424250844, -18.035615408808912 ], [ -163.12643298583896, -18.035755741043619 ], [ -163.12660606393365, -18.035806599867122 ], [ -163.126792424366954, -18.035793690000286 ], [ -163.126898996310587, -18.035729821632529 ], [ -163.126912331012846, -18.035538451415022 ], [ -163.126965751998085, -18.035372466096419 ], [ -163.127125602739909, -18.035206460769228 ], [ -163.127272029742556, -18.03509151192808 ], [ -163.127418532145555, -18.034976471220364 ], [ -163.127565116262986, -18.034861609042114 ], [ -163.127738167819899, -18.034784867031576 ], [ -163.127897953592594, -18.034606147713671 ], [ -163.127991268508282, -18.034503966536494 ], [ -163.128151077611562, -18.034452756851024 ], [ -163.12844391514173, -18.034465253989552 ], [ -163.128723470795933, -18.034464958960793 ], [ -163.128896638705868, -18.03434997856532 ], [ -163.128976581478526, -18.034247812385381 ], [ -163.129083045976728, -18.034209375291539 ], [ -163.129176322339106, -18.03414551969902 ], [ -163.129176399177908, -18.03399239769934 ], [ -163.129229664442789, -18.033826505712458 ], [ -163.129189862590437, -18.033673514904255 ], [ -163.129070113864742, -18.033545949797709 ], [ -163.128923690686463, -18.033431309072739 ], [ -163.128777279557511, -18.033303862819366 ], [ -163.12864427987742, -18.03321472545802 ], [ -163.128524522020598, -18.033023495146253 ], [ -163.128431504872623, -18.032755583774687 ], [ -163.128325104943855, -18.032500492947417 ], [ -163.128218705236804, -18.032321962257779 ], [ -163.128045762892583, -18.032067030892886 ], [ -163.127886126193204, -18.031875840605547 ], [ -163.127699809020584, -18.031697304006549 ], [ -163.12756675947918, -18.031582646534055 ], [ -163.127367138977291, -18.031493578892761 ], [ -163.127193972830241, -18.031531997215009 ], [ -163.127193983509045, -18.031672312527455 ], [ -163.127220555723738, -18.031761561119634 ], [ -163.127220502868028, -18.03188916281611 ], [ -163.127153893420683, -18.031953078814681 ], [ -163.1270872041178, -18.032016906327801 ], [ -163.127100562661553, -18.032106256920287 ], [ -163.127207065596338, -18.032182705801713 ], [ -163.127286797966917, -18.032284615524993 ], [ -163.127353368858678, -18.032335585871984 ], [ -163.127393222879306, -18.032437626260027 ], [ -163.127486366416719, -18.032577845049691 ], [ -163.127566192631946, -18.032743688111644 ], [ -163.127685935592694, -18.032871074226961 ], [ -163.127832204073854, -18.033062369901113 ], [ -163.127965320852383, -18.03318983064576 ], [ -163.128111587825998, -18.033381035856426 ], [ -163.128151546181272, -18.033534113903524 ], [ -163.128191403156706, -18.033636244101054 ], [ -163.128231255973333, -18.033814754270036 ], [ -163.128231152382313, -18.03399339707499 ], [ -163.128204513297192, -18.034044465594175 ], [ -163.128137941469589, -18.033993495728062 ], [ -163.128084715160185, -18.033891470935927 ], [ -163.127938369961811, -18.033700267452673 ], [ -163.127818659850817, -18.033534375346839 ], [ -163.127659049485942, -18.033394314893819 ], [ -163.12756591721066, -18.0332412909159 ], [ -163.127486052669951, -18.03311377396339 ], [ -163.127432903105074, -18.032935096733382 ], [ -163.12741974188225, -18.032807597097932 ], [ -163.12739318175187, -18.032628982860444 ], [ -163.127379839155907, -18.032527007195192 ], [ -163.12730011648361, -18.032412202013177 ], [ -163.127180282327231, -18.032297532464398 ], [ -163.126994044986247, -18.032119083605689 ], [ -163.126794422672873, -18.031953364916209 ], [ -163.126514965057538, -18.031711258154271 ], [ -163.126341969990278, -18.031583836324366 ], [ -163.126235557527679, -18.031494579735895 ], [ -163.126155616060345, -18.031443623970112 ], [ -163.126089148645974, -18.031443691158128 ], [ -163.126075709529943, -18.031584023405713 ], [ -163.12600915108149, -18.03167345811735 ], [ -163.125876008025273, -18.031724637145256 ], [ -163.125756132516017, -18.031648112295972 ], [ -163.125596430052667, -18.031597236756156 ], [ -163.125436662762468, -18.031610207940528 ], [ -163.125383356824159, -18.031737865129781 ], [ -163.125356687769965, -18.03196757512049 ], [ -163.125329940326594, -18.032120636127257 ] ] ], [ [ [ -163.16659681598037, -17.991154164391109 ], [ -163.166477086419349, -17.991026801711801 ], [ -163.166330741441357, -17.990937614057696 ], [ -163.166131082155061, -17.990848491616848 ], [ -163.165878188076931, -17.990848794329427 ], [ -163.165651907129842, -17.990900103204535 ], [ -163.165399024367872, -17.99097696230416 ], [ -163.165172675300482, -17.991015467504397 ], [ -163.164973051810932, -17.990977471360065 ], [ -163.164853352527814, -17.990900964627247 ], [ -163.164693555160341, -17.990824689277314 ], [ -163.16442742638614, -17.990850523397548 ], [ -163.164241091728769, -17.990901782875603 ], [ -163.164094569705298, -17.99101675003709 ], [ -163.163894911269324, -17.991195620933297 ], [ -163.163668539651752, -17.991349006118416 ], [ -163.163495559437621, -17.991412962757547 ], [ -163.163282600917881, -17.991426019447314 ], [ -163.163043048227536, -17.991451731125562 ], [ -163.162816721967715, -17.991464804285375 ], [ -163.162550536161291, -17.991465118098855 ], [ -163.162177863585811, -17.991478271582295 ], [ -163.161845105372237, -17.991529701598772 ], [ -163.161605466141253, -17.991568308259442 ], [ -163.161339232457266, -17.99161956965586 ], [ -163.161086380630763, -17.991658189231895 ], [ -163.160766931160737, -17.991773354849826 ], [ -163.160527253023957, -17.991939466980067 ], [ -163.160354181657397, -17.992105590090837 ], [ -163.160181107850008, -17.992271622982155 ], [ -163.159994678500027, -17.992424957762971 ], [ -163.159821626840085, -17.992565470742658 ], [ -163.15959528115107, -17.992769889990651 ], [ -163.159422170635821, -17.992974156999878 ], [ -163.159262387260952, -17.99314026446212 ], [ -163.159102554366882, -17.993446683673252 ], [ -163.158902829215123, -17.993689305253717 ], [ -163.158796266814505, -17.993957337862106 ], [ -163.158676449460984, -17.994187150953842 ], [ -163.158543274414029, -17.994404175793218 ], [ -163.158410120467266, -17.994685043387136 ], [ -163.158370030928495, -17.994927481086243 ], [ -163.158370048683054, -17.995080596282559 ], [ -163.158423214828076, -17.995246366147281 ], [ -163.158556235576555, -17.995373809466283 ], [ -163.158715950033297, -17.995462986309636 ], [ -163.158955548938337, -17.995564783995636 ], [ -163.159155132321388, -17.995653825023471 ], [ -163.159354715869739, -17.995742865803152 ], [ -163.15947452714957, -17.995870411840663 ], [ -163.15959424638595, -17.99601058410315 ], [ -163.159674062008406, -17.996189126305353 ], [ -163.159807104243413, -17.996380320967422 ], [ -163.159913545653097, -17.996597155635179 ], [ -163.159993294546211, -17.996762894330768 ], [ -163.160046465089351, -17.996928753441505 ], [ -163.160006591524251, -17.997018071192919 ], [ -163.159900066103432, -17.997069145179871 ], [ -163.15974037380937, -17.997043902548008 ], [ -163.159620606092375, -17.996954679855953 ], [ -163.159527509980506, -17.996763347915671 ], [ -163.159367832071496, -17.996546665257419 ], [ -163.159221513186736, -17.996253408089807 ], [ -163.159088497593586, -17.995947420809546 ], [ -163.158968711413024, -17.995794444878708 ], [ -163.158835665084155, -17.995692431585702 ], [ -163.158676007282963, -17.995628863102578 ], [ -163.158449721515098, -17.995501530258984 ], [ -163.158356603238047, -17.995425079612509 ], [ -163.158290104620193, -17.995221091855946 ], [ -163.15823694531818, -17.995131789407964 ], [ -163.158130449020632, -17.995068160227792 ], [ -163.158037262169842, -17.995068268646342 ], [ -163.157984007252765, -17.995170317610963 ], [ -163.157970646369222, -17.995336254497495 ], [ -163.157904021722317, -17.995527682725335 ], [ -163.157837453390755, -17.995655266467278 ], [ -163.157744172425595, -17.995846816497959 ], [ -163.157744158120664, -17.995948893918648 ], [ -163.157797347142349, -17.996089144240965 ], [ -163.157823931025746, -17.996344306911841 ], [ -163.157850432325432, -17.996433641137212 ], [ -163.157850404002374, -17.996637795943702 ], [ -163.157916894189128, -17.996765226196977 ], [ -163.158023425542268, -17.996879983278319 ], [ -163.158063324854538, -17.997020248451868 ], [ -163.158222859092348, -17.997224220946151 ], [ -163.158316020771167, -17.997338904361015 ], [ -163.158329339708416, -17.997479199533274 ], [ -163.158289331346992, -17.997632363244804 ], [ -163.158222708872898, -17.997823881784115 ], [ -163.158262619084894, -17.997951341889753 ], [ -163.158408999974569, -17.998091573091436 ], [ -163.158595265943575, -17.998129681548658 ], [ -163.158768306759015, -17.998180518051338 ], [ -163.158954615332419, -17.99825685899113 ], [ -163.159127701754073, -17.998256655669877 ], [ -163.159234148332615, -17.998205493463828 ], [ -163.159353917566335, -17.998205353837417 ], [ -163.159487120185531, -17.998217910435358 ], [ -163.1597133254906, -17.998179413131915 ], [ -163.160072790692567, -17.998089717592691 ], [ -163.160472126578469, -17.997999975798407 ], [ -163.160858101940789, -17.997986717409145 ], [ -163.161284083284841, -17.997999018885562 ], [ -163.161670060339247, -17.997985849012416 ], [ -163.162096008257492, -17.99794711107365 ], [ -163.162601739083641, -17.997946422626498 ], [ -163.163014373725844, -17.997933217700083 ], [ -163.163240674695174, -17.997869105083215 ], [ -163.163466966210422, -17.997728525230766 ], [ -163.163746586054316, -17.997575165355595 ], [ -163.164159305158648, -17.997459789721699 ], [ -163.164438844001921, -17.997306340592971 ], [ -163.164838229857935, -17.997152836726752 ], [ -163.165117713786969, -17.997063230778405 ], [ -163.165437111927474, -17.997011810425299 ], [ -163.165716782461004, -17.996973147644031 ], [ -163.16599626582024, -17.99697281218285 ], [ -163.16632901152667, -17.996946982826227 ], [ -163.166701681559232, -17.99694653372584 ], [ -163.167220755232677, -17.996971426067738 ], [ -163.16763338294453, -17.996958121665894 ], [ -163.167966183951506, -17.996957807336479 ], [ -163.168125864649056, -17.996906576337647 ], [ -163.168259007744609, -17.996804337783232 ], [ -163.168299038082722, -17.996612849541265 ], [ -163.168245882540361, -17.996332293544501 ], [ -163.168166058945559, -17.996153756673149 ], [ -163.168046224336678, -17.996141098361093 ], [ -163.16791315787188, -17.996154063604269 ], [ -163.167913118271315, -17.996294464097463 ], [ -163.167926386127334, -17.996409149151713 ], [ -163.167939692934681, -17.996575051726019 ], [ -163.167886458021769, -17.996664477792997 ], [ -163.167753255174517, -17.996651836749802 ], [ -163.167633530042593, -17.996511670968637 ], [ -163.167513737151125, -17.996358701939648 ], [ -163.167354065313731, -17.996307856084275 ], [ -163.167207663053716, -17.996371785405252 ], [ -163.167007999759903, -17.996372026893368 ], [ -163.166768376310728, -17.996385031430375 ], [ -163.166475603351074, -17.996296111863519 ], [ -163.166196140416758, -17.996181566552679 ], [ -163.16599645497044, -17.996118054861995 ], [ -163.165823403946632, -17.996169211187905 ], [ -163.165637108421919, -17.99616943397627 ], [ -163.165450778924367, -17.996118619165419 ], [ -163.165237869205498, -17.995978563496816 ], [ -163.164984975518706, -17.995876699842992 ], [ -163.164878489427934, -17.995711088526313 ], [ -163.164838673159267, -17.995558019274203 ], [ -163.164878609835853, -17.995392142388095 ], [ -163.165091680440327, -17.995162123353818 ], [ -163.165251395128081, -17.994983388920449 ], [ -163.165384529225207, -17.994893957130614 ], [ -163.165557609014712, -17.994715115240943 ], [ -163.165704140128412, -17.994497979947479 ], [ -163.165970404726977, -17.994229754153427 ], [ -163.166183464650118, -17.993923357812058 ], [ -163.16655620993788, -17.993463565662346 ], [ -163.166795932935855, -17.993054969714155 ], [ -163.166822698975693, -17.992838067767089 ], [ -163.166796082229581, -17.992608428326211 ], [ -163.166649779048328, -17.992378930614983 ], [ -163.166556604031683, -17.992187694862338 ], [ -163.166503452050478, -17.991996318920098 ], [ -163.166556720574874, -17.991779387540323 ], [ -163.166636646338588, -17.991562423405131 ], [ -163.166676656600146, -17.991307183246079 ], [ -163.16659681598037, -17.991154164391109 ] ] ], [ [ [ -163.132746830625337, -18.02834424052293 ], [ -163.132613654361279, -18.028357189228259 ], [ -163.132520469462122, -18.028408148496997 ], [ -163.132387318579617, -18.028395576530826 ], [ -163.132267538555197, -18.028382988995858 ], [ -163.132240901235861, -18.028434057681274 ], [ -163.132294048750936, -18.028612552690817 ], [ -163.132307306005544, -18.02872742466176 ], [ -163.132280576321421, -18.028867680018347 ], [ -163.132227289904279, -18.028982622747904 ], [ -163.132280426834342, -18.029097453258181 ], [ -163.132360291906139, -18.029224967953493 ], [ -163.132559924709739, -18.029301315307052 ], [ -163.132719638815729, -18.0294159397044 ], [ -163.132839423194156, -18.02950517681645 ], [ -163.132985792058179, -18.029594295940488 ], [ -163.133039069719473, -18.029645278104269 ], [ -163.133172017188713, -18.029785453594183 ], [ -163.133331749714159, -18.029964012089117 ], [ -163.133451557918903, -18.030027638053465 ], [ -163.133584659634352, -18.030014780321761 ], [ -163.133704491311192, -18.029899856153552 ], [ -163.133797786713558, -18.029810388509915 ], [ -163.133864381148214, -18.029682806524178 ], [ -163.133891105289194, -18.029542370923437 ], [ -163.133904449047236, -18.029414846367189 ], [ -163.133891204190746, -18.029363729210704 ], [ -163.133731411712944, -18.029325577259119 ], [ -163.133611732232481, -18.029210908745277 ], [ -163.133531880078607, -18.029070679569518 ], [ -163.133398866946777, -18.028917700617306 ], [ -163.133279005125956, -18.028828465488292 ], [ -163.133185848187992, -18.028777524998127 ], [ -163.133066105477951, -18.028650142467711 ], [ -163.132946335443137, -18.028548190206632 ], [ -163.132893198364371, -18.028433359929515 ], [ -163.132746830625337, -18.02834424052293 ] ] ], [ [ [ -163.156964178751451, -18.086879800503958 ], [ -163.156777722800541, -18.08695650457997 ], [ -163.156577891725959, -18.087033226604703 ], [ -163.15635156592532, -18.087084550024869 ], [ -163.156058458231513, -18.087212429154153 ], [ -163.155845340304381, -18.087276452134315 ], [ -163.155658925680285, -18.087302206005273 ], [ -163.155459062161867, -18.087417161558356 ], [ -163.155432424281599, -18.087570310900052 ], [ -163.15545895743324, -18.087749004690099 ], [ -163.155565517353182, -18.08781262303205 ], [ -163.155765252062537, -18.087761423183771 ], [ -163.155885171791454, -18.087748555955962 ], [ -163.155938367174201, -18.087837762645847 ], [ -163.155938324317276, -18.087990879199381 ], [ -163.155845002618321, -18.088195063115212 ], [ -163.155765060623935, -18.088297241933546 ], [ -163.155724996669619, -18.088514163551672 ], [ -163.15573830604859, -18.08879485894186 ], [ -163.15573821190884, -18.08901172972773 ], [ -163.155764723697416, -18.089215852928376 ], [ -163.155817890594989, -18.089343384187114 ], [ -163.155897799238005, -18.089381516893333 ], [ -163.156017602217617, -18.089419690439502 ], [ -163.156070975957391, -18.089483464040857 ], [ -163.156017597396982, -18.089623844682606 ], [ -163.155911069174806, -18.089713251588833 ], [ -163.155871056642553, -18.089866419048906 ], [ -163.155937530302566, -18.089981128881583 ], [ -163.156044022708784, -18.090236277885978 ], [ -163.156137109345906, -18.090427512132674 ], [ -163.156283516962191, -18.090555014771521 ], [ -163.156416773756945, -18.090593168077199 ], [ -163.156496623180232, -18.090605692254954 ], [ -163.156523207263177, -18.090720541274393 ], [ -163.15645663121947, -18.090835507268242 ], [ -163.156336685437878, -18.0909758819008 ], [ -163.156283384642478, -18.091116260971866 ], [ -163.156296671217575, -18.091231126493842 ], [ -163.156403107267323, -18.091358589818974 ], [ -163.156562950904089, -18.091409514845814 ], [ -163.156802648269036, -18.091370976799691 ], [ -163.156989097482381, -18.09130698654851 ], [ -163.157095613278187, -18.091332370719897 ], [ -163.157175543519429, -18.091447150085877 ], [ -163.15718869149282, -18.091638485954014 ], [ -163.157175333111041, -18.091817138438813 ], [ -163.157188676223285, -18.091957431618908 ], [ -163.157308371416633, -18.092135916989026 ], [ -163.157588078092829, -18.092148364090836 ], [ -163.157707931423005, -18.09212269194111 ], [ -163.157787954276898, -18.091918523775433 ], [ -163.157867865489948, -18.091854578445119 ], [ -163.158147571572812, -18.091867024814785 ], [ -163.158440499549499, -18.091879545952853 ], [ -163.158666946367759, -18.091879254839832 ], [ -163.158906565155775, -18.091942792573811 ], [ -163.159159628633688, -18.09191703807431 ], [ -163.15931939325165, -18.091967872090262 ], [ -163.159385958520744, -18.092069863680749 ], [ -163.159425848841096, -18.092273876875161 ], [ -163.1593459272828, -18.092452614217706 ], [ -163.15926586093741, -18.092618640179737 ], [ -163.159212590456093, -18.09282277193007 ], [ -163.159172522586204, -18.092950421680619 ], [ -163.159212484378457, -18.093065251510112 ], [ -163.159318981906267, -18.093116153759592 ], [ -163.159478855516397, -18.092924598031932 ], [ -163.159625431205995, -18.092733058957364 ], [ -163.159772023860427, -18.092515910121275 ], [ -163.159905292760016, -18.092337192536338 ], [ -163.160065134717172, -18.09208179425735 ], [ -163.160145154319196, -18.091775549049391 ], [ -163.16018522294155, -18.091443836178851 ], [ -163.160225377896495, -18.091099316792707 ], [ -163.160305414377632, -18.090767461943123 ], [ -163.160305502397762, -18.090550592325819 ], [ -163.16034542240368, -18.090410141101945 ], [ -163.160452092606846, -18.090231366880086 ], [ -163.16062527062374, -18.089925002910125 ], [ -163.160798476839034, -18.089784467611654 ], [ -163.161171375333112, -18.089541599099245 ], [ -163.161451146679923, -18.08936278167457 ], [ -163.161624369527516, -18.089298712671674 ], [ -163.161850803899512, -18.089107160559912 ], [ -163.162023910318766, -18.088890069294528 ], [ -163.162210428574866, -18.088723906674598 ], [ -163.162476850084431, -18.088506782402654 ], [ -163.162849907876989, -18.088149117253195 ], [ -163.163063021024328, -18.087983010502647 ], [ -163.163236153961464, -18.087829670638769 ], [ -163.1635159666466, -18.087587007389288 ], [ -163.163769058080334, -18.087408133038025 ], [ -163.163995447546853, -18.087267528150843 ], [ -163.164168629316379, -18.087152510327133 ], [ -163.164355097409583, -18.087050190100971 ], [ -163.164554961063175, -18.086922421759677 ], [ -163.164754801105403, -18.086718006475408 ], [ -163.164927950059649, -18.086539146179973 ], [ -163.16504780538898, -18.086296693736887 ], [ -163.165114537569224, -18.086066932119241 ], [ -163.165261128889966, -18.085735080897329 ], [ -163.165327820622991, -18.085454282107733 ], [ -163.165327864126795, -18.085288362400668 ], [ -163.165301342844685, -18.084982256655653 ], [ -163.165261409688725, -18.084829194364485 ], [ -163.165154933454517, -18.084752685141392 ], [ -163.165048451064536, -18.084689070752809 ], [ -163.164848638415236, -18.084651099488742 ], [ -163.164622336914192, -18.084676821969609 ], [ -163.164369170358981, -18.084753622013487 ], [ -163.164249256189265, -18.084868570190441 ], [ -163.164102855292583, -18.084945316319935 ], [ -163.163982932364036, -18.085073069191754 ], [ -163.163876295637806, -18.08521351980167 ], [ -163.16375639987433, -18.085302948315242 ], [ -163.163543347457619, -18.085392496616407 ], [ -163.163263643800775, -18.085494847072354 ], [ -163.163010555007077, -18.085571734127747 ], [ -163.162824153248636, -18.085584689560399 ], [ -163.162624367243495, -18.085508391759706 ], [ -163.162384736064524, -18.085470286521016 ], [ -163.162185019442461, -18.085406791345253 ], [ -163.161958648391106, -18.085317721484479 ], [ -163.161692250795255, -18.08530526185503 ], [ -163.161479282936597, -18.085279925052454 ], [ -163.161239539723198, -18.085293039314418 ], [ -163.160999813724942, -18.085280543594969 ], [ -163.160813439835522, -18.085255172629047 ], [ -163.1606003573458, -18.085280965767225 ], [ -163.160413916135496, -18.085344957991971 ], [ -163.16028066285233, -18.085408883466442 ], [ -163.160120825700574, -18.08556220409147 ], [ -163.160027509978875, -18.08576638883147 ], [ -163.159934176632561, -18.085996183286351 ], [ -163.159827604767145, -18.086149435590819 ], [ -163.159641101293147, -18.086289895976336 ], [ -163.159534548636458, -18.086417628600142 ], [ -163.15945464897149, -18.086468769160284 ], [ -163.159374640172018, -18.086660222470389 ], [ -163.159321342537623, -18.086800601673865 ], [ -163.159347848726981, -18.08701752850585 ], [ -163.159374411774394, -18.0871578063723 ], [ -163.159334497730413, -18.087285362441428 ], [ -163.15924120523286, -18.087362131031291 ], [ -163.159161283314745, -18.087438701053753 ], [ -163.159041374465403, -18.087540932274219 ], [ -163.158934809843061, -18.087681379540125 ], [ -163.158814850427177, -18.087847364666015 ], [ -163.158708326977433, -18.087936862757584 ], [ -163.158561801188256, -18.088064556460122 ], [ -163.158361930677216, -18.088192319699548 ], [ -163.158228823164848, -18.088269135979807 ], [ -163.158068961258778, -18.088345808378509 ], [ -163.157975732252822, -18.088435199525783 ], [ -163.158015622735661, -18.088537226802707 ], [ -163.158175374284326, -18.088498700353224 ], [ -163.158348513800718, -18.08844753091854 ], [ -163.158495047711341, -18.0884091092468 ], [ -163.158641559718291, -18.08839611697314 ], [ -163.158787998209874, -18.088383306526101 ], [ -163.158961254333718, -18.088281095688011 ], [ -163.159134411533529, -18.088102239129618 ], [ -163.159254311884666, -18.088012812656526 ], [ -163.159360853956713, -18.087999871445188 ], [ -163.159467348112315, -18.088050774245396 ], [ -163.159467327948363, -18.088178370573175 ], [ -163.159320716219895, -18.088318871326486 ], [ -163.159267409595572, -18.088472055475155 ], [ -163.15921409416967, -18.088638044493834 ], [ -163.159174093443255, -18.088778407153651 ], [ -163.159107439940584, -18.088893285133718 ], [ -163.158987567358906, -18.088944387161529 ], [ -163.158761182479736, -18.088970195828388 ], [ -163.158614715055961, -18.089021330854688 ], [ -163.158481507603511, -18.089123578588694 ], [ -163.15837488375962, -18.089238507859196 ], [ -163.158241694573206, -18.089417312712968 ], [ -163.158214981562423, -18.089570463665705 ], [ -163.158161671640045, -18.089723557637118 ], [ -163.158095049950418, -18.089800291198852 ], [ -163.157975125965322, -18.089915146816203 ], [ -163.157802016431532, -18.090030248853715 ], [ -163.1575755388929, -18.090068682751721 ], [ -163.157415727837218, -18.090081691033575 ], [ -163.157269251695766, -18.090043553221328 ], [ -163.157149370435889, -18.090005382276843 ], [ -163.157016209899723, -18.090043785073025 ], [ -163.156856414639549, -18.090133260109482 ], [ -163.15670988086535, -18.090171771017634 ], [ -163.156669939634924, -18.090133497538304 ], [ -163.156696645120888, -18.089993151420483 ], [ -163.156843142963083, -18.089903693007745 ], [ -163.157029590713393, -18.089839703028431 ], [ -163.157189490368381, -18.089813978660462 ], [ -163.157335976765665, -18.089737234717848 ], [ -163.15744259067236, -18.089635020594461 ], [ -163.157562505477983, -18.089430803098576 ], [ -163.157642470063109, -18.089201117191031 ], [ -163.157682519057857, -18.089098987323158 ], [ -163.157749135526103, -18.088933072012775 ], [ -163.157802393062099, -18.088843642052296 ], [ -163.157829097640217, -18.088703295986139 ], [ -163.157775879119384, -18.088639519595255 ], [ -163.15760267239898, -18.088677975499344 ], [ -163.157456226644769, -18.088703680131044 ], [ -163.157176583309166, -18.088716749711025 ], [ -163.157003455932767, -18.088653126426834 ], [ -163.156896950753776, -18.088614936965651 ], [ -163.15668387167932, -18.088627921788522 ], [ -163.156537310200036, -18.088602589720701 ], [ -163.156550689600067, -18.088500584663862 ], [ -163.156657263516678, -18.088449410392439 ], [ -163.156817115342932, -18.088385453800907 ], [ -163.156990291160213, -18.08838523307416 ], [ -163.157163351302415, -18.088333976209803 ], [ -163.157309818864888, -18.088282842318389 ], [ -163.157496371208055, -18.088180526030783 ], [ -163.157576303134334, -18.088091151597848 ], [ -163.157616274335993, -18.087989023456338 ], [ -163.157576406248921, -18.087861566490893 ], [ -163.157429921053165, -18.087836143193716 ], [ -163.157310021492634, -18.087823491710253 ], [ -163.157163487582807, -18.087861912432977 ], [ -163.157043703560475, -18.087900296773455 ], [ -163.156923832833513, -18.087951487629272 ], [ -163.156830556571038, -18.088002645522245 ], [ -163.156630786545861, -18.08800289890662 ], [ -163.156577550944093, -18.087862564667297 ], [ -163.156457751183524, -18.087824481403786 ], [ -163.15637784112738, -18.087786258679113 ], [ -163.156391238577754, -18.087658643800438 ], [ -163.156564407157447, -18.087569151438426 ], [ -163.156684277802526, -18.087517960837108 ], [ -163.157003879930102, -18.087415479061555 ], [ -163.1571771188095, -18.087338879606765 ], [ -163.157323621179444, -18.087236526282165 ], [ -163.157430169317848, -18.087121689490345 ], [ -163.157483406790476, -18.087057779345798 ], [ -163.157510149602444, -18.086968470952534 ], [ -163.15748352620426, -18.086904661376238 ], [ -163.157403589796843, -18.086904853724501 ], [ -163.157310409739949, -18.08693040024141 ], [ -163.157257103402173, -18.086981507122847 ], [ -163.157163885502598, -18.087058183050921 ], [ -163.157110581174578, -18.087007212895596 ], [ -163.157044086298583, -18.086917932916823 ], [ -163.156964178751451, -18.086879800503958 ] ] ], [ [ [ -163.139588256545466, -18.015644504830714 ], [ -163.139481814237712, -18.015593580249913 ], [ -163.139375317097432, -18.015517046775596 ], [ -163.139188935635303, -18.015581184982882 ], [ -163.139122284149266, -18.015696053571002 ], [ -163.139108954306664, -18.015810772411946 ], [ -163.13908232799605, -18.016015050259938 ], [ -163.139082139873636, -18.016206407911309 ], [ -163.139122047823605, -18.016410433441013 ], [ -163.139241751551509, -18.016576319185763 ], [ -163.139401466664339, -18.016678134621461 ], [ -163.139534495044444, -18.016805500133334 ], [ -163.139547754141148, -18.016920370979957 ], [ -163.139534428882484, -18.017035270064088 ], [ -163.139534340866845, -18.01712454621385 ], [ -163.139587540886453, -18.017252088118386 ], [ -163.139667375073998, -18.017328561037719 ], [ -163.139787175028374, -18.017392184583802 ], [ -163.139920231166201, -18.01749411945265 ], [ -163.140013374677494, -18.017634422251938 ], [ -163.140079829319149, -18.017800185178647 ], [ -163.140159631447887, -18.017991542671496 ], [ -163.140266065631408, -18.018131740939861 ], [ -163.140399171995284, -18.018182634663564 ], [ -163.140585447495937, -18.018233471441551 ], [ -163.140691980710329, -18.018271588129803 ], [ -163.140838410089231, -18.018373596362444 ], [ -163.141024708314887, -18.018398822216671 ], [ -163.141131239811017, -18.018360469523149 ], [ -163.141144563914054, -18.018245570530638 ], [ -163.14106481976367, -18.018156381693125 ], [ -163.14097166602096, -18.018028974980808 ], [ -163.140811942995612, -18.017850511897173 ], [ -163.140639013364819, -18.017582696656071 ], [ -163.140585850574922, -18.017416919810909 ], [ -163.140545980111796, -18.01725112873563 ], [ -163.140492779458157, -18.01712358723606 ], [ -163.140346467264891, -18.01698334139606 ], [ -163.140293266866905, -18.016855799793209 ], [ -163.140160207740252, -18.016677305798289 ], [ -163.140067168171043, -18.01643510191154 ], [ -163.139960731226296, -18.016294723014116 ], [ -163.139814376564914, -18.015963214166757 ], [ -163.139588256545466, -18.015644504830714 ] ] ], [ [ [ -163.157557110351064, -17.998156317428442 ], [ -163.157357419821182, -17.998182069119348 ], [ -163.157184446367722, -17.998144034556066 ], [ -163.157077912670161, -17.998118639719362 ], [ -163.15693147602542, -17.998042251841767 ], [ -163.156785217929524, -17.997940340692686 ], [ -163.156638768922789, -17.99787666737204 ], [ -163.156532279484821, -17.997889595286587 ], [ -163.156425764780863, -17.997927952823879 ], [ -163.156266065044605, -17.997991889853598 ], [ -163.156212735032994, -17.998094120620848 ], [ -163.15625267975679, -17.998183346769729 ], [ -163.156332439216982, -17.998336372673077 ], [ -163.156385651456475, -17.998451103633894 ], [ -163.156385613592789, -17.998578701001438 ], [ -163.156385529543968, -17.998757337981402 ], [ -163.156425394807087, -17.998935928424803 ], [ -163.156531857676327, -17.999037792816321 ], [ -163.156678242615158, -17.999088752858661 ], [ -163.156798065342258, -17.999114042693513 ], [ -163.156891229633771, -17.99922881689433 ], [ -163.156931129044665, -17.999369082352214 ], [ -163.156931081280334, -17.999509484589783 ], [ -163.156984262686592, -17.999573177317711 ], [ -163.157117401411909, -17.99957302221668 ], [ -163.157316969991967, -17.99959831167439 ], [ -163.157609830592804, -17.999598060947331 ], [ -163.157822809732409, -17.999661566053867 ], [ -163.158022456039475, -17.999686853071058 ], [ -163.158315268847275, -17.999737550611073 ], [ -163.158461678349624, -17.999673626831068 ], [ -163.158568161162805, -17.999584230237293 ], [ -163.15859487880266, -17.999431081563834 ], [ -163.158541708257275, -17.999265221960069 ], [ -163.158515120976404, -17.999099422243543 ], [ -163.158541782783828, -17.9990101179995 ], [ -163.158608371939181, -17.998856924022959 ], [ -163.158714887350158, -17.998729202786123 ], [ -163.158794786486141, -17.998639746292088 ], [ -163.158754852881344, -17.998537806150971 ], [ -163.158648442152838, -17.998461371125501 ], [ -163.158448805559033, -17.99842318942363 ], [ -163.158262511499089, -17.998334223304024 ], [ -163.158116127044565, -17.998283264427002 ], [ -163.157849887243117, -17.998245340936798 ], [ -163.157557110351064, -17.998156317428442 ] ] ], [ [ [ -163.136738471465463, -18.071536663944691 ], [ -163.137004903566776, -18.071243014778421 ], [ -163.137138198565793, -18.071051506265309 ], [ -163.137311394866401, -18.070847238171638 ], [ -163.13752456576762, -18.070630028495625 ], [ -163.137737753100168, -18.070400283880165 ], [ -163.138017401255127, -18.070272363924783 ], [ -163.138230523495565, -18.070195648674151 ], [ -163.138470223116371, -18.070131528363813 ], [ -163.138696576022369, -18.070042084391687 ], [ -163.138869855604383, -18.0698249184641 ], [ -163.138989698076529, -18.069633517654072 ], [ -163.139149706082378, -18.069390936446514 ], [ -163.139256249786825, -18.06919946038143 ], [ -163.139429527965575, -18.068982294242442 ], [ -163.1396026188132, -18.06880354688133 ], [ -163.139815692174807, -18.068777870775712 ], [ -163.139935531306264, -18.068841486473548 ], [ -163.140002087527705, -18.06893077401168 ], [ -163.140015300032275, -18.06910939875954 ], [ -163.139962029921747, -18.069288008302749 ], [ -163.139895366850681, -18.069402880730134 ], [ -163.139775416457979, -18.069632699050246 ], [ -163.139855141361437, -18.069862287662751 ], [ -163.14005491584652, -18.069925899983193 ], [ -163.14021465694475, -18.069976755285754 ], [ -163.140427669348952, -18.070104107551117 ], [ -163.14064069242869, -18.070218654362137 ], [ -163.140866982083281, -18.070282237271702 ], [ -163.141133248455247, -18.070332967823678 ], [ -163.141359570428733, -18.070447588733444 ], [ -163.141559323054025, -18.070536719395061 ], [ -163.141798909421652, -18.070600285940571 ], [ -163.142025289841769, -18.070651150626986 ], [ -163.142224940403935, -18.070765712152458 ], [ -163.142504548547436, -18.07085474899149 ], [ -163.142770953421802, -18.070752446436178 ], [ -163.142983960526323, -18.07062459920893 ], [ -163.143117167684096, -18.07061172702425 ], [ -163.143236998749586, -18.070688145277281 ], [ -163.143423368117539, -18.070790095769507 ], [ -163.143596416915301, -18.070917491259337 ], [ -163.143782739707007, -18.071070391352254 ], [ -163.143902602107829, -18.071197757430145 ], [ -163.143902435122413, -18.071389203110122 ], [ -163.143875741188623, -18.07159339267535 ], [ -163.143915604061533, -18.071797413975677 ], [ -163.144008755946686, -18.071886668874761 ], [ -163.144208478065366, -18.071924757698774 ], [ -163.144355003015818, -18.071975622590905 ], [ -163.144541362119213, -18.072090286548306 ], [ -163.14466110484554, -18.072179420211288 ], [ -163.144714399934713, -18.072141031968187 ], [ -163.144647864497642, -18.072026316883427 ], [ -163.14452812115573, -18.071847819575769 ], [ -163.144421686524282, -18.071656591844786 ], [ -163.144301863879093, -18.07147800583499 ], [ -163.144248727421285, -18.071337843571374 ], [ -163.144248749246117, -18.071222959853628 ], [ -163.144195587981983, -18.071018863839825 ], [ -163.144102461085879, -18.070904179004476 ], [ -163.143929375233796, -18.070814928970243 ], [ -163.143782953652789, -18.070738631901467 ], [ -163.143703021036231, -18.070649363145918 ], [ -163.143569906004643, -18.070560245491315 ], [ -163.143410196680065, -18.070471068070923 ], [ -163.143197202657603, -18.070407473166505 ], [ -163.142930868476867, -18.070433305953614 ], [ -163.142744431902344, -18.070407915199773 ], [ -163.142544746132245, -18.070420953144446 ], [ -163.142398208293542, -18.070382711367579 ], [ -163.142198558148237, -18.070268149953701 ], [ -163.142052067292667, -18.070268321603756 ], [ -163.141812345747923, -18.070268512266729 ], [ -163.141559395360446, -18.070281521212916 ], [ -163.14138623645016, -18.070281814376049 ], [ -163.141053377480091, -18.070180032431292 ], [ -163.140880396081258, -18.070065347477801 ], [ -163.140747305462554, -18.069950707309353 ], [ -163.140640817708658, -18.069823231779669 ], [ -163.140427861935336, -18.069632034178738 ], [ -163.140294792803871, -18.069491783246381 ], [ -163.140241513135919, -18.069338727133708 ], [ -163.140254963665797, -18.069083602002639 ], [ -163.140281716887444, -18.068904930652394 ], [ -163.140188604004237, -18.068777437997724 ], [ -163.140095390506303, -18.068675467136497 ], [ -163.139962278466783, -18.068586346298861 ], [ -163.139775866795048, -18.068535431972165 ], [ -163.139576169601554, -18.068561181491276 ], [ -163.139429662763462, -18.068663339928126 ], [ -163.139309726874785, -18.06879107877694 ], [ -163.139176513461507, -18.068982586337459 ], [ -163.139056623547191, -18.069059284650862 ], [ -163.138883454123658, -18.069238033348082 ], [ -163.138696927782064, -18.069314809373804 ], [ -163.138563810983584, -18.069314961639243 ], [ -163.138457320275563, -18.069276758620177 ], [ -163.138217639973391, -18.069149435066386 ], [ -163.138031352176768, -18.069047476885029 ], [ -163.137884877326002, -18.068945565774253 ], [ -163.137725132014594, -18.068818239203782 ], [ -163.137565416754143, -18.068652406718375 ], [ -163.137458934026085, -18.068525018919487 ], [ -163.137392449430763, -18.068359169373647 ], [ -163.137365933035511, -18.068193363879395 ], [ -163.137405907684666, -18.068014679233823 ], [ -163.137485904519593, -18.06786155729548 ], [ -163.137565922563709, -18.06768282494583 ], [ -163.137512689594587, -18.06756809127668 ], [ -163.137419590022802, -18.067427791515001 ], [ -163.137339664042656, -18.067338609265065 ], [ -163.137299815767278, -18.067211053836793 ], [ -163.137206669570844, -18.067121794466765 ], [ -163.137046871672851, -18.067134691614367 ], [ -163.136913679853535, -18.067300677581287 ], [ -163.136700579782826, -18.067441234943733 ], [ -163.136514030155382, -18.067543528974291 ], [ -163.136314255113604, -18.067569276642935 ], [ -163.136127875270176, -18.06756939730872 ], [ -163.135968132851076, -18.067607902441299 ], [ -163.135808155432386, -18.067812156038915 ], [ -163.135754809815467, -18.068067326194857 ], [ -163.135674785513885, -18.068335422737796 ], [ -163.135554863945998, -18.068526913847119 ], [ -163.135461640088153, -18.068603489038608 ], [ -163.135301771317188, -18.068693036176324 ], [ -163.135048669650246, -18.068782508767431 ], [ -163.134675796063135, -18.068986999293806 ], [ -163.134515991184742, -18.069089259374277 ], [ -163.134382706927795, -18.069268051257044 ], [ -163.134142966804404, -18.069370311896609 ], [ -163.133956562788597, -18.069396041348995 ], [ -163.133783351132735, -18.069447187988967 ], [ -163.133676818769544, -18.069536582381048 ], [ -163.133530301729337, -18.06972810192492 ], [ -163.133436976673124, -18.069830288620981 ], [ -163.133330469999436, -18.069894252638662 ], [ -163.133064135655587, -18.069996541294788 ], [ -163.132944174883647, -18.070060432865343 ], [ -163.132930860177254, -18.07016252732701 ], [ -163.132930732574181, -18.070379404029428 ], [ -163.13281077709803, -18.070519855132481 ], [ -163.132744186237773, -18.07063472443912 ], [ -163.132797395833052, -18.070775070380254 ], [ -163.132890529541129, -18.070877047059785 ], [ -163.132997068769384, -18.070864212405215 ], [ -163.133116987205483, -18.070761996703279 ], [ -163.133183577823615, -18.07064712730795 ], [ -163.13333016845823, -18.070544970915982 ], [ -163.133463338653144, -18.070570250677267 ], [ -163.133489848542496, -18.07065958798627 ], [ -163.133436517503185, -18.070812678409698 ], [ -163.133369892167877, -18.07096587352088 ], [ -163.133289868715195, -18.071144605240303 ], [ -163.133276469394985, -18.071335976 ], [ -163.133302913487285, -18.071578434003897 ], [ -163.133449399881187, -18.071667543420816 ], [ -163.133595923297321, -18.07171841718829 ], [ -163.13364903723712, -18.071794919996293 ], [ -163.133635759914313, -18.071858778932139 ], [ -163.133595647574936, -18.072011856510947 ], [ -163.133622241731558, -18.072177751542252 ], [ -163.133742023494108, -18.072305217076718 ], [ -163.134008364608405, -18.072279396182758 ], [ -163.134154869337635, -18.072266425076553 ], [ -163.134354611469007, -18.072202534846618 ], [ -163.134567671448167, -18.072113019299969 ], [ -163.134847409723477, -18.072061660659717 ], [ -163.135087061959752, -18.071972115275944 ], [ -163.135380031233666, -18.071908027815393 ], [ -163.135593084199684, -18.071907785706326 ], [ -163.135779593608106, -18.071856622328369 ], [ -163.136045902476781, -18.071779759853982 ], [ -163.136352210671134, -18.071753980144408 ], [ -163.136738471465463, -18.071536663944691 ] ] ], [ [ [ -163.157544451742268, -17.996165995225777 ], [ -163.157437973944553, -17.996166118463627 ], [ -163.15738468896123, -17.996217219625276 ], [ -163.157358104324459, -17.996306522092798 ], [ -163.157304775304112, -17.996408752942628 ], [ -163.15722487391929, -17.996498118653896 ], [ -163.157211533423464, -17.996638445721608 ], [ -163.157224798798325, -17.996753313178715 ], [ -163.15726470792211, -17.996880773697246 ], [ -163.157344513365587, -17.996982759574394 ], [ -163.157450945659065, -17.997033675845586 ], [ -163.157544177868147, -17.997071890558434 ], [ -163.157637307336785, -17.997135536531378 ], [ -163.157717058383213, -17.997212004083469 ], [ -163.157783575967983, -17.997314094841563 ], [ -163.157876815153685, -17.997428776847169 ], [ -163.157983277579859, -17.997530640463687 ], [ -163.158063042868207, -17.997505030433217 ], [ -163.158076460270991, -17.997364701771165 ], [ -163.15806321924407, -17.997224404868341 ], [ -163.157956804375857, -17.996982139168377 ], [ -163.157876931367156, -17.996867350337968 ], [ -163.157783906397555, -17.996688910569276 ], [ -163.157690743329113, -17.996574136622772 ], [ -163.157637532903493, -17.996370043456896 ], [ -163.157544451742268, -17.996165995225777 ] ] ] ] } },
{ "type": "Feature", "properties": { "eaid": "4501", "ea_name": "suwarrow national park", "cdid": "45", "gid": "3" }, "geometry": { "type": "MultiPolygon", "coordinates": [ [ [ [ -163.12861303253743, -13.207159177734914 ], [ -163.128241814332227, -13.206756077827954 ], [ -163.128021913352484, -13.206349315928271 ], [ -163.127626091588951, -13.205792693283204 ], [ -163.126900418355746, -13.205771284694592 ], [ -163.126284695612441, -13.205985370496249 ], [ -163.125932854044834, -13.206434950068731 ], [ -163.125559022379264, -13.207141430581496 ], [ -163.125559022379264, -13.208468752076879 ], [ -163.125866883750916, -13.210031556844539 ], [ -163.126306685710432, -13.210994924661465 ], [ -163.12657056688613, -13.211401678820279 ], [ -163.12657056688613, -13.211679983906777 ], [ -163.126724497571928, -13.212001104766079 ], [ -163.127340220315261, -13.211936880628022 ], [ -163.127736042078823, -13.211765616177237 ], [ -163.128549675703937, -13.211337454524481 ], [ -163.129275348937085, -13.210802251402269 ], [ -163.129231368741131, -13.210160006106484 ], [ -163.129143408349222, -13.209667616901946 ], [ -163.129055447957313, -13.209346492972571 ], [ -163.129011467761387, -13.209153818412171 ], [ -163.129011467761387, -13.208961143699689 ], [ -163.129187388545176, -13.208554385473926 ], [ -163.129187388545176, -13.208276076823683 ], [ -163.129143408349222, -13.207976359460906 ], [ -163.129108969582632, -13.207894934883749 ], [ -163.129103639147218, -13.207898642065944 ], [ -163.129085636054668, -13.207911650623036 ], [ -163.129068677409833, -13.207923559950606 ], [ -163.12904387476226, -13.20793857250661 ], [ -163.129020810331667, -13.207948596202344 ], [ -163.128994885806463, -13.207955599462638 ], [ -163.12897296905291, -13.20796163599343 ], [ -163.128948849540251, -13.207967617925451 ], [ -163.128923608152149, -13.207974610139457 ], [ -163.128899886376331, -13.207981667989078 ], [ -163.128871749971552, -13.207992585402829 ], [ -163.128851586606402, -13.208003554357015 ], [ -163.128827839013809, -13.208013589079338 ], [ -163.128807727264842, -13.208018604274999 ], [ -163.128786797259465, -13.208024624846274 ], [ -163.128765958337453, -13.208031545902086 ], [ -163.12873390066548, -13.208048569790659 ], [ -163.128711907974804, -13.208063627109725 ], [ -163.128690715321227, -13.208076596995662 ], [ -163.128667649337075, -13.208086530496123 ], [ -163.128641726295228, -13.208093623898945 ], [ -163.128615792632729, -13.208095576310219 ], [ -163.128615789893473, -13.208095576089407 ], [ -163.128615782737626, -13.208095576628132 ], [ -163.128590617238444, -13.208093548008065 ], [ -163.128569738858801, -13.208084595225873 ], [ -163.128552783255543, -13.20806962612796 ], [ -163.128540964907671, -13.208048621089697 ], [ -163.128535853521726, -13.208024621404171 ], [ -163.128532623061915, -13.207999599169844 ], [ -163.128531932394253, -13.207967590816349 ], [ -163.128530854624017, -13.20793062794821 ], [ -163.128531961398778, -13.207892637625509 ], [ -163.128531920485358, -13.207858634464356 ], [ -163.128532620386324, -13.207832556563998 ], [ -163.128534848998811, -13.207811595122532 ], [ -163.128537709146343, -13.207787556818388 ], [ -163.128541616782115, -13.20776259962976 ], [ -163.128545633716101, -13.207739624983015 ], [ -163.128551742589934, -13.207714632224745 ], [ -163.128558912612021, -13.207689532123661 ], [ -163.128566878110007, -13.207666583868116 ], [ -163.128572624154998, -13.20764258912728 ], [ -163.128575863825517, -13.207618544691391 ], [ -163.128576920473563, -13.207595617880902 ], [ -163.128579789738865, -13.207567610814911 ], [ -163.128582683279575, -13.207545556280296 ], [ -163.128584886099702, -13.207518552137529 ], [ -163.128587721972707, -13.207488561303613 ], [ -163.128589883822457, -13.207454612745659 ], [ -163.128590627781591, -13.207417620441776 ], [ -163.128591734569113, -13.207379630121103 ], [ -163.128593861511234, -13.207343607623825 ], [ -163.128594975878684, -13.207310577950368 ], [ -163.128597785940201, -13.207283563995945 ], [ -163.1286007235135, -13.207259614638753 ], [ -163.12860395406824, -13.207239538967286 ], [ -163.12860571816222, -13.207213534068584 ], [ -163.128607870874191, -13.207192573855737 ], [ -163.128610790234035, -13.207167542443511 ], [ -163.12861303253743, -13.207159177734914 ] ] ], [ [ [ -163.130564994456108, -13.212165125898055 ], [ -163.130506794423724, -13.212150961022489 ], [ -163.129957041974365, -13.21227940916903 ], [ -163.129451269720903, -13.212429265254547 ], [ -163.128835546977598, -13.212664753203017 ], [ -163.12808788364643, -13.212728977149526 ], [ -163.127824002470732, -13.212707569169236 ], [ -163.12753813119707, -13.212836017022813 ], [ -163.127406190609207, -13.213028688676417 ], [ -163.127384200511244, -13.213071504578782 ], [ -163.127362210413253, -13.213285583977923 ], [ -163.127384200511244, -13.213713742212779 ], [ -163.127450170805162, -13.213906413173374 ], [ -163.127582111392996, -13.214099083981836 ], [ -163.127824002470732, -13.214441609487912 ], [ -163.128065893548467, -13.214698503301925 ], [ -163.128439725214065, -13.215190882356124 ], [ -163.1285716658019, -13.215447775381257 ], [ -163.129033457859379, -13.21570466813591 ], [ -163.129297339035105, -13.21559762952101 ], [ -163.129671170700647, -13.215319328902499 ], [ -163.130045002366273, -13.215062435742125 ], [ -163.130528784521715, -13.214463017316074 ], [ -163.130946596383211, -13.213906413173374 ], [ -163.131276447852855, -13.213392623607065 ], [ -163.131298437950818, -13.213092912527147 ], [ -163.131166497362983, -13.212771793104475 ], [ -163.131165180484658, -13.212768716261497 ], [ -163.131153761640405, -13.21276564429068 ], [ -163.131129652245988, -13.212758728421205 ], [ -163.131105844957233, -13.21275171746699 ], [ -163.13107954796277, -13.212745648735801 ], [ -163.13105761408093, -13.212741674122883 ], [ -163.131036741364966, -13.212737592148487 ], [ -163.131015895934837, -13.212730623473419 ], [ -163.130996797864668, -13.212723716729435 ], [ -163.130976634071345, -13.212716646829911 ], [ -163.130950684703862, -13.212708678354216 ], [ -163.130925872409193, -13.212700601288782 ], [ -163.130901744789526, -13.212692603342107 ], [ -163.130880899364143, -13.212685634653706 ], [ -163.130856755033733, -13.212676644821039 ], [ -163.130831513075265, -13.212665598240257 ], [ -163.130809580599703, -13.212652694218999 ], [ -163.130792656407579, -13.212639618998431 ], [ -163.130776840422413, -13.212624721941399 ], [ -163.130761671131069, -13.212607649729966 ], [ -163.13074481671589, -13.212589702815189 ], [ -163.130727868165991, -13.212570675074137 ], [ -163.130710556800409, -13.212552645350357 ], [ -163.130691828993463, -13.212531662078614 ], [ -163.130675656224071, -13.212513613936506 ], [ -163.130657654060798, -13.212490634622052 ], [ -163.130638572505262, -13.212466680610557 ], [ -163.130619868964743, -13.212442630287526 ], [ -163.13060362936244, -13.212420614612642 ], [ -163.130584623724559, -13.212396659366265 ], [ -163.130571657255729, -13.212379641706459 ], [ -163.130558699851122, -13.212358655292805 ], [ -163.130548594974698, -13.212335728638887 ], [ -163.130542840996839, -13.212309664970721 ], [ -163.130541743163889, -13.212289569107426 ], [ -163.130542807055036, -13.21226258341942 ], [ -163.130546825254953, -13.21223969895162 ], [ -163.130551827193983, -13.212216618183691 ], [ -163.130557607941228, -13.212194697363712 ], [ -163.130563689273572, -13.212172591291635 ], [ -163.130564994456108, -13.212165125898055 ] ] ], [ [ [ -163.105943854985355, -13.24463548275047 ], [ -163.105679973809657, -13.244646185338768 ], [ -163.105460072829885, -13.244838831847675 ], [ -163.10513022136027, -13.245138503891825 ], [ -163.104855345135576, -13.24550239087803 ], [ -163.104679424351815, -13.245823467178806 ], [ -163.104558478812919, -13.246144543056054 ], [ -163.104426538225056, -13.246283675804662 ], [ -163.104360567931138, -13.246658263578681 ], [ -163.104448528323047, -13.247257602817976 ], [ -163.104371562980106, -13.247664296461227 ], [ -163.104569473861886, -13.24824222836412 ], [ -163.104558478812919, -13.248595408295801 ], [ -163.104448528323047, -13.249066314074039 ], [ -163.104349572882143, -13.249612135540371 ], [ -163.104019721412527, -13.249836885200065 ], [ -163.103634894697933, -13.25007233700185 ], [ -163.1031291224445, -13.250339895590962 ], [ -163.102854246219806, -13.250885714200455 ], [ -163.102502404652228, -13.251506447601622 ], [ -163.10227150862346, -13.252084370379077 ], [ -163.102227528427534, -13.252458949223801 ], [ -163.102458424456273, -13.252737207420811 ], [ -163.102689320485013, -13.252812123034863 ], [ -163.103019171954628, -13.252576673884457 ], [ -163.103206087787441, -13.252148583936275 ], [ -163.103228077885433, -13.251977347746084 ], [ -163.10352494420809, -13.251848920524351 ], [ -163.103755840236829, -13.251709790957632 ], [ -163.103975741216573, -13.251581363594662 ], [ -163.104162657049358, -13.25144223387494 ], [ -163.104382558029101, -13.251292401780111 ], [ -163.104591463959906, -13.25115327189515 ], [ -163.104822359988617, -13.251003439622371 ], [ -163.105031265919393, -13.250746584082938 ], [ -163.1052731569971, -13.250404109608571 ], [ -163.105383107487, -13.250200765161342 ], [ -163.105646988662727, -13.24981548047951 ], [ -163.105866889642471, -13.249398088052436 ], [ -163.106020820328268, -13.248991397306638 ], [ -163.106119775769145, -13.248606110709973 ], [ -163.106097785671182, -13.248295740507928 ], [ -163.106064800524194, -13.248060286987158 ], [ -163.105976840132286, -13.247824833238589 ], [ -163.10581191439752, -13.247621486636048 ], [ -163.105679973809657, -13.247418139863603 ], [ -163.105537038172798, -13.247086363185922 ], [ -163.10561400351574, -13.246818801019641 ], [ -163.105800919348525, -13.246636858578555 ], [ -163.105833904495483, -13.246465618509761 ], [ -163.105734949054579, -13.246144543056054 ], [ -163.105745944103575, -13.245962600110946 ], [ -163.105910869838397, -13.245759251952533 ], [ -163.10604281042626, -13.245224124408107 ], [ -163.105943854985355, -13.24463548275047 ] ] ], [ [ [ -163.049231392307206, -13.286136579380949 ], [ -163.048901540837591, -13.287014040203561 ], [ -163.048637659661892, -13.287848695114272 ], [ -163.048637659661892, -13.288019906023088 ], [ -163.048923530935554, -13.288298123492215 ], [ -163.048989501229499, -13.288619143252427 ], [ -163.049033481425425, -13.289068570203058 ], [ -163.049187412111252, -13.289282582744049 ], [ -163.049495273482933, -13.289539397544004 ], [ -163.050396867499899, -13.289646403630407 ], [ -163.051056570439158, -13.288982965133798 ], [ -163.051298461516922, -13.288191116811078 ], [ -163.051320451614828, -13.287677484084629 ], [ -163.050880649655369, -13.286949835860726 ], [ -163.050550798185725, -13.286093776332818 ], [ -163.050638758577634, -13.28558013916634 ], [ -163.050858659557377, -13.285045099295102 ], [ -163.050638758577634, -13.284595664891583 ], [ -163.050352887303916, -13.284403049892409 ], [ -163.050067016030283, -13.284296041493475 ], [ -163.049561243776822, -13.284231836431465 ], [ -163.049407313091024, -13.284231836431465 ], [ -163.049341342797078, -13.284360246538499 ], [ -163.049253382405169, -13.284638468203973 ], [ -163.049033481425425, -13.284831083016286 ], [ -163.04879159034769, -13.28500229605444 ], [ -163.04870362995581, -13.285323320175376 ], [ -163.048725620053773, -13.285558737594139 ], [ -163.048835570543645, -13.285815556335944 ], [ -163.048879550739599, -13.285901162522805 ], [ -163.048879550739599, -13.286008170213911 ], [ -163.049231392307206, -13.286136579380949 ] ] ], [ [ [ -163.194234098356191, -13.275842228899757 ], [ -163.193992207278455, -13.275949241025277 ], [ -163.193992207278455, -13.276056253103638 ], [ -163.194102157768356, -13.27624887472585 ], [ -163.194278078552145, -13.276334484286673 ], [ -163.194541959727871, -13.276270277118883 ], [ -163.194739870609624, -13.276077655513651 ], [ -163.195003751785322, -13.276077655513651 ], [ -163.195025741883285, -13.276077655513651 ], [ -163.195333603254966, -13.276184667535421 ], [ -163.195641464626618, -13.276163265134841 ], [ -163.195861365606362, -13.276056253103638 ], [ -163.196191217075977, -13.275949241025277 ], [ -163.196565048741576, -13.275842228899757 ], [ -163.196894900211191, -13.275842228899757 ], [ -163.197004850701092, -13.275842228899757 ], [ -163.197488632856562, -13.275842228899757 ], [ -163.197928434816021, -13.275778021601811 ], [ -163.1985001773634, -13.275563997152709 ], [ -163.19887400902897, -13.275478387320254 ], [ -163.199313810988485, -13.275285765086881 ], [ -163.199643662458129, -13.275114545195621 ], [ -163.200171424809497, -13.274793507574131 ], [ -163.200391325789241, -13.274579482257368 ], [ -163.200457296083215, -13.274108625896565 ], [ -163.200435305985224, -13.273958807772141 ], [ -163.200281375299426, -13.273594963370932 ], [ -163.200171424809497, -13.273423742287642 ], [ -163.200083464417617, -13.273316729049295 ], [ -163.19992953373179, -13.273102702431144 ], [ -163.19973162285001, -13.272910078313561 ], [ -163.199511721870238, -13.27276025944983 ], [ -163.199027939714796, -13.272674648629064 ], [ -163.198654108049226, -13.272717454043219 ], [ -163.198236296187673, -13.27276025944983 ], [ -163.198060375403912, -13.272803064848896 ], [ -163.197576593248442, -13.272910078313561 ], [ -163.197026840799055, -13.273059897084883 ], [ -163.196850920015265, -13.273273923740753 ], [ -163.196828929917274, -13.273637768622896 ], [ -163.196784949721319, -13.273808989555302 ], [ -163.196718979427402, -13.274130028478222 ], [ -163.19660902893753, -13.274472469528252 ], [ -163.196367137859795, -13.274707897470059 ], [ -163.196213207173997, -13.274729299998908 ], [ -163.195817385410436, -13.274643689872201 ], [ -163.195619474528627, -13.274622287335809 ], [ -163.195179672569139, -13.274879117648023 ], [ -163.194959771589367, -13.275307167564801 ], [ -163.194651910217715, -13.275435582392708 ], [ -163.194234098356191, -13.275842228899757 ] ] ], [ [ [ -163.178676104038686, -13.242880251903237 ], [ -163.178533168401827, -13.242880251903237 ], [ -163.178445208009919, -13.242923062562269 ], [ -163.178412222862988, -13.243062197152137 ], [ -163.178500183254869, -13.243383276671436 ], [ -163.178599138695745, -13.243565221544404 ], [ -163.178917995116393, -13.243693653137568 ], [ -163.179258841635004, -13.243693653137568 ], [ -163.179731628741479, -13.243586626814634 ], [ -163.180149440603003, -13.243415384600073 ], [ -163.180402326729734, -13.243137115744515 ], [ -163.180743173248345, -13.242965873213773 ], [ -163.181029044522006, -13.242858846570899 ], [ -163.181314915795724, -13.24263409046771 ], [ -163.181512826677476, -13.242366523407673 ], [ -163.181765712804179, -13.242034739844856 ], [ -163.182007603881914, -13.241884901958613 ], [ -163.182403425645447, -13.241788577554479 ], [ -163.182733277115091, -13.24173506398016 ], [ -163.183030143437776, -13.24168155039408 ], [ -163.183316014711437, -13.241542415015227 ], [ -163.18350293054425, -13.241253441282035 ], [ -163.183590890936159, -13.240953764455746 ], [ -163.183590890936159, -13.240729006593995 ], [ -163.183557905789144, -13.240450734668205 ], [ -163.183524920642213, -13.240225976342151 ], [ -163.18330501966247, -13.239947703841519 ], [ -163.183096113731665, -13.239722945051179 ], [ -163.182865217702982, -13.239626619791817 ], [ -163.182403425645447, -13.239444671975734 ], [ -163.182337455351558, -13.239401860705135 ], [ -163.181743722706216, -13.239348346606302 ], [ -163.181600787069357, -13.239412563523489 ], [ -163.181314915795724, -13.239744350659198 ], [ -163.18124894550175, -13.239937001046684 ], [ -163.181160985109841, -13.240279490248122 ], [ -163.181095014815952, -13.240568465137155 ], [ -163.180908098983139, -13.240964467205893 ], [ -163.180798148493267, -13.241103602914993 ], [ -163.180534267317569, -13.241360468630614 ], [ -163.180303371288829, -13.241521009565272 ], [ -163.180039490113131, -13.241713658547139 ], [ -163.179797599035425, -13.241917010084856 ], [ -163.179632673300574, -13.242131064151605 ], [ -163.179434762418822, -13.242409334157038 ], [ -163.179170881243095, -13.242676901170029 ], [ -163.178676104038686, -13.242880251903237 ] ] ] ] } },
{ "type": "Feature", "properties": { "eaid": "1102", "ea_name": "aremango & areiti", "cdid": "11", "gid": "1" }, "geometry": { "type": "MultiPolygon", "coordinates": [ [ [ [ -159.737044780580391, -21.258165499482399 ], [ -159.737291015470703, -21.258186463138408 ], [ -159.738021407978209, -21.257761336488112 ], [ -159.737925829657627, -21.257751095998536 ], [ -159.737817976241615, -21.256840050105982 ], [ -159.737722356351867, -21.25615107149024 ], [ -159.736981166067636, -21.25533086666157 ], [ -159.736698202908201, -21.255466333543364 ], [ -159.736034968724255, -21.254755082718312 ], [ -159.734704671756106, -21.255617573780281 ], [ -159.734106614953532, -21.255933081769189 ], [ -159.733121230242205, -21.255611369279247 ], [ -159.732533909470419, -21.255125418244663 ], [ -159.731693161499663, -21.255414824740448 ], [ -159.731045941250215, -21.255528377217555 ], [ -159.730845145419977, -21.255597133808109 ], [ -159.730075615104028, -21.255936314786585 ], [ -159.72981906275686, -21.256072233880985 ], [ -159.729999856872183, -21.256272997276266 ], [ -159.730290415376857, -21.256420365008776 ], [ -159.730377604209963, -21.256509566181983 ], [ -159.730415749990414, -21.256471239642266 ], [ -159.730471270679942, -21.256518111013385 ], [ -159.73042589777981, -21.256608364968422 ], [ -159.730561599750672, -21.256777707252986 ], [ -159.730904473637196, -21.257146745275868 ], [ -159.73130277953166, -21.257581348871071 ], [ -159.73130317255783, -21.257581540096524 ], [ -159.731385899713189, -21.257753801238145 ], [ -159.731502406879201, -21.25788572723026 ], [ -159.731663726477905, -21.258100929227044 ], [ -159.731790919347645, -21.258378298315868 ], [ -159.731895399407506, -21.258495061310022 ], [ -159.731879608274085, -21.258599465117577 ], [ -159.731943235468862, -21.258757779313047 ], [ -159.731960205190745, -21.25894590343885 ], [ -159.732022934398174, -21.258949446743546 ], [ -159.732046792222917, -21.259026985012994 ], [ -159.732106666817032, -21.259226082985123 ], [ -159.732173210170117, -21.25945586411293 ], [ -159.732221095986574, -21.259591488744601 ], [ -159.732190610831339, -21.259761672734129 ], [ -159.732310508380209, -21.260009092604854 ], [ -159.732317925963883, -21.260116169293148 ], [ -159.732384589576412, -21.260160805214607 ], [ -159.732420655778213, -21.260276255890385 ], [ -159.732454905949766, -21.260499489485149 ], [ -159.732522820486622, -21.260570733970052 ], [ -159.733129651971353, -21.260315802165231 ], [ -159.733619162885788, -21.260112056137974 ], [ -159.733929960138653, -21.259945760876594 ], [ -159.733962888518761, -21.259886812778298 ], [ -159.734067067963508, -21.259820237674713 ], [ -159.734376699384285, -21.259547267164471 ], [ -159.734922070079307, -21.259230090797189 ], [ -159.735150891237055, -21.25907282240226 ], [ -159.735450520433034, -21.258866918329339 ], [ -159.735701673498994, -21.258725811138181 ], [ -159.736164951845382, -21.258490647280283 ], [ -159.736794951294314, -21.258204801154985 ], [ -159.737044780580391, -21.258165499482399 ] ] ] ] } },
{ "type": "Feature", "properties": { "eaid": "1101", "ea_name": "maii&vaii-ngatangiia", "cdid": "11", "gid": "1" }, "geometry": { "type": "MultiPolygon", "coordinates": [ [ [ [ -159.743883581161583, -21.26166247150627 ], [ -159.741862212916516, -21.261221358261807 ], [ -159.74094943498082, -21.26063308144051 ], [ -159.74077588014211, -21.260509731258761 ], [ -159.740454534191969, -21.260281525078653 ], [ -159.73937478085179, -21.259516023192589 ], [ -159.739512705693073, -21.258488639818697 ], [ -159.738893143566827, -21.25785480284436 ], [ -159.738021407978209, -21.257761336488112 ], [ -159.737291015470703, -21.258186463138408 ], [ -159.737044780580391, -21.258165499482399 ], [ -159.736794951294314, -21.258204801154985 ], [ -159.736164951845382, -21.258490647280283 ], [ -159.735701673498994, -21.258725811138181 ], [ -159.735450520433034, -21.258866918329339 ], [ -159.735150891237055, -21.25907282240226 ], [ -159.734922070079307, -21.259230090797189 ], [ -159.734376699384285, -21.259547267164471 ], [ -159.734067067963508, -21.259820237674713 ], [ -159.733962888518761, -21.259886812778298 ], [ -159.733929960138653, -21.259945760876594 ], [ -159.733619162885788, -21.260112056137974 ], [ -159.733129651971353, -21.260315802165231 ], [ -159.732522820486622, -21.260570733970052 ], [ -159.732561148454238, -21.260801213292368 ], [ -159.732501279204399, -21.260827173307177 ], [ -159.732516253017849, -21.260968657635594 ], [ -159.732614929007582, -21.261006775189816 ], [ -159.73262686914947, -21.261174244956464 ], [ -159.732689797533965, -21.261352081716371 ], [ -159.732684834871662, -21.261475319907198 ], [ -159.732727934477879, -21.261561625821951 ], [ -159.732718867747906, -21.261666122387982 ], [ -159.732769056851652, -21.261669048096728 ], [ -159.732778326881231, -21.261868788959866 ], [ -159.732920001384315, -21.261978502234566 ], [ -159.732884858674765, -21.262028987050879 ], [ -159.732897556698646, -21.262087622186428 ], [ -159.732891108022613, -21.262165592735592 ], [ -159.732952390281355, -21.262188207139065 ], [ -159.733050186281702, -21.262355243506569 ], [ -159.733128330986034, -21.262393697230152 ], [ -159.733196640422761, -21.262484520481642 ], [ -159.733391778993479, -21.262678302232011 ], [ -159.733501226180266, -21.262723499518113 ], [ -159.733623408700538, -21.262823304254781 ], [ -159.733752540064813, -21.262979532386748 ], [ -159.733831345769431, -21.263060259513345 ], [ -159.733889568951952, -21.263047319150221 ], [ -159.733912385547654, -21.263105400287802 ], [ -159.734055327066187, -21.2632038705333 ], [ -159.734133796519529, -21.263389161758933 ], [ -159.73424705362865, -21.263447220148532 ], [ -159.734376474718744, -21.263565581957774 ], [ -159.734669836865862, -21.263786839350793 ], [ -159.734642697426381, -21.26384761927973 ], [ -159.734730038274932, -21.263900237804108 ], [ -159.734773826873948, -21.264008646082168 ], [ -159.734876021380501, -21.264070363335922 ], [ -159.73497135231986, -21.264043392959994 ], [ -159.734980722380556, -21.264118046759108 ], [ -159.734969796684027, -21.264220134668037 ], [ -159.735088248706035, -21.264295822498262 ], [ -159.735148691911803, -21.264283803635607 ], [ -159.735196747579863, -21.264307938789859 ], [ -159.735425545594921, -21.264145586459389 ], [ -159.735549227669964, -21.264044031894418 ], [ -159.735621498168285, -21.264034290573491 ], [ -159.735603282924984, -21.264166515925474 ], [ -159.735411447172453, -21.26430839374029 ], [ -159.73533140995653, -21.264487610507043 ], [ -159.735459211197337, -21.264725919720913 ], [ -159.735491762054636, -21.264968404796793 ], [ -159.735513351122677, -21.265222719919613 ], [ -159.735494870167003, -21.265599705610192 ], [ -159.735423579886913, -21.265876491481812 ], [ -159.735436763946637, -21.265984743811412 ], [ -159.735434574523595, -21.266185878976533 ], [ -159.735514723021197, -21.266305167378412 ], [ -159.735559750845141, -21.266337353691533 ], [ -159.735573416704284, -21.266380346202777 ], [ -159.735608099787157, -21.266403408638244 ], [ -159.73567472615332, -21.266403378253866 ], [ -159.735736087215258, -21.266486808994852 ], [ -159.735729946168135, -21.266567049307486 ], [ -159.735769484172693, -21.266598100232816 ], [ -159.735822988181837, -21.266642167142994 ], [ -159.735855413037541, -21.266627644449336 ], [ -159.735858739989254, -21.26667992676807 ], [ -159.735894464189471, -21.26671162342398 ], [ -159.735927390999194, -21.266710429642131 ], [ -159.735984414954459, -21.266733354328924 ], [ -159.736025840642583, -21.266710180752831 ], [ -159.736052932089592, -21.266742179731011 ], [ -159.735990508801507, -21.266769954908266 ], [ -159.735960115221786, -21.26684544984645 ], [ -159.73599029785467, -21.266891634048459 ], [ -159.736043463864775, -21.266896639853577 ], [ -159.736124734469371, -21.266981765342663 ], [ -159.736192753566684, -21.267127145731916 ], [ -159.736300100545463, -21.26719031648129 ], [ -159.736378943160418, -21.267238527481673 ], [ -159.736431969643661, -21.267181745730802 ], [ -159.736484539660097, -21.267227455375696 ], [ -159.73643293961743, -21.267306211054507 ], [ -159.736351650673186, -21.267480543420511 ], [ -159.736363779490262, -21.267511258406437 ], [ -159.736349431017373, -21.267559771066292 ], [ -159.736402894909105, -21.267578096013427 ], [ -159.7364250448598, -21.267632544226121 ], [ -159.736498642338518, -21.267671689617067 ], [ -159.736603928193176, -21.26771058056659 ], [ -159.736725459645697, -21.267725907190457 ], [ -159.736888657972685, -21.267854133762295 ], [ -159.737198866941497, -21.268084474121864 ], [ -159.737197314502623, -21.268148040091376 ], [ -159.737303000304792, -21.268115801345083 ], [ -159.737424909293082, -21.268253154591552 ], [ -159.737484134689367, -21.26821963729099 ], [ -159.737572117711665, -21.268257554804922 ], [ -159.737694815789013, -21.268374035681905 ], [ -159.737943465536432, -21.268482074461229 ], [ -159.737969156354808, -21.268539145938849 ], [ -159.738038536193983, -21.268569789044552 ], [ -159.738102236673484, -21.26855411999054 ], [ -159.738279942624274, -21.268661362585451 ], [ -159.738507659979035, -21.268763405199291 ], [ -159.738748645326552, -21.268429693055694 ], [ -159.738886907192665, -21.268217525268501 ], [ -159.739138503108933, -21.267657859971642 ], [ -159.73952959195239, -21.267097024081856 ], [ -159.73998659117234, -21.266428544078163 ], [ -159.740201119323842, -21.266091835020386 ], [ -159.740502437337028, -21.265462935096821 ], [ -159.741320072617583, -21.264221712739971 ], [ -159.741055810261514, -21.264055386622921 ], [ -159.741472928344024, -21.263552041616443 ], [ -159.74173040525838, -21.263292656095491 ], [ -159.743883581161583, -21.26166247150627 ] ] ] ] } },
{ "type": "Feature", "properties": { "eaid": "1103", "ea_name": "nukupure", "cdid": "11", "gid": "1" }, "geometry": { "type": "MultiPolygon", "coordinates": [ [ [ [ -159.73498904101254, -21.253634496917744 ], [ -159.735526676734651, -21.252980422225132 ], [ -159.73493425007959, -21.252586005796939 ], [ -159.734147993240214, -21.25193408774264 ], [ -159.734252255513184, -21.25137214300792 ], [ -159.73439873346797, -21.250877942425284 ], [ -159.733932376508164, -21.250744116783434 ], [ -159.733442364234065, -21.251049034874232 ], [ -159.732117041889666, -21.251435174011931 ], [ -159.731880555664958, -21.251873126630233 ], [ -159.731001269746088, -21.252367703707431 ], [ -159.730527810199334, -21.252502269812009 ], [ -159.730351839677581, -21.252565828581638 ], [ -159.730302422463694, -21.251942141485497 ], [ -159.729545435370198, -21.251812792429391 ], [ -159.729164393379619, -21.252276053326028 ], [ -159.729000149119855, -21.252526032006841 ], [ -159.728721823347058, -21.25297068099951 ], [ -159.728682549378249, -21.253086134504816 ], [ -159.728777730467527, -21.253099153433048 ], [ -159.728798461362516, -21.253184117772484 ], [ -159.728712719858748, -21.253184236373531 ], [ -159.728596586542125, -21.253334828781565 ], [ -159.728549743905432, -21.253528900969776 ], [ -159.72856327633508, -21.25375024333368 ], [ -159.728490366765783, -21.253970837841432 ], [ -159.72852492303403, -21.254169453742794 ], [ -159.728465333380882, -21.254241304402353 ], [ -159.728527227614876, -21.254338523133018 ], [ -159.728462616609875, -21.254390714973194 ], [ -159.728556264374447, -21.254500942150258 ], [ -159.7285225699911, -21.254612862000471 ], [ -159.72855518169473, -21.254681619594404 ], [ -159.728528854232991, -21.254749259881841 ], [ -159.728547672460394, -21.254909546510518 ], [ -159.728587816206669, -21.255030518087576 ], [ -159.728626558691388, -21.255201203906928 ], [ -159.728729210298695, -21.255321367663637 ], [ -159.728887189467144, -21.255533454366876 ], [ -159.729157746670438, -21.255772229481472 ], [ -159.729434447839907, -21.255975404645429 ], [ -159.729498872948824, -21.256014970136039 ], [ -159.729591279817583, -21.256094808767422 ], [ -159.729648437220902, -21.25604764501708 ], [ -159.72981906275686, -21.256072233880985 ], [ -159.730075615104028, -21.255936314786585 ], [ -159.730845145419977, -21.255597133808109 ], [ -159.731045941250215, -21.255528377217555 ], [ -159.731693161499663, -21.255414824740448 ], [ -159.732533909470419, -21.255125418244663 ], [ -159.733121230242205, -21.255611369279247 ], [ -159.734106614953532, -21.255933081769189 ], [ -159.734704671756106, -21.255617573780281 ], [ -159.736034968724255, -21.254755082718312 ], [ -159.735336590651372, -21.254087069701363 ], [ -159.73498904101254, -21.253634496917744 ] ] ] ] } },
{ "type": "Feature", "properties": { "eaid": "1104", "ea_name": "aroko & avana", "cdid": "11", "gid": "1" }, "geometry": { "type": "MultiPolygon", "coordinates": [ [ [ [ -159.733442364234065, -21.251049034874232 ], [ -159.733035121615927, -21.250479107640757 ], [ -159.732733119640926, -21.250250711216207 ], [ -159.732728763109975, -21.249289258120793 ], [ -159.732567498976664, -21.249124203306931 ], [ -159.73231629036141, -21.248897662934443 ], [ -159.732164578380917, -21.248719558706636 ], [ -159.732752574338832, -21.248351077982992 ], [ -159.732397283696599, -21.24791966987959 ], [ -159.733093789190235, -21.247189577491291 ], [ -159.733586694179593, -21.246748972371471 ], [ -159.735764773562892, -21.246626300281235 ], [ -159.737538319724536, -21.247150596366843 ], [ -159.737963720291759, -21.247248098239588 ], [ -159.738049311600946, -21.247328749588394 ], [ -159.738293262553867, -21.247628660956988 ], [ -159.740345850542838, -21.247995434365681 ], [ -159.740987899643301, -21.246522044318457 ], [ -159.74098790064923, -21.246045373611018 ], [ -159.74072571834202, -21.245755211529136 ], [ -159.739509411545697, -21.245663173724775 ], [ -159.738092314590602, -21.245288279712174 ], [ -159.737583511207674, -21.245101354831505 ], [ -159.736130529267825, -21.245147357910362 ], [ -159.735478765985647, -21.24539246642183 ], [ -159.73464765432638, -21.245335206434085 ], [ -159.733973668246506, -21.245313842233404 ], [ -159.733960496583421, -21.244724044753031 ], [ -159.733956657208694, -21.244125173617576 ], [ -159.733131205401975, -21.243571879240662 ], [ -159.73278883226439, -21.243613383303881 ], [ -159.732207729338711, -21.243539578167816 ], [ -159.73213441544857, -21.243530231114686 ], [ -159.732121295350964, -21.243528571795856 ], [ -159.731984814895952, -21.24361759726915 ], [ -159.731159301206617, -21.243500858334382 ], [ -159.731053935181563, -21.243485958961116 ], [ -159.730260127779559, -21.243449471906892 ], [ -159.728833675387705, -21.243328908902591 ], [ -159.728600902175515, -21.243309229020468 ], [ -159.728438331525155, -21.243283600973623 ], [ -159.728357084559178, -21.24370755968317 ], [ -159.727720389262316, -21.243916415332894 ], [ -159.727767148929559, -21.244033994298153 ], [ -159.727780600593462, -21.244169151949581 ], [ -159.727779103943931, -21.244253636708827 ], [ -159.727771414508908, -21.24438316267798 ], [ -159.727764811846157, -21.24450362116043 ], [ -159.727836322213648, -21.244598002139689 ], [ -159.727893382634591, -21.244740661182014 ], [ -159.727913426722182, -21.244849167588093 ], [ -159.727944235414839, -21.244876596289981 ], [ -159.727914444311921, -21.244901490795755 ], [ -159.727922939970142, -21.245023716796968 ], [ -159.727936414142164, -21.245121284019223 ], [ -159.727961073772946, -21.245178927426885 ], [ -159.727972985429176, -21.245253105256619 ], [ -159.727995590381823, -21.245346097038031 ], [ -159.728013455715512, -21.245537447737149 ], [ -159.728029688387778, -21.245647699229377 ], [ -159.728037767053166, -21.245755907503771 ], [ -159.728052837296389, -21.245895152795587 ], [ -159.72830762181826, -21.245879773723161 ], [ -159.728301997713515, -21.246042993339351 ], [ -159.72818617190191, -21.246068671671853 ], [ -159.728128716643226, -21.246073400683926 ], [ -159.728085727849162, -21.246141200973526 ], [ -159.728096147263471, -21.246234601444769 ], [ -159.728110879056317, -21.246279110087372 ], [ -159.728085823367024, -21.246338117635297 ], [ -159.728105186899143, -21.246402840241526 ], [ -159.728173264736142, -21.246367721069351 ], [ -159.728294643818884, -21.246278690445362 ], [ -159.728295288052038, -21.246379908664679 ], [ -159.728300514915929, -21.246427968286472 ], [ -159.728223785851469, -21.246560949985252 ], [ -159.728253556981912, -21.246581276278789 ], [ -159.728255671659213, -21.246645452761602 ], [ -159.728285688370363, -21.246642223923985 ], [ -159.728365730198078, -21.246712370825634 ], [ -159.728422593562783, -21.246786122691752 ], [ -159.728324195604756, -21.246833748460045 ], [ -159.728337216498943, -21.246863681801642 ], [ -159.728377087479686, -21.246874610860957 ], [ -159.728434588945476, -21.246875450624355 ], [ -159.728526611662545, -21.246838984692662 ], [ -159.728630768597668, -21.24687082531424 ], [ -159.728841043148122, -21.246810251430322 ], [ -159.728881136176057, -21.24682677173104 ], [ -159.728921375156204, -21.246803165312159 ], [ -159.729021570555688, -21.246819491907011 ], [ -159.72926910309792, -21.246784657552745 ], [ -159.729471893430429, -21.246766378783882 ], [ -159.729623335346588, -21.24667681477505 ], [ -159.729711521992755, -21.246828873314758 ], [ -159.729546930891615, -21.246893010613057 ], [ -159.72935264340677, -21.246967241168122 ], [ -159.72915002513605, -21.247036982990508 ], [ -159.729080808616004, -21.247114509711061 ], [ -159.729012110013969, -21.247224917143676 ], [ -159.728889900683527, -21.247298552292694 ], [ -159.728804109065464, -21.247419175229719 ], [ -159.728756243673729, -21.247525582596026 ], [ -159.728769970116247, -21.247582735484727 ], [ -159.728852280335786, -21.247631456232185 ], [ -159.728935911516629, -21.247667782253533 ], [ -159.729081346521497, -21.247729887269955 ], [ -159.729163263177071, -21.247811007967449 ], [ -159.729264457787792, -21.247793450245233 ], [ -159.729308489125145, -21.247743083933258 ], [ -159.729190862422797, -21.247658475605427 ], [ -159.729186536276018, -21.247623459187785 ], [ -159.729198368538675, -21.247464931033814 ], [ -159.729240128480598, -21.24725308171546 ], [ -159.729262264353679, -21.247104962366109 ], [ -159.72936250439642, -21.24701702572915 ], [ -159.729468839003232, -21.246996272603241 ], [ -159.729515878061903, -21.247074387059943 ], [ -159.729573645075675, -21.247150046580266 ], [ -159.729631742823528, -21.247164057503067 ], [ -159.729662018854668, -21.24725155761702 ], [ -159.729701652597242, -21.247283859766991 ], [ -159.729736071699705, -21.24732978418881 ], [ -159.729748332660478, -21.247410183802707 ], [ -159.729721418590373, -21.24748314303055 ], [ -159.729738635383029, -21.2475420540339 ], [ -159.729743728347188, -21.247591894166899 ], [ -159.729722099486253, -21.247621435347739 ], [ -159.729746426197835, -21.247639486413401 ], [ -159.729782785734358, -21.247664260154341 ], [ -159.729800148021411, -21.24775270843557 ], [ -159.729833981280422, -21.247821139909213 ], [ -159.729865665453048, -21.247935407954877 ], [ -159.729852652372131, -21.248032435388062 ], [ -159.729778243764343, -21.248060872019462 ], [ -159.729760948478287, -21.248120849519946 ], [ -159.729840292419766, -21.248192029160364 ], [ -159.729996056864394, -21.248213388766089 ], [ -159.730048791760055, -21.248205890694546 ], [ -159.730070444755398, -21.248403786358811 ], [ -159.729975553874965, -21.248519710215756 ], [ -159.729929250162343, -21.248628595741977 ], [ -159.729949487428797, -21.248792384139335 ], [ -159.729951492262956, -21.249047869912239 ], [ -159.729901406441172, -21.249153355217803 ], [ -159.729892085373677, -21.2493223614429 ], [ -159.729860701801726, -21.249477055940783 ], [ -159.72986873207617, -21.249702431312045 ], [ -159.729939833237751, -21.249749300296727 ], [ -159.729835093433024, -21.249764444549925 ], [ -159.72975159232962, -21.24979612707676 ], [ -159.729759802625864, -21.249962121081467 ], [ -159.729819567677367, -21.250024212905942 ], [ -159.729846414145726, -21.250047251672772 ], [ -159.729786758165886, -21.250063324355935 ], [ -159.729725363951303, -21.250216381175282 ], [ -159.729724267522499, -21.250217677507283 ], [ -159.729702788607568, -21.250363806982207 ], [ -159.72970708523988, -21.250564703807783 ], [ -159.729731144178771, -21.250655239474188 ], [ -159.729728939996079, -21.250760932824043 ], [ -159.729721234946709, -21.250854604730886 ], [ -159.729666208219527, -21.251053262005673 ], [ -159.72963530154766, -21.251360939785283 ], [ -159.729618697613262, -21.251471911142449 ], [ -159.729589856518885, -21.251674451336658 ], [ -159.729545435370198, -21.251812792429391 ], [ -159.730302422463694, -21.251942141485497 ], [ -159.730351839677581, -21.252565828581638 ], [ -159.730527810199334, -21.252502269812009 ], [ -159.731001269746088, -21.252367703707431 ], [ -159.731880555664958, -21.251873126630233 ], [ -159.732117041889666, -21.251435174011931 ], [ -159.733442364234065, -21.251049034874232 ] ] ] ] } },
{ "type": "Feature", "properties": { "eaid": "1105", "ea_name": "turangi", "cdid": "11", "gid": "1" }, "geometry": { "type": "MultiPolygon", "coordinates": [ [ [ [ -159.728357084559178, -21.24370755968317 ], [ -159.728438331525155, -21.243283600973623 ], [ -159.728600902175515, -21.243309229020468 ], [ -159.728833675387705, -21.243328908902591 ], [ -159.730260127779559, -21.243449471906892 ], [ -159.731053935181563, -21.243485958961116 ], [ -159.731159301206617, -21.243500858334382 ], [ -159.731984814895952, -21.24361759726915 ], [ -159.732121295350964, -21.243528571795856 ], [ -159.73213441544857, -21.243530231114686 ], [ -159.732207729338711, -21.243539578167816 ], [ -159.73278883226439, -21.243613383303881 ], [ -159.733131205401975, -21.243571879240662 ], [ -159.732930434128775, -21.243065548770954 ], [ -159.732954685652317, -21.241991600029529 ], [ -159.732973776278413, -21.241810132200207 ], [ -159.733140331193823, -21.24022691854902 ], [ -159.732807153886142, -21.240069475729996 ], [ -159.732362844852361, -21.239984056167724 ], [ -159.731991831813161, -21.24000120332466 ], [ -159.731932305048247, -21.239999564693857 ], [ -159.731580207057704, -21.240100772568198 ], [ -159.731331699896259, -21.24013806501074 ], [ -159.731178416533169, -21.240178887631398 ], [ -159.730547787066541, -21.240294482803854 ], [ -159.730497910868252, -21.240734165306669 ], [ -159.728921818618488, -21.2405900520823 ], [ -159.727869793762522, -21.240533659006136 ], [ -159.727331106979534, -21.240432719255807 ], [ -159.727028891144073, -21.240403574633174 ], [ -159.726837016831581, -21.24034487564472 ], [ -159.726718404978527, -21.240471703116317 ], [ -159.72653811025765, -21.240695549018156 ], [ -159.726288229782369, -21.241024593088628 ], [ -159.726052922458848, -21.241315090233257 ], [ -159.725786070782334, -21.241612883737588 ], [ -159.725631633941589, -21.241724188682984 ], [ -159.725514601037588, -21.241658398420242 ], [ -159.725377765828938, -21.241686083414184 ], [ -159.725407843219415, -21.241765166006001 ], [ -159.72541748602859, -21.241836210045896 ], [ -159.725357417974948, -21.241847756709284 ], [ -159.725263940700358, -21.241805383688408 ], [ -159.725113745074822, -21.241840019411232 ], [ -159.725067316708845, -21.241941987933902 ], [ -159.725005035281384, -21.241979744873468 ], [ -159.724972870476932, -21.241968350639539 ], [ -159.724943843277543, -21.242052616062725 ], [ -159.724976577105878, -21.242103208703927 ], [ -159.724978473099185, -21.242155750798549 ], [ -159.724828669762928, -21.242220346202473 ], [ -159.724806598214542, -21.242314309671645 ], [ -159.724814887405472, -21.242371651766241 ], [ -159.724723205715634, -21.242435916039408 ], [ -159.724709102771925, -21.242580154163601 ], [ -159.724760480288211, -21.242744408736758 ], [ -159.724809595320323, -21.242638266596892 ], [ -159.724848885480412, -21.242658813981492 ], [ -159.724844446887204, -21.24276287310246 ], [ -159.72489639599641, -21.242850720683258 ], [ -159.724842198022145, -21.242815549787519 ], [ -159.724777071094024, -21.242837807986707 ], [ -159.724696652101699, -21.242886618590518 ], [ -159.724679439544019, -21.242965022814705 ], [ -159.724577592166924, -21.242968037210279 ], [ -159.724564481634673, -21.243025411880488 ], [ -159.724468547026817, -21.243078010315838 ], [ -159.72453657122955, -21.243095244854675 ], [ -159.724556768250636, -21.243114093417919 ], [ -159.724503345072748, -21.243155848021125 ], [ -159.724428012878491, -21.243253617415373 ], [ -159.724491159826357, -21.243351031793356 ], [ -159.724608466080809, -21.24339529787111 ], [ -159.724609278282173, -21.24343349397796 ], [ -159.724520581197794, -21.243450350137728 ], [ -159.72450570169795, -21.243586767417174 ], [ -159.724595792287573, -21.243659282999513 ], [ -159.724599513729515, -21.243591368060958 ], [ -159.724646838325725, -21.243596255298808 ], [ -159.724643777789339, -21.243646524319377 ], [ -159.724743233460401, -21.243637340662954 ], [ -159.724766631765647, -21.243607724108543 ], [ -159.724811078220569, -21.243644486215985 ], [ -159.724866661130761, -21.243643316016719 ], [ -159.724872446270552, -21.243589667128632 ], [ -159.725192254300396, -21.243533541107922 ], [ -159.725271162367932, -21.243564610023888 ], [ -159.725442344116686, -21.243555991226252 ], [ -159.725624325158094, -21.243580850261626 ], [ -159.72572745506011, -21.243599991654865 ], [ -159.72585039591587, -21.243564764632058 ], [ -159.725962421956496, -21.243528268524507 ], [ -159.726061393546701, -21.243532355395317 ], [ -159.726121851379474, -21.243552854314668 ], [ -159.726229588718496, -21.243584861999761 ], [ -159.726417346163345, -21.243702692833875 ], [ -159.726586665348037, -21.243868819448913 ], [ -159.726729778514624, -21.244062774255212 ], [ -159.726845899650328, -21.244168157026639 ], [ -159.727000764765876, -21.244231373491655 ], [ -159.727173198900573, -21.244224391120824 ], [ -159.727295520321206, -21.244237599965924 ], [ -159.727582339985901, -21.244227871733369 ], [ -159.727646865166832, -21.244228648644061 ], [ -159.727679834625519, -21.244184283538168 ], [ -159.727721009658097, -21.244121246845062 ], [ -159.7277338084196, -21.244038149386324 ], [ -159.727650169189758, -21.243975675746817 ], [ -159.727629572799458, -21.243816989438479 ], [ -159.727684242755288, -21.243727099158168 ], [ -159.727758751783767, -21.243664707264319 ], [ -159.72779528095586, -21.24370817935343 ], [ -159.727734348799089, -21.243748761064857 ], [ -159.727694226589108, -21.243845142808279 ], [ -159.727720389262316, -21.243916415332894 ], [ -159.728357084559178, -21.24370755968317 ] ] ] ] } },
{ "type": "Feature", "properties": { "eaid": "2901", "ea_name": "kimiangatau-mauke", "cdid": "29", "gid": "2" }, "geometry": { "type": "MultiPolygon", "coordinates": [ [ [ [ -157.35826830521944, -20.145380374185081 ], [ -157.358259717160735, -20.145175722656674 ], [ -157.358240131050337, -20.145049816675296 ], [ -157.358186893616306, -20.14497399471724 ], [ -157.358060226516898, -20.144860096284827 ], [ -157.357960363836725, -20.144739944758449 ], [ -157.357934113800297, -20.144595100050633 ], [ -157.357868021469898, -20.144368235900853 ], [ -157.357788679849904, -20.144103495046519 ], [ -157.357709285146626, -20.143851398263497 ], [ -157.357596370709189, -20.14363683233103 ], [ -157.357476765605327, -20.143428526238921 ], [ -157.357417075478708, -20.143283459927655 ], [ -157.357424451708368, -20.143075886444233 ], [ -157.357372534440685, -20.142609900588532 ], [ -157.357286253238073, -20.142420601127505 ], [ -157.357200116683998, -20.142187317862501 ], [ -157.357133853869527, -20.142029726220368 ], [ -157.357034204635454, -20.141821515719741 ], [ -157.356954983937328, -20.141537899139269 ], [ -157.356955815080227, -20.141292511473939 ], [ -157.356963074033757, -20.141103723156849 ], [ -157.356997002930825, -20.14095916873092 ], [ -157.357010820921943, -20.140814426705298 ], [ -157.356977789225368, -20.140707271775561 ], [ -157.356898106253738, -20.140543322912485 ], [ -157.356878707593893, -20.140354376236395 ], [ -157.356839499981959, -20.140083596822972 ], [ -157.356793338599033, -20.139881936526127 ], [ -157.356733992639846, -20.139636258418975 ], [ -157.35666775906526, -20.139453377737578 ], [ -157.356595072454297, -20.139201252841548 ], [ -157.356542629403833, -20.138898919050011 ], [ -157.356543778802887, -20.138540184568804 ], [ -157.356545019742185, -20.138187773225376 ], [ -157.356519617224563, -20.137766019622777 ], [ -157.35660688574248, -20.137672089605385 ], [ -157.356627459453904, -20.137514856308993 ], [ -157.356654961343281, -20.137275859029561 ], [ -157.356595220527936, -20.137143436657453 ], [ -157.356494967665213, -20.137136540381711 ], [ -157.356488527296676, -20.137073618591309 ], [ -157.356462041764445, -20.137004277813841 ], [ -157.356354991531276, -20.137028929537955 ], [ -157.35627488881002, -20.137003344566367 ], [ -157.356341928116393, -20.136928102483918 ], [ -157.356402302146819, -20.136871765081178 ], [ -157.356436124529012, -20.136752408556202 ], [ -157.356436573736488, -20.136626508693588 ], [ -157.35648387042724, -20.136463112086158 ], [ -157.356531140088094, -20.136324914081452 ], [ -157.356524911752899, -20.136173843357756 ], [ -157.35645816381961, -20.136160937352503 ], [ -157.35637121260649, -20.136179364010115 ], [ -157.356237268935843, -20.136241608261766 ], [ -157.356116785393539, -20.136291333406735 ], [ -157.356090300134696, -20.136221992588087 ], [ -157.356157417080112, -20.13614684159802 ], [ -157.35623777071055, -20.136103154615263 ], [ -157.356391614319222, -20.136053650288872 ], [ -157.356445284568764, -20.135997250302729 ], [ -157.356425727429041, -20.135846145549817 ], [ -157.356472654523969, -20.135808559219655 ], [ -157.356506384478052, -20.135720632646834 ], [ -157.35646643897627, -20.135663810908675 ], [ -157.356332825012487, -20.135656874330198 ], [ -157.356319708281376, -20.135568691367833 ], [ -157.356373391121764, -20.135518613808671 ], [ -157.356427232621002, -20.135393031396628 ], [ -157.356380847860095, -20.135273197538062 ], [ -157.356227585194603, -20.135146586147588 ], [ -157.356087626109769, -20.135007363853756 ], [ -157.356054595968203, -20.134900208812262 ], [ -157.356068571189951, -20.134717805420649 ], [ -157.35598224180481, -20.134541149669026 ], [ -157.35586279050537, -20.134288768813647 ], [ -157.355723135507901, -20.134067810837021 ], [ -157.35552994343513, -20.133890609177072 ], [ -157.355323622055181, -20.13361899222091 ], [ -157.355097204213394, -20.133353509742204 ], [ -157.354923887107304, -20.133214155869322 ], [ -157.35476407019388, -20.133043406736398 ], [ -157.354577173139944, -20.132973290374927 ], [ -157.354363184858158, -20.132997303645123 ], [ -157.354176262738463, -20.132914542047157 ], [ -157.353895633436224, -20.132900540403057 ], [ -157.353695119049888, -20.132880603316806 ], [ -157.353334230940902, -20.132878766411427 ], [ -157.353106953213086, -20.132883958030703 ], [ -157.35289307034401, -20.132882861961104 ], [ -157.352712454215748, -20.132913417150519 ], [ -157.352478459238426, -20.132949975972132 ], [ -157.352297709957071, -20.13303083685043 ], [ -157.35204331168174, -20.133155355059053 ], [ -157.351775785449064, -20.133185457641591 ], [ -157.351508257521317, -20.133253312889511 ], [ -157.351300678246503, -20.133365533104115 ], [ -157.350932473268983, -20.133527279655787 ], [ -157.351590902319771, -20.134307108381677 ], [ -157.352198530458111, -20.13407281623989 ], [ -157.352966102797097, -20.134154867232898 ], [ -157.353940785210682, -20.134734337177193 ], [ -157.354491748028494, -20.135422381979488 ], [ -157.354847513729595, -20.136140123778308 ], [ -157.35505222238865, -20.137402339578781 ], [ -157.355297285089648, -20.138705213994051 ], [ -157.35544261907566, -20.140071825101039 ], [ -157.355568482542992, -20.140744247108728 ], [ -157.356667572316724, -20.144033066199469 ], [ -157.356802149320117, -20.144431181305826 ], [ -157.357227302193962, -20.145689310202865 ], [ -157.357459421337325, -20.145509573879128 ], [ -157.357491007413302, -20.145506165419338 ], [ -157.357465311247665, -20.145368731954331 ], [ -157.35826830521944, -20.145380374185081 ] ] ] ] } },
{ "type": "Feature", "properties": { "eaid": "3101", "ea_name": "ngatiarua-mauke", "cdid": "31", "gid": "2" }, "geometry": { "type": "MultiPolygon", "coordinates": [ [ [ [ -157.343322119671512, -20.154719187211874 ], [ -157.342379699407189, -20.155029047553754 ], [ -157.342459793151363, -20.155631318827655 ], [ -157.342508206865887, -20.155999187827533 ], [ -157.341627721819748, -20.158576604357922 ], [ -157.341376680426265, -20.159349075385958 ], [ -157.338431791860728, -20.163443759524526 ], [ -157.338471918805965, -20.164615739112847 ], [ -157.341563845184538, -20.165859951439938 ], [ -157.342480225141855, -20.163630691705556 ], [ -157.343781371507959, -20.161640595482265 ], [ -157.343951296001393, -20.158604623235455 ], [ -157.343837448275252, -20.158262692268796 ], [ -157.343583270666954, -20.158264545401774 ], [ -157.343580510449385, -20.157531950949075 ], [ -157.343585069234592, -20.157428850804127 ], [ -157.343601975636034, -20.157052655185854 ], [ -157.343549750799099, -20.156642030116906 ], [ -157.343504078677682, -20.156283218858501 ], [ -157.343456741289316, -20.155910302322056 ], [ -157.343518087463309, -20.155299517622943 ], [ -157.343620441032499, -20.155018598486961 ], [ -157.344126403313368, -20.154418803602315 ], [ -157.345399311606826, -20.153653436301965 ], [ -157.345636103813462, -20.15345852661855 ], [ -157.344654037086741, -20.153018745918683 ], [ -157.344742210023242, -20.152780683877392 ], [ -157.344900181850278, -20.152401298074494 ], [ -157.345189046499911, -20.152033709608478 ], [ -157.345444699538547, -20.151778615675425 ], [ -157.345607176192118, -20.151555340923164 ], [ -157.345740276304639, -20.151260348407899 ], [ -157.345561285233202, -20.150722809672892 ], [ -157.345161426747353, -20.150268545624471 ], [ -157.344997190938642, -20.149738280248908 ], [ -157.345001053093057, -20.149439183246912 ], [ -157.344458970565768, -20.149644528205339 ], [ -157.344089578334774, -20.149832257834724 ], [ -157.344006418488078, -20.148996666519452 ], [ -157.343586353069753, -20.148596942010759 ], [ -157.342930064222685, -20.148644686930592 ], [ -157.340593874543515, -20.150041038144675 ], [ -157.34160854903601, -20.152252638593534 ], [ -157.342069599993579, -20.15221498308728 ], [ -157.342187185559112, -20.152889500612385 ], [ -157.342202576450518, -20.153418998724263 ], [ -157.342214525834407, -20.153475108340963 ], [ -157.342225231564669, -20.153731170057647 ], [ -157.342975712522616, -20.153579908186199 ], [ -157.343181443669152, -20.154042104616934 ], [ -157.343322119671512, -20.154719187211874 ] ] ] ] } },
{ "type": "Feature", "properties": { "eaid": "2902", "ea_name": "kimiangatau-mauke", "cdid": "29", "gid": "2" }, "geometry": { "type": "MultiPolygon", "coordinates": [ [ [ [ -157.357227302193962, -20.145689310202865 ], [ -157.356802149320117, -20.144431181305826 ], [ -157.356667572316724, -20.144033066199469 ], [ -157.355568482542992, -20.140744247108728 ], [ -157.35544261907566, -20.140071825101039 ], [ -157.355297285089648, -20.138705213994051 ], [ -157.35505222238865, -20.137402339578781 ], [ -157.354847513729595, -20.136140123778308 ], [ -157.354491748028494, -20.135422381979488 ], [ -157.353940785210682, -20.134734337177193 ], [ -157.352966102797097, -20.134154867232898 ], [ -157.352198530458111, -20.13407281623989 ], [ -157.351590902319771, -20.134307108381677 ], [ -157.352618708867311, -20.135517243373908 ], [ -157.35300108995898, -20.135701309656213 ], [ -157.353284009041715, -20.136099771250024 ], [ -157.353370521880947, -20.136896448450369 ], [ -157.353687143197021, -20.137564534677956 ], [ -157.353931706043198, -20.138025637746626 ], [ -157.353990698998899, -20.138658418093236 ], [ -157.353919888369376, -20.139153694965771 ], [ -157.353970308288581, -20.140604770425835 ], [ -157.353926407734491, -20.141038340183659 ], [ -157.353963294171081, -20.141274235329444 ], [ -157.353566267458689, -20.141580497351562 ], [ -157.353589022384455, -20.141915430042264 ], [ -157.354008155725808, -20.142006143408526 ], [ -157.354111646615451, -20.142155955269327 ], [ -157.354096268450888, -20.142366524421128 ], [ -157.354196902278687, -20.142789071151917 ], [ -157.354216152033587, -20.143458691073437 ], [ -157.354158560393387, -20.143941717614101 ], [ -157.354298810243421, -20.144339796946017 ], [ -157.354440230127295, -20.144626253580633 ], [ -157.35459838021734, -20.144896880077081 ], [ -157.354709400807934, -20.145163905014424 ], [ -157.35549446239034, -20.146473719696893 ], [ -157.355736142850446, -20.146887828490193 ], [ -157.356687437297694, -20.146152664913149 ], [ -157.356775883654421, -20.146127568834171 ], [ -157.356846556543417, -20.145984350946634 ], [ -157.357227302193962, -20.145689310202865 ] ] ] ] } },
{ "type": "Feature", "properties": { "eaid": "3001", "ea_name": "makatea areora-mauke", "cdid": "30", "gid": "2" }, "geometry": { "type": "MultiPolygon", "coordinates": [ [ [ [ -157.345399311606826, -20.153653436301965 ], [ -157.344126403313368, -20.154418803602315 ], [ -157.343620441032499, -20.155018598486961 ], [ -157.343518087463309, -20.155299517622943 ], [ -157.343456741289316, -20.155910302322056 ], [ -157.343504078677682, -20.156283218858501 ], [ -157.343549750799099, -20.156642030116906 ], [ -157.343601975636034, -20.157052655185854 ], [ -157.343585069234592, -20.157428850804127 ], [ -157.343580510449385, -20.157531950949075 ], [ -157.343583270666954, -20.158264545401774 ], [ -157.343837448275252, -20.158262692268796 ], [ -157.343951296001393, -20.158604623235455 ], [ -157.343781371507959, -20.161640595482265 ], [ -157.342480225141855, -20.163630691705556 ], [ -157.341563845184538, -20.165859951439938 ], [ -157.341951132015311, -20.166483542374369 ], [ -157.343536127148838, -20.166213247242613 ], [ -157.345354855185832, -20.164634081052267 ], [ -157.346024433165638, -20.164327333967449 ], [ -157.346396523376086, -20.164216127133994 ], [ -157.345631348755319, -20.158019175711701 ], [ -157.345470721230896, -20.157692159957588 ], [ -157.346309514309581, -20.157336241518482 ], [ -157.34626867242352, -20.15714727382834 ], [ -157.346242948756981, -20.157028263982927 ], [ -157.34623080581045, -20.156675909693149 ], [ -157.346409939608321, -20.156466790336964 ], [ -157.346500052279481, -20.156186838117229 ], [ -157.346523042006226, -20.156048686861642 ], [ -157.346339577287551, -20.155792898882442 ], [ -157.346513367061874, -20.155342128415093 ], [ -157.346572932450641, -20.155131434029972 ], [ -157.346844159659412, -20.155038153884984 ], [ -157.346943717547049, -20.154969724540564 ], [ -157.347068736067683, -20.155037824135803 ], [ -157.348092474337619, -20.155200251902478 ], [ -157.348193892634953, -20.155614679757836 ], [ -157.348308523082778, -20.155950474171863 ], [ -157.349645007270823, -20.157450819694422 ], [ -157.350695345880013, -20.157448290885409 ], [ -157.351325138715737, -20.156239140435289 ], [ -157.350923411965169, -20.154458005988278 ], [ -157.351312325218231, -20.154319668498861 ], [ -157.351619186384653, -20.154167826965189 ], [ -157.35202039642104, -20.153864862511778 ], [ -157.355540510650115, -20.150482570813075 ], [ -157.356019227137892, -20.150542587073627 ], [ -157.356367457205835, -20.149888771691764 ], [ -157.356202880752988, -20.149304500896871 ], [ -157.356129539401024, -20.148783130512449 ], [ -157.356467696005097, -20.148300012676003 ], [ -157.357195126600374, -20.149187586369241 ], [ -157.357952735192811, -20.150418468461705 ], [ -157.358467876990034, -20.15149878442222 ], [ -157.358993971462183, -20.151411021905169 ], [ -157.359023967130724, -20.152465589241761 ], [ -157.35919906589001, -20.153931193554751 ], [ -157.359297093588879, -20.15391052105587 ], [ -157.360741971208398, -20.153605879099644 ], [ -157.360832241047831, -20.153602926235525 ], [ -157.360839956715381, -20.153294560256146 ], [ -157.360807392669074, -20.153036397618553 ], [ -157.360721206828686, -20.152821991786041 ], [ -157.360548126885675, -20.152581939176386 ], [ -157.360528539402026, -20.152455943049368 ], [ -157.360575903039603, -20.152286314285622 ], [ -157.360603206442221, -20.152103944430184 ], [ -157.360590494179547, -20.151908737998117 ], [ -157.360584760596396, -20.151619303980102 ], [ -157.36061194583823, -20.151493562734984 ], [ -157.360692673518656, -20.151324063920782 ], [ -157.360679816504984, -20.151172931584725 ], [ -157.360613665908772, -20.150958621953027 ], [ -157.360480695925219, -20.150737638764625 ], [ -157.360294261780069, -20.150522750856886 ], [ -157.360100730115818, -20.150421056128078 ], [ -157.360060989785467, -20.150313929471181 ], [ -157.36004813339062, -20.150162797120384 ], [ -157.360095615712424, -20.149936449492127 ], [ -157.360129583682465, -20.149773018322758 ], [ -157.360076974190804, -20.149508436898948 ], [ -157.359997745093807, -20.149224821272323 ], [ -157.359871572888011, -20.148972470182191 ], [ -157.359705123238513, -20.148770231890314 ], [ -157.359592136925812, -20.148561988599731 ], [ -157.359472801852206, -20.148259303224602 ], [ -157.35930016225501, -20.14792487091923 ], [ -157.359267377375261, -20.147710781462159 ], [ -157.359201335341595, -20.147471273564641 ], [ -157.359135306304296, -20.147238088067478 ], [ -157.359029315593716, -20.146941758784514 ], [ -157.358876540274679, -20.146638942115818 ], [ -157.358790359976808, -20.146424535616283 ], [ -157.358623861928379, -20.146234850319185 ], [ -157.358504463941699, -20.145976239289546 ], [ -157.358498379162313, -20.145781094544212 ], [ -157.358451897529221, -20.145692781345243 ], [ -157.358292143983391, -20.145484282086205 ], [ -157.35826830521944, -20.145380374185081 ], [ -157.357465311247665, -20.145368731954331 ], [ -157.357491007413302, -20.145506165419338 ], [ -157.357459421337325, -20.145509573879128 ], [ -157.357227302193962, -20.145689310202865 ], [ -157.356846556543417, -20.145984350946634 ], [ -157.356775883654421, -20.146127568834171 ], [ -157.356687437297694, -20.146152664913149 ], [ -157.355736142850446, -20.146887828490193 ], [ -157.353558332427241, -20.148583077151162 ], [ -157.349397022983851, -20.151822126363601 ], [ -157.348709313700624, -20.151863636550804 ], [ -157.347866724848188, -20.151211763692139 ], [ -157.347570196406281, -20.150981650262381 ], [ -157.34738469459171, -20.151234515897027 ], [ -157.347067711133377, -20.150737139080302 ], [ -157.346252823204338, -20.1510138082735 ], [ -157.345740276304639, -20.151260348407899 ], [ -157.345607176192118, -20.151555340923164 ], [ -157.345444699538547, -20.151778615675425 ], [ -157.345189046499911, -20.152033709608478 ], [ -157.344900181850278, -20.152401298074494 ], [ -157.344742210023242, -20.152780683877392 ], [ -157.344654037086741, -20.153018745918683 ], [ -157.345636103813462, -20.15345852661855 ], [ -157.345399311606826, -20.153653436301965 ] ] ] ] } },
{ "type": "Feature", "properties": { "eaid": "3301", "ea_name": "auta-atai", "cdid": "33", "gid": "2" }, "geometry": { "type": "MultiPolygon", "coordinates": [ [ [ [ -157.720351294622077, -19.860242955792916 ], [ -157.720294351571482, -19.859993795119372 ], [ -157.720269020373024, -19.859205742895476 ], [ -157.720243155659034, -19.858543066747128 ], [ -157.720159896745315, -19.858095238009771 ], [ -157.720095912661947, -19.857521987056504 ], [ -157.720050176510853, -19.857127903975282 ], [ -157.720033508045418, -19.856545869376326 ], [ -157.72001624820652, -19.856116038914504 ], [ -157.719999104685769, -19.855632462083509 ], [ -157.720001262484629, -19.85505932478015 ], [ -157.720059650074006, -19.85460275752645 ], [ -157.720090289284485, -19.85400290594399 ], [ -157.720138109670586, -19.853832884317626 ], [ -157.720205294912404, -19.853555507333006 ], [ -157.720187696780755, -19.853197216812461 ], [ -157.720208230360385, -19.852767476949975 ], [ -157.720191027546491, -19.852310818298459 ], [ -157.720192534504804, -19.851916803345947 ], [ -157.720250653266362, -19.851522923893707 ], [ -157.72042286635741, -19.850932308650009 ], [ -157.720528355637072, -19.850502726842873 ], [ -157.720558458514688, -19.850028251035599 ], [ -157.720493897271467, -19.849625180183796 ], [ -157.720343912417206, -19.849329351830722 ], [ -157.720429589405853, -19.849141445112149 ], [ -157.72047767408182, -19.848908735064516 ], [ -157.720507070118629, -19.848640209902594 ], [ -157.720554888107273, -19.848470187950721 ], [ -157.720527328071626, -19.848264214984553 ], [ -157.720395975018874, -19.848031029820284 ], [ -157.720359039078744, -19.847816046708004 ], [ -157.720379368853798, -19.847431109482699 ], [ -157.720362496984279, -19.846893786935262 ], [ -157.720297346516702, -19.846642920316629 ], [ -157.720279754286565, -19.846293662759905 ], [ -157.720252584280644, -19.845980198044014 ], [ -157.72007504370373, -19.84547839654406 ], [ -157.719906894877482, -19.84500340045825 ], [ -157.719767206801663, -19.844474771040961 ], [ -157.71955194895321, -19.843963936086819 ], [ -157.719336036414603, -19.843623190436237 ], [ -157.719082137929689, -19.843336099553369 ], [ -157.718800495590642, -19.842905633551918 ], [ -157.718424121892298, -19.842555603930748 ], [ -157.718075428950527, -19.842366833643187 ], [ -157.717859391804495, -19.842061856772844 ], [ -157.71761469233229, -19.841855405827005 ], [ -157.717266256386011, -19.841585969909218 ], [ -157.716757626642476, -19.841244560646903 ], [ -157.716258315661378, -19.840939078703638 ], [ -157.715889300950863, -19.84072278766417 ], [ -157.714762523638456, -19.842985510378345 ], [ -157.715241120554538, -19.843213975329377 ], [ -157.715892510803911, -19.843876822808642 ], [ -157.716347511539425, -19.844621720391739 ], [ -157.716618829771903, -19.845473963407525 ], [ -157.716595701719029, -19.846626877326191 ], [ -157.716800733866251, -19.847762373773516 ], [ -157.71702474371196, -19.848897916256018 ], [ -157.717038931034779, -19.850267171188211 ], [ -157.717071697247093, -19.851744505652434 ], [ -157.717105310056837, -19.85296964086136 ], [ -157.717085077498723, -19.853311941371931 ], [ -157.716665140449749, -19.853833291234178 ], [ -157.716397575016657, -19.854264954563718 ], [ -157.71656733624576, -19.854607720012158 ], [ -157.717060902918035, -19.854771070192996 ], [ -157.717211834613437, -19.85509581393449 ], [ -157.717035680101674, -19.856536595051722 ], [ -157.716879742988141, -19.857617099318205 ], [ -157.715963644580057, -19.858695649471279 ], [ -157.714754782056303, -19.858676866608139 ], [ -157.712859655576636, -19.858611430547484 ], [ -157.713076355020718, -19.856248818573274 ], [ -157.711834370438908, -19.856052950150239 ], [ -157.711134875109195, -19.85776330317621 ], [ -157.7106417160837, -19.858386461419112 ], [ -157.709303060732992, -19.857222237027553 ], [ -157.707747574791426, -19.856991008077809 ], [ -157.707321761768156, -19.857911566605978 ], [ -157.707913262237525, -19.858058851206447 ], [ -157.710277055321626, -19.860374112404855 ], [ -157.712616575554819, -19.86088532519128 ], [ -157.716282891602731, -19.860298234103727 ], [ -157.716220466482497, -19.861059195806803 ], [ -157.716312636723643, -19.861553345314178 ], [ -157.717482348629915, -19.86084263090839 ], [ -157.720351294622077, -19.860242955792916 ] ] ] ] } },
{ "type": "Feature", "properties": { "eaid": "3201", "ea_name": "takaue-mangarei", "cdid": "32", "gid": "2" }, "geometry": { "type": "MultiPolygon", "coordinates": [ [ [ [ -157.717570940801636, -19.863026330844541 ], [ -157.717545810718661, -19.863409610858533 ], [ -157.717615140258346, -19.863973512691558 ], [ -157.718025606356207, -19.865114292514566 ], [ -157.719124343364086, -19.865781981693761 ], [ -157.719478319637744, -19.868016729254347 ], [ -157.719694780292883, -19.868568047667154 ], [ -157.722583988114337, -19.867276798059688 ], [ -157.721683334430196, -19.864841193060599 ], [ -157.721589705999975, -19.864635017259545 ], [ -157.721599667224865, -19.86448279006828 ], [ -157.721515545542559, -19.864249854047674 ], [ -157.721506687165004, -19.86409758211558 ], [ -157.721488905047494, -19.863811013718511 ], [ -157.721432664175637, -19.863685501107277 ], [ -157.72132958012449, -19.863470404850137 ], [ -157.72104054724673, -19.862493744813406 ], [ -157.720871523152056, -19.862233641543906 ], [ -157.720777954843555, -19.862000637398182 ], [ -157.72077874075589, -19.861794687520462 ], [ -157.720882796013512, -19.86174123585166 ], [ -157.720902083819652, -19.861633789671401 ], [ -157.720836278551729, -19.861562045729169 ], [ -157.720694314252029, -19.86143513573904 ], [ -157.720535495213028, -19.86116739597928 ], [ -157.720479990637244, -19.86087179443113 ], [ -157.720415153887814, -19.860522378673338 ], [ -157.720351294622077, -19.860242955792916 ], [ -157.717482348629915, -19.86084263090839 ], [ -157.716312636723643, -19.861553345314178 ], [ -157.714456277775554, -19.862389087710497 ], [ -157.712144794713794, -19.864390148904043 ], [ -157.711887500460534, -19.866032244603172 ], [ -157.712525005645034, -19.866240280236553 ], [ -157.71283295132568, -19.865522196104862 ], [ -157.714157208100346, -19.863453573486808 ], [ -157.716729296674572, -19.862088764914304 ], [ -157.717570940801636, -19.863026330844541 ] ] ] ] } },
{ "type": "Feature", "properties": { "eaid": "2601", "ea_name": "ngatiarua atiu", "cdid": "26", "gid": "2" }, "geometry": { "type": "MultiPolygon", "coordinates": [ [ [ [ -158.123830824995252, -19.996261306159067 ], [ -158.123813886363735, -19.995792991724038 ], [ -158.124388901406547, -19.994285554966119 ], [ -158.12427655907814, -19.993929173262249 ], [ -158.124049284570617, -19.993208191648165 ], [ -158.122974176847606, -19.993286674650712 ], [ -158.122994731478997, -19.993374496797816 ], [ -158.122726220434544, -19.993328712002253 ], [ -158.122775104899432, -19.993890958231937 ], [ -158.122388166498069, -19.993965908862503 ], [ -158.122308297245951, -19.993349123680087 ], [ -158.122315204630468, -19.993095815239062 ], [ -158.122304724094192, -19.992854978184095 ], [ -158.121206743790026, -19.992955078419282 ], [ -158.12061776962932, -19.99302124752024 ], [ -158.12022391714018, -19.993163010208566 ], [ -158.119877220428378, -19.993370955594688 ], [ -158.119577911794977, -19.993589435946912 ], [ -158.119757025625717, -19.993708857001486 ], [ -158.119233442300413, -19.994286218341333 ], [ -158.118920661557638, -19.994249872628306 ], [ -158.118703168525542, -19.994396940888137 ], [ -158.118507394615875, -19.994298767839872 ], [ -158.118202068513227, -19.994709516985928 ], [ -158.118108928340661, -19.99569182972872 ], [ -158.11801284996406, -19.996535392188626 ], [ -158.118185614545723, -19.996610917024732 ], [ -158.118671448032813, -19.996823301186989 ], [ -158.118806099974989, -19.996888387304853 ], [ -158.118589555274355, -19.997498540212092 ], [ -158.117813155150657, -19.997223181033714 ], [ -158.117627605609783, -19.997520009986744 ], [ -158.117557656391995, -19.997624904838322 ], [ -158.117714876055231, -19.99771359317366 ], [ -158.117475993452359, -19.998117748909262 ], [ -158.117372488728392, -19.998345156417372 ], [ -158.117338898785562, -19.998544096145192 ], [ -158.117381633909304, -19.998906661951246 ], [ -158.117504593424798, -19.999103224694018 ], [ -158.117605506964026, -19.999450182363599 ], [ -158.117668872499735, -19.999900842127815 ], [ -158.117382110620895, -19.999931384631083 ], [ -158.117218539546911, -19.999948812937447 ], [ -158.117192531580599, -20.000102801572869 ], [ -158.117110811805503, -20.000127867420758 ], [ -158.116688968724418, -20.000067641472455 ], [ -158.116650503294011, -20.000399980253857 ], [ -158.115974788255215, -20.00028675593882 ], [ -158.115786561435414, -20.000184075123986 ], [ -158.115434000792305, -20.000023882121681 ], [ -158.115275352825876, -20.000238433911971 ], [ -158.115495215555171, -20.000708522514948 ], [ -158.115632157583462, -20.002199696043181 ], [ -158.116085746854822, -20.002765601994895 ], [ -158.11808606134619, -20.003303670472519 ], [ -158.118167366618536, -20.002734307144561 ], [ -158.118521786409076, -20.002783872128564 ], [ -158.119992384863963, -20.002808215183126 ], [ -158.120380113482156, -20.002638327777635 ], [ -158.121313348057242, -20.002415153330222 ], [ -158.121876408154947, -20.002323739452947 ], [ -158.121874277076358, -20.002056052885298 ], [ -158.123799187849471, -19.999478863783533 ], [ -158.124412360072256, -19.998807981805399 ], [ -158.123793663776638, -19.997966100196148 ], [ -158.123830824995252, -19.996261306159067 ] ] ] ] } },
{ "type": "Feature", "properties": { "eaid": "2401", "ea_name": "mapumai", "cdid": "24", "gid": "2" }, "geometry": { "type": "MultiPolygon", "coordinates": [ [ [ [ -158.121169158464284, -19.985183744030589 ], [ -158.121923014968758, -19.983861748366014 ], [ -158.12265304440669, -19.983262742170993 ], [ -158.122155185908753, -19.982888218266783 ], [ -158.12041011408715, -19.981508503481386 ], [ -158.120078005245631, -19.981564662233808 ], [ -158.118349903615069, -19.980032172446069 ], [ -158.116416012198613, -19.979983547112752 ], [ -158.115987159527265, -19.980216278653099 ], [ -158.11565066683383, -19.980828718399756 ], [ -158.115609885710882, -19.98118589709885 ], [ -158.115362277602514, -19.981674023374516 ], [ -158.113808088048899, -19.982884169449044 ], [ -158.114822857363151, -19.983530863209065 ], [ -158.115738730378183, -19.983601411222708 ], [ -158.115472289192979, -19.985827575804926 ], [ -158.115736412230206, -19.985725824629537 ], [ -158.116380608070187, -19.985870348752169 ], [ -158.116789131918921, -19.986187231208593 ], [ -158.117782964882537, -19.986905172162203 ], [ -158.118017118824554, -19.987074286220807 ], [ -158.117551947660502, -19.987849508675364 ], [ -158.117416665228205, -19.988249667365515 ], [ -158.116962321269398, -19.988077280424609 ], [ -158.116831205753584, -19.988310421683781 ], [ -158.116118893556092, -19.988518603915971 ], [ -158.114947965409669, -19.990056715522812 ], [ -158.114467134582583, -19.989884821391747 ], [ -158.114110587561697, -19.990036514872511 ], [ -158.114051772208995, -19.990991920213727 ], [ -158.113889812079947, -19.991592675735809 ], [ -158.11389240681865, -19.992027673253503 ], [ -158.114056504483955, -19.992251276050233 ], [ -158.114207435088076, -19.992363785281086 ], [ -158.114386363276338, -19.9924591803717 ], [ -158.114545664418614, -19.992582933519177 ], [ -158.114959689712919, -19.993063108128215 ], [ -158.114968593902887, -19.99307343493512 ], [ -158.114994194030913, -19.993104188687266 ], [ -158.11512144754218, -19.993194625679084 ], [ -158.115285313468718, -19.993291750994278 ], [ -158.115494745604138, -19.993373114986678 ], [ -158.115686545128909, -19.993492603775334 ], [ -158.115807310697647, -19.993575058997969 ], [ -158.115908747697432, -19.993644317201781 ], [ -158.116307516047669, -19.993806479778264 ], [ -158.116265141964107, -19.994013118055754 ], [ -158.116253337957659, -19.994070680540069 ], [ -158.116762975728733, -19.994263689609696 ], [ -158.11705340758823, -19.994433429175295 ], [ -158.117299373921213, -19.994577181231353 ], [ -158.117352629327854, -19.994557503471984 ], [ -158.117979974904102, -19.994325700432167 ], [ -158.118276959434411, -19.994043302481991 ], [ -158.118372165052477, -19.994096169574064 ], [ -158.118539850845536, -19.993949762428432 ], [ -158.118559808861818, -19.993926883715417 ], [ -158.118708893752341, -19.993755981332917 ], [ -158.118714329936495, -19.993535213427624 ], [ -158.118915711231466, -19.993379739936767 ], [ -158.119048433376776, -19.993240272292063 ], [ -158.118933232876316, -19.99310022652698 ], [ -158.119146066147323, -19.992751669578894 ], [ -158.11930594181996, -19.992854237873836 ], [ -158.119460556456033, -19.992641095414371 ], [ -158.119291457187046, -19.992531303850196 ], [ -158.119565499748546, -19.992099643190919 ], [ -158.120079615952307, -19.992299174722 ], [ -158.120332188165122, -19.991924393157202 ], [ -158.119753251366916, -19.991694346937155 ], [ -158.1196863894572, -19.991508897139781 ], [ -158.119687215943259, -19.991318826537924 ], [ -158.120084892560186, -19.991344484999768 ], [ -158.120127219344425, -19.990604540685474 ], [ -158.120414338314475, -19.990544645323588 ], [ -158.120323942443008, -19.989965257808407 ], [ -158.119654988654247, -19.989952627699864 ], [ -158.119480977767836, -19.989715845298125 ], [ -158.119205333873538, -19.98834206562108 ], [ -158.119466078283239, -19.987170069588139 ], [ -158.120391599807988, -19.986370459060069 ], [ -158.121169158464284, -19.985183744030589 ] ] ] ] } },
{ "type": "Feature", "properties": { "eaid": "2701", "ea_name": "areora", "cdid": "27", "gid": "2" }, "geometry": { "type": "MultiPolygon", "coordinates": [ [ [ [ -158.115893965318008, -19.996442879182474 ], [ -158.114797839101016, -19.996386227220501 ], [ -158.114677112829924, -19.997096320355681 ], [ -158.114637475070396, -19.997543030082738 ], [ -158.114626335140827, -19.99782781420787 ], [ -158.11277363842612, -19.998857208692304 ], [ -158.111436384478196, -19.998675747586084 ], [ -158.111234307283922, -19.999147202179692 ], [ -158.110908223951128, -19.999427143223418 ], [ -158.111990937547517, -20.001011107487514 ], [ -158.111500746412389, -20.001374779085712 ], [ -158.110952612559942, -20.001781519446986 ], [ -158.109991638146823, -20.002099716300393 ], [ -158.109247273473272, -20.001692044085903 ], [ -158.103925269040246, -20.00111305977142 ], [ -158.102288073251657, -20.000604239335775 ], [ -158.101123136805171, -20.000764789835348 ], [ -158.1000872335228, -20.00339026183018 ], [ -158.100593058817168, -20.003399441932586 ], [ -158.104670282649977, -20.0047682693694 ], [ -158.105628902467515, -20.005658647730524 ], [ -158.106530688057433, -20.006995279126762 ], [ -158.107200456840133, -20.007730244849732 ], [ -158.108256163886779, -20.009130886285565 ], [ -158.108508424417437, -20.009460728060606 ], [ -158.10928318847624, -20.009976513395408 ], [ -158.110440954337633, -20.00893488714091 ], [ -158.110955926191451, -20.008110614761385 ], [ -158.111119835535646, -20.007491173570859 ], [ -158.112553131524834, -20.007833204912899 ], [ -158.112769776112088, -20.007030639161528 ], [ -158.113804925273996, -20.00717813949613 ], [ -158.114296742557116, -20.005114826424339 ], [ -158.115263977912633, -20.004554347980427 ], [ -158.115732674304809, -20.003822334885967 ], [ -158.116073908663651, -20.003371268089843 ], [ -158.116085746854822, -20.002765601994895 ], [ -158.115632157583462, -20.002199696043181 ], [ -158.115495215555171, -20.000708522514948 ], [ -158.115275352825876, -20.000238433911971 ], [ -158.115434000792305, -20.000023882121681 ], [ -158.115423089734151, -20.000024740974425 ], [ -158.115579177172265, -19.999759916730127 ], [ -158.115744734937635, -19.999295073854583 ], [ -158.11593189687855, -19.999029881362514 ], [ -158.116412805479456, -19.998476837879533 ], [ -158.117435093628472, -19.997390007223441 ], [ -158.117856764937073, -19.996767166281145 ], [ -158.117017652492194, -19.996363587757813 ], [ -158.116418243580881, -19.996095148726141 ], [ -158.115893965318008, -19.996442879182474 ] ] ] ] } },
{ "type": "Feature", "properties": { "eaid": "1801", "ea_name": "tavaenga", "cdid": "18", "gid": "2" }, "geometry": { "type": "MultiPolygon", "coordinates": [ [ [ [ -157.958116857981565, -21.923211843715105 ], [ -157.957797298683488, -21.922464430211225 ], [ -157.957603817286525, -21.922087122729984 ], [ -157.957432964770902, -21.92166109683793 ], [ -157.957299096624638, -21.921374664856941 ], [ -157.957155974305493, -21.921273776132463 ], [ -157.957031151986598, -21.921016935064102 ], [ -157.956965158711597, -21.920892601215755 ], [ -157.956881778421007, -21.920744132665725 ], [ -157.956836566939415, -21.920616317886484 ], [ -157.956781214144144, -21.920456014860132 ], [ -157.95671226649398, -21.920233216327908 ], [ -157.956669655849453, -21.920099095793049 ], [ -157.956632881944643, -21.919930872337797 ], [ -157.956590271452569, -21.919796751784006 ], [ -157.956534839384915, -21.919636448175929 ], [ -157.9564942736354, -21.919506585484157 ], [ -157.956448290328495, -21.919342367835931 ], [ -157.95636568325429, -21.919230392138854 ], [ -157.956259001785895, -21.919091800661317 ], [ -157.95615521669103, -21.918993960601618 ], [ -157.955945227648101, -21.918746874401915 ], [ -157.955841443016027, -21.918649034158474 ], [ -157.955767353978786, -21.918496650109006 ], [ -157.955710731567308, -21.918368401327513 ], [ -157.955618607828484, -21.918039964622206 ], [ -157.955640829678174, -21.917860825888624 ], [ -157.955611251551403, -21.917735097038356 ], [ -157.955536882218439, -21.917588401102424 ], [ -157.955328747103238, -21.917120409841647 ], [ -157.955217560117717, -21.916757170002303 ], [ -157.955135979545986, -21.916526703957121 ], [ -157.955084232913123, -21.916310245943066 ], [ -157.95495763680384, -21.916100628097478 ], [ -157.954830967979603, -21.915911963313278 ], [ -157.954771506591214, -21.915779180327334 ], [ -157.954697109989013, -21.915625529434511 ], [ -157.954667803116394, -21.91542998687348 ], [ -157.954675957116422, -21.915220592863147 ], [ -157.954624160812813, -21.91501108882667 ], [ -157.954535173379611, -21.914745712950108 ], [ -157.954416324604551, -21.914459283930615 ], [ -157.954297688365557, -21.914089132037475 ], [ -157.95416938579848, -21.913829376679672 ], [ -157.954082639776743, -21.913650809757602 ], [ -157.954026417734099, -21.913511905539494 ], [ -157.95397648672062, -21.91338604699795 ], [ -157.953956263173552, -21.913160215445838 ], [ -157.953822628892681, -21.912810921478989 ], [ -157.953688848132657, -21.912503624029842 ], [ -157.953636936665873, -21.912342980630331 ], [ -157.953533025627024, -21.912077509324572 ], [ -157.953474890872741, -21.911971106996962 ], [ -157.953447629799598, -21.91188919641073 ], [ -157.953454814633233, -21.911779867847549 ], [ -157.952682889405992, -21.91198774311426 ], [ -157.952181930619901, -21.912146943688363 ], [ -157.952397268828861, -21.913472366435649 ], [ -157.952718876377673, -21.914271735100922 ], [ -157.953074823894411, -21.915189817999643 ], [ -157.953784868587292, -21.91760887749474 ], [ -157.954512660585266, -21.919863579133832 ], [ -157.954933072306261, -21.921206017199971 ], [ -157.955579888638852, -21.922615191637423 ], [ -157.955633103389573, -21.923101346045225 ], [ -157.956069222735948, -21.924142492493797 ], [ -157.956148843394971, -21.924916203793508 ], [ -157.956532969460397, -21.925512387290059 ], [ -157.957014451717612, -21.925106666109841 ], [ -157.957145866609579, -21.924995957784489 ], [ -157.9573250813458, -21.924866134232747 ], [ -157.958540046753342, -21.924156443409455 ], [ -157.958574201079642, -21.924125500248746 ], [ -157.958577615332416, -21.924084156551661 ], [ -157.958499729039971, -21.923970134442971 ], [ -157.958416345474319, -21.923821666592584 ], [ -157.95838512364935, -21.923603171937657 ], [ -157.958333130768267, -21.923463483019535 ], [ -157.958221213402283, -21.923330639858037 ], [ -157.958116857981565, -21.923211843715105 ] ] ] ] } },
{ "type": "Feature", "properties": { "eaid": "1901", "ea_name": "kaumata", "cdid": "19", "gid": "2" }, "geometry": { "type": "MultiPolygon", "coordinates": [ [ [ [ -157.961352062727201, -21.934965338594829 ], [ -157.961327923654807, -21.934804150437838 ], [ -157.96133364224886, -21.934665278662678 ], [ -157.96133119317318, -21.934441728023309 ], [ -157.961300474091985, -21.934296123162007 ], [ -157.961258749153899, -21.934082891452224 ], [ -157.961280579126594, -21.933869248479638 ], [ -157.961236106394381, -21.933715608777728 ], [ -157.961169488519829, -21.933478105034244 ], [ -157.961110533478859, -21.933163880030722 ], [ -157.961081372780995, -21.932891660186993 ], [ -157.961037167872973, -21.932668206887627 ], [ -157.960978098134433, -21.932402842736671 ], [ -157.960748704648012, -21.931536875985003 ], [ -157.960526572352478, -21.930726770894712 ], [ -157.960341054392075, -21.930195977399254 ], [ -157.960214163172822, -21.929837518567048 ], [ -157.96011897734985, -21.929378827377224 ], [ -157.960119985660555, -21.929053239997437 ], [ -157.95986129638635, -21.927968338284057 ], [ -157.959698412831216, -21.927388735307385 ], [ -157.959406938985694, -21.926520477249493 ], [ -157.959371092750985, -21.92638874842681 ], [ -157.959313531386329, -21.926224096987646 ], [ -157.959276436129016, -21.926066529496296 ], [ -157.959224372634054, -21.92593632371047 ], [ -157.959194682150894, -21.925649739665182 ], [ -157.959010606635758, -21.925218483513568 ], [ -157.958938714800894, -21.925070449926967 ], [ -157.958898145526689, -21.924940587766205 ], [ -157.958850807175651, -21.924808424805207 ], [ -157.958791202917553, -21.924639425028687 ], [ -157.958755277818625, -21.924507695577436 ], [ -157.958702442248097, -21.924341086879359 ], [ -157.958674440592063, -21.924283467764049 ], [ -157.95866822665576, -21.924270693676178 ], [ -157.958659259403987, -21.924252302480458 ], [ -157.958574201079642, -21.924125500248746 ], [ -157.958540046753342, -21.924156443409455 ], [ -157.9573250813458, -21.924866134232747 ], [ -157.957145866609579, -21.924995957784489 ], [ -157.957014451717612, -21.925106666109841 ], [ -157.956532969460397, -21.925512387290059 ], [ -157.957155338783707, -21.926424475406534 ], [ -157.957609076602864, -21.927362226253095 ], [ -157.958090651721278, -21.928852622867801 ], [ -157.958734379247829, -21.930310898790619 ], [ -157.959009062229455, -21.931347583396775 ], [ -157.959468429832697, -21.932524886404895 ], [ -157.959593238656112, -21.933345485738688 ], [ -157.959706859710167, -21.934068832827684 ], [ -157.959547225783837, -21.935160750959312 ], [ -157.959959063040856, -21.935673649416753 ], [ -157.960241742436693, -21.935920016747424 ], [ -157.960546271234506, -21.936027342975986 ], [ -157.961415138153143, -21.936152957111315 ], [ -157.96148385988306, -21.935935817120587 ], [ -157.96147699656126, -21.935726418424 ], [ -157.961395872757436, -21.935342328587915 ], [ -157.961352062727201, -21.934965338594829 ] ] ] ] } },
{ "type": "Feature", "properties": { "eaid": "2002", "ea_name": "te makatea", "cdid": "20", "gid": "2" }, "geometry": { "type": "MultiPolygon", "coordinates": [ [ [ [ -157.95559817122799, -21.926685905033128 ], [ -157.955931684192166, -21.926417342402019 ], [ -157.956299138430836, -21.926048471415545 ], [ -157.956482881540097, -21.925856268404484 ], [ -157.956532969460397, -21.925512387290059 ], [ -157.956148843394971, -21.924916203793508 ], [ -157.956069222735948, -21.924142492493797 ], [ -157.955633103389573, -21.923101346045225 ], [ -157.955579888638852, -21.922615191637423 ], [ -157.954933072306261, -21.921206017199971 ], [ -157.954512660585266, -21.919863579133832 ], [ -157.953784868587292, -21.91760887749474 ], [ -157.953074823894411, -21.915189817999643 ], [ -157.952718876377673, -21.914271735100922 ], [ -157.952397268828861, -21.913472366435649 ], [ -157.952181930619901, -21.912146943688363 ], [ -157.950909015286811, -21.912659149070723 ], [ -157.948900630578322, -21.913532070145429 ], [ -157.947448333241709, -21.914281358265765 ], [ -157.946297148978772, -21.91528888208871 ], [ -157.945571164803624, -21.915693547217405 ], [ -157.944888875883919, -21.916277949325867 ], [ -157.94422157722417, -21.916658237701736 ], [ -157.94403764403819, -21.916984004776705 ], [ -157.943673811132385, -21.917229047048199 ], [ -157.942790107297014, -21.91728216585112 ], [ -157.943220909053963, -21.91794713877681 ], [ -157.943917518624033, -21.917999210100696 ], [ -157.944424954797086, -21.918351452563066 ], [ -157.944941094026063, -21.918996376636805 ], [ -157.945045609029336, -21.919481688388665 ], [ -157.945180437559515, -21.920186845565667 ], [ -157.945582027206029, -21.920485028447629 ], [ -157.945748072702571, -21.920832458843762 ], [ -157.945788543812057, -21.921179897037781 ], [ -157.946062932307456, -21.921493430164364 ], [ -157.946276899331451, -21.921903214985914 ], [ -157.946662653898159, -21.922401526868033 ], [ -157.947340764184673, -21.922996723117873 ], [ -157.947498513045048, -21.923431164427644 ], [ -157.947688837699445, -21.924538585861026 ], [ -157.948426272833274, -21.925438887385454 ], [ -157.949178999239223, -21.926965361455878 ], [ -157.949556234433544, -21.927463702911371 ], [ -157.949740222962191, -21.929197972361287 ], [ -157.951206054949779, -21.928081165705315 ], [ -157.954892247340695, -21.925737875960127 ], [ -157.95559817122799, -21.926685905033128 ] ] ] ] } },
{ "type": "Feature", "properties": { "eaid": "2301", "ea_name": "karanga", "cdid": "23", "gid": "2" }, "geometry": { "type": "MultiPolygon", "coordinates": [ [ [ [ -157.902616166206258, -21.901014551292064 ], [ -157.902526513826047, -21.901131184087532 ], [ -157.902419085654003, -21.901234241146565 ], [ -157.902340923658016, -21.901351311723008 ], [ -157.902251271528826, -21.901467854034095 ], [ -157.902186999911692, -21.901636768429725 ], [ -157.902099067703858, -21.901768404941922 ], [ -157.902004368965152, -21.901897648030669 ], [ -157.901973170629077, -21.902042036301996 ], [ -157.901889883211794, -21.902171626395482 ], [ -157.901822329346402, -21.902310443376965 ], [ -157.901737320737965, -21.902425029386634 ], [ -157.901651910363768, -21.902550360304755 ], [ -157.901615665986554, -21.902707359084168 ], [ -157.901515840125569, -21.902849302218247 ], [ -157.901444801242945, -21.903015732533252 ], [ -157.901319549685411, -21.903163195725622 ], [ -157.901243785986878, -21.903331581348425 ], [ -157.901136835310666, -21.903424073636955 ], [ -157.901044176560703, -21.903557664882783 ], [ -157.90102871131802, -21.903711189593665 ], [ -157.900940776711678, -21.903842825357255 ], [ -157.900862970182914, -21.904006861938701 ], [ -157.900774955416978, -21.90413849706205 ], [ -157.900684898492017, -21.904265783307654 ], [ -157.900613456163171, -21.904442958117684 ], [ -157.900514029772893, -21.904574155572465 ], [ -157.90043073879707, -21.904703835083893 ], [ -157.900328789196578, -21.904841337687806 ], [ -157.900250142559429, -21.904969061171638 ], [ -157.90016685110453, -21.905098740523911 ], [ -157.900081517507886, -21.905224070997065 ], [ -157.899962191683926, -21.905337433073406 ], [ -157.899872133253638, -21.905464718794597 ], [ -157.89977530816472, -21.905589610993918 ], [ -157.899671235484533, -21.905722763757808 ], [ -157.89958405648116, -21.905890801168749 ], [ -157.899477102795714, -21.905983292226232 ], [ -157.899397091730322, -21.906142978051516 ], [ -157.899300746705904, -21.906257215829076 ], [ -157.899213210022594, -21.90637819586912 ], [ -157.899121029149455, -21.90650104142458 ], [ -157.899051268803561, -21.906635507092851 ], [ -157.898970453857402, -21.906816592229603 ], [ -157.898871024258824, -21.906947788523247 ], [ -157.898781845980182, -21.907053764822969 ], [ -157.898696430835372, -21.907179003603904 ], [ -157.898606370077772, -21.907306288509332 ], [ -157.898542974192083, -21.907453802051108 ], [ -157.898443623563168, -21.907584998576102 ], [ -157.898415022973438, -21.907723081167131 ], [ -157.898331247146729, -21.907863413499737 ], [ -157.898258561121253, -21.90801483861225 ], [ -157.898172663175643, -21.90815082146214 ], [ -157.898082601314115, -21.908278106021267 ], [ -157.898042107744686, -21.908426404911804 ], [ -157.897930506325707, -21.908520850662619 ], [ -157.897894657339947, -21.908667193659458 ], [ -157.897807118629771, -21.908788082494329 ], [ -157.897723421369278, -21.908928414983567 ], [ -157.897650252331175, -21.909090584152416 ], [ -157.899730722997987, -21.91036658845756 ], [ -157.901777463224192, -21.911517886641157 ], [ -157.902141638327237, -21.911735089243034 ], [ -157.902454152511041, -21.911079040103605 ], [ -157.902693181180638, -21.910491230775413 ], [ -157.902891818588841, -21.910278415675489 ], [ -157.90328836070276, -21.910240236547807 ], [ -157.90365379513085, -21.910063304012635 ], [ -157.903566645139477, -21.909852286346208 ], [ -157.903328924238139, -21.909790190061859 ], [ -157.903077888897684, -21.909778130195246 ], [ -157.902945618641326, -21.909840830920938 ], [ -157.902745145664852, -21.910011998088585 ], [ -157.902618959827691, -21.910197388574847 ], [ -157.902469173283805, -21.91019160266492 ], [ -157.902442974127666, -21.910079164803335 ], [ -157.902483157283882, -21.909804148954425 ], [ -157.902589228483833, -21.909629010761645 ], [ -157.902589961433193, -21.909304057781526 ], [ -157.902867863323422, -21.909091139085515 ], [ -157.903397354582268, -21.908640287837414 ], [ -157.903344923447946, -21.908440429724259 ], [ -157.903424650102437, -21.908202797066046 ], [ -157.903768960946422, -21.907864779631527 ], [ -157.904414756037937, -21.907120449054815 ], [ -157.904562015552898, -21.906704619677718 ], [ -157.904616103670691, -21.906301536724932 ], [ -157.904856302010046, -21.906049256320379 ], [ -157.905190399475543, -21.905469300372847 ], [ -157.90547298733344, -21.90443236147236 ], [ -157.905852068293456, -21.902674796714756 ], [ -157.902616166206258, -21.901014551292064 ] ] ] ] } },
{ "type": "Feature", "properties": { "eaid": "2201", "ea_name": "ivirua", "cdid": "22", "gid": "2" }, "geometry": { "type": "MultiPolygon", "coordinates": [ [ [ [ -157.895703618000425, -21.911986069529547 ], [ -157.895616556600118, -21.912096302923555 ], [ -157.895515479647145, -21.912212493346008 ], [ -157.895427534523236, -21.912344125600839 ], [ -157.895310320730687, -21.912461833222928 ], [ -157.895176969526631, -21.912581148382369 ], [ -157.895034809436822, -21.912693720869655 ], [ -157.894914234365956, -21.912781420678893 ], [ -157.894833938607547, -21.912894047275433 ], [ -157.894760409466727, -21.913009067505548 ], [ -157.894661452907428, -21.913129606759394 ], [ -157.894572268252574, -21.913235490097179 ], [ -157.894469469432494, -21.913336675771724 ], [ -157.894364227005411, -21.913444167074164 ], [ -157.894268195346939, -21.913547655992808 ], [ -157.894179009439199, -21.913653629400365 ], [ -157.894086417136577, -21.913787216554617 ], [ -157.894032785667719, -21.913920072116234 ], [ -157.89398039215169, -21.914078676041662 ], [ -157.893911105157258, -21.914202394689703 ], [ -157.89379004670667, -21.914300747628864 ], [ -157.893694930272176, -21.914440639671138 ], [ -157.893592129952538, -21.914541824720775 ], [ -157.893500420260494, -21.914654012537383 ], [ -157.893381964320525, -21.914746060534149 ], [ -157.893255455993966, -21.914867768222262 ], [ -157.893115334013828, -21.914984687767177 ], [ -157.892977333522964, -21.915105956627357 ], [ -157.892839814292614, -21.91521657131598 ], [ -157.892783657698061, -21.915355731510662 ], [ -157.892674089252779, -21.915454522157475 ], [ -157.892609043857135, -21.915586939060272 ], [ -157.89250412092926, -21.915683683588195 ], [ -157.892425461077266, -21.915811402626382 ], [ -157.892340515779665, -21.915926073796825 ], [ -157.892248322658759, -21.916048914858386 ], [ -157.892126859074978, -21.916158011326431 ], [ -157.892038506589358, -21.916300296051478 ], [ -157.891946714006849, -21.916412572653709 ], [ -157.891856641926807, -21.916539762919172 ], [ -157.891771214144768, -21.916665087784441 ], [ -157.89174636676168, -21.916822521677485 ], [ -157.891629225351892, -21.916940317182583 ], [ -157.891543797819708, -21.917065551594195 ], [ -157.891445719075676, -21.91716478001981 ], [ -157.891337788381577, -21.917278573154764 ], [ -157.891228699777344, -21.91736661836967 ], [ -157.891121732730625, -21.917459012973289 ], [ -157.891015520724977, -21.91758790021974 ], [ -157.890919081289127, -21.917702131792982 ], [ -157.890794208249844, -21.917838840846422 ], [ -157.890708779434192, -21.917964074757812 ], [ -157.890590398780319, -21.918056121056186 ], [ -157.890498603909293, -21.918168396731922 ], [ -157.890350472118683, -21.918257171409749 ], [ -157.890251989843193, -21.918367053603493 ], [ -157.890134011157869, -21.918448354669202 ], [ -157.890030803515032, -21.918560191780063 ], [ -157.889886030025764, -21.918679063860463 ], [ -157.88976080151258, -21.918768715081686 ], [ -157.889626555384126, -21.918909424101663 ], [ -157.889521707815049, -21.919006167040951 ], [ -157.889403727495733, -21.919087557848204 ], [ -157.889289026788418, -21.919198955577045 ], [ -157.889187939597434, -21.919315141587518 ], [ -157.889036879517903, -21.919420964916842 ], [ -157.888933188499834, -21.919543455275324 ], [ -157.888821572354317, -21.919637894106469 ], [ -157.888717478986734, -21.919771038863956 ], [ -157.888591766955301, -21.91987134312485 ], [ -157.888501688958456, -21.919998621595209 ], [ -157.888370044632694, -21.920132934644901 ], [ -157.888271479708862, -21.920242814970504 ], [ -157.888167867255902, -21.920365305321525 ], [ -157.888073947345674, -21.920473229968831 ], [ -157.887966975944266, -21.920565622303389 ], [ -157.887817955457649, -21.920675793368591 ], [ -157.887721993274454, -21.920779368824778 ], [ -157.887576460653293, -21.920861836292893 ], [ -157.887451228803343, -21.920951485591079 ], [ -157.887299330997536, -21.921020904266662 ], [ -157.887152431152373, -21.921135424193501 ], [ -157.887027681473796, -21.921214328832928 ], [ -157.886954140933653, -21.921329435327813 ], [ -157.886898378183275, -21.921457938530924 ], [ -157.886770621621679, -21.921553892286823 ], [ -157.886652558539708, -21.921635190090164 ], [ -157.886532050663646, -21.921722883669748 ], [ -157.88643136232713, -21.921828322933866 ], [ -157.886328631363654, -21.921929503456518 ], [ -157.886200794178706, -21.922025456189939 ], [ -157.886086168449481, -21.922136851982646 ], [ -157.885941388092107, -21.922255720249851 ], [ -157.88583653488331, -21.922352550904151 ], [ -157.885715946084161, -21.922440243290851 ], [ -157.88561321487947, -21.922541333008411 ], [ -157.885508281413223, -21.922638162890987 ], [ -157.885355093568961, -21.922739633000973 ], [ -157.885245997153419, -21.92282767386024 ], [ -157.885146945848192, -21.922948206085806 ], [ -157.885010650202872, -21.923084471604476 ], [ -157.884887536402715, -21.923178468316024 ], [ -157.884795733734279, -21.923290740413609 ], [ -157.884701486848797, -21.923409317975722 ], [ -157.884587664219936, -21.923499313250016 ], [ -157.884497580330134, -21.923626589226021 ], [ -157.884409617843943, -21.923758214690359 ], [ -157.884324179116987, -21.923883535124052 ], [ -157.885950896496468, -21.925096395086278 ], [ -157.887031875448685, -21.926025026027514 ], [ -157.888053197584952, -21.926043496276286 ], [ -157.889018161205598, -21.926030691409171 ], [ -157.88931860567692, -21.925995691646776 ], [ -157.889581701207106, -21.926391245414464 ], [ -157.88955380400887, -21.926683951097644 ], [ -157.889280189387989, -21.926934084021514 ], [ -157.88949769988389, -21.927381261558427 ], [ -157.889907294047447, -21.927354765139462 ], [ -157.891264616728591, -21.92686194822555 ], [ -157.891911695956168, -21.926456276412665 ], [ -157.892066936972952, -21.926223585129826 ], [ -157.892705349796159, -21.925637219864516 ], [ -157.893034442398204, -21.924973807688218 ], [ -157.893517595757487, -21.924611551121885 ], [ -157.894456155989729, -21.924119320060299 ], [ -157.894829959990545, -21.923825957765064 ], [ -157.895085422074203, -21.923515723212702 ], [ -157.895551409016747, -21.922697159029592 ], [ -157.896053199374506, -21.922110945659192 ], [ -157.896528828055409, -21.921593737082919 ], [ -157.89673601600316, -21.921414133895681 ], [ -157.896900174823458, -21.921234512761757 ], [ -157.897021281210129, -21.921006103016261 ], [ -157.897064824883074, -21.920794152425504 ], [ -157.897169167248848, -21.920337582173094 ], [ -157.897186908051111, -21.92011751068376 ], [ -157.897195827490776, -21.919954459760209 ], [ -157.897118460170759, -21.919873108127405 ], [ -157.896997641089399, -21.919971103613758 ], [ -157.896850561880854, -21.920223995458098 ], [ -157.896738289186374, -21.92036278057736 ], [ -157.896617298027365, -21.920493378677666 ], [ -157.896496598644376, -21.920534294849961 ], [ -157.896419157001418, -21.920493674913043 ], [ -157.896471019485659, -21.920403977862321 ], [ -157.896626475676868, -21.920224388874079 ], [ -157.896730354978928, -21.92000417279948 ], [ -157.896903826031917, -21.919506701661884 ], [ -157.897197210972536, -21.919318734541381 ], [ -157.897430408476936, -21.91905756867137 ], [ -157.897732938409945, -21.918625085982054 ], [ -157.897871763190409, -21.918168475176355 ], [ -157.898243154027597, -21.917760386552466 ], [ -157.898735558595575, -21.91719713139787 ], [ -157.899297429698095, -21.91634045086413 ], [ -157.899490150743077, -21.915465674077254 ], [ -157.899742365383645, -21.915200748080245 ], [ -157.900091658253842, -21.915319230585531 ], [ -157.900483325896175, -21.915252395945945 ], [ -157.900735690074526, -21.914894895285261 ], [ -157.900940893549318, -21.914368549133588 ], [ -157.901126575206774, -21.914055850613057 ], [ -157.90135247563137, -21.913443028839303 ], [ -157.901445748063452, -21.913042918819944 ], [ -157.901710919043353, -21.912617584090569 ], [ -157.902141638327237, -21.911735089243034 ], [ -157.901777463224192, -21.911517886641157 ], [ -157.899730722997987, -21.91036658845756 ], [ -157.897650252331175, -21.909090584152416 ], [ -157.897506036212434, -21.909419181443457 ], [ -157.89742314154887, -21.909538114200263 ], [ -157.897394539503949, -21.909676196524522 ], [ -157.897304475947521, -21.909803480565749 ], [ -157.897243199992431, -21.909955252544279 ], [ -157.897162425869624, -21.910078624847134 ], [ -157.897065595183619, -21.910203515154741 ], [ -157.896996312827099, -21.91032723534893 ], [ -157.89691049204356, -21.910463217929728 ], [ -157.896821230231694, -21.91056919243541 ], [ -157.896701139913574, -21.910646149311201 ], [ -157.896510481108493, -21.910878969958983 ], [ -157.896315980223648, -21.911092346622375 ], [ -157.896136652683396, -21.91132551374697 ], [ -157.896038581808426, -21.911424654965078 ], [ -157.895965409488156, -21.911586823203567 ], [ -157.89584443449408, -21.911685178372309 ], [ -157.895793684402804, -21.91185878651449 ], [ -157.895703618000425, -21.911986069529547 ] ] ] ] } },
{ "type": "Feature", "properties": { "eaid": "2101", "ea_name": "tamarua", "cdid": "21", "gid": "2" }, "geometry": { "type": "MultiPolygon", "coordinates": [ [ [ [ -157.906769610807828, -21.948158429399324 ], [ -157.906441941947207, -21.947947167411435 ], [ -157.905890303873861, -21.947736310129699 ], [ -157.905662225494382, -21.947751860859885 ], [ -157.905514118993324, -21.947823939886938 ], [ -157.905417869325277, -21.94792246555566 ], [ -157.905341624874126, -21.948036116890243 ], [ -157.905293298593875, -21.948195112153076 ], [ -157.90490906487716, -21.948572420208279 ], [ -157.904691812459561, -21.948946505429006 ], [ -157.903994044236356, -21.949632858721017 ], [ -157.903626803753241, -21.949740322762636 ], [ -157.903020275698111, -21.949492150298461 ], [ -157.901972299278697, -21.952318717386618 ], [ -157.901604877191517, -21.954319284105996 ], [ -157.901779189585, -21.954319094883196 ], [ -157.902076865622007, -21.954329755134857 ], [ -157.902229908802099, -21.954343783476045 ], [ -157.902384316031885, -21.954325758691564 ], [ -157.902547570054821, -21.954372278330627 ], [ -157.902724406288627, -21.954365782864098 ], [ -157.902884699439511, -21.954371549976678 ], [ -157.903066138319957, -21.954420809722745 ], [ -157.903218779896918, -21.954445582045643 ], [ -157.9033710210891, -21.954480918502959 ], [ -157.903537200476762, -21.954510477335212 ], [ -157.903684437824779, -21.954500712522037 ], [ -157.903837480723496, -21.954514829690126 ], [ -157.903996892110825, -21.954541904369641 ], [ -157.904161430752765, -21.954556368889165 ], [ -157.904305181948786, -21.954574307216067 ], [ -157.904490385261198, -21.954643008423545 ], [ -157.904623078822681, -21.954707656321322 ], [ -157.9047642260619, -21.954731989311647 ], [ -157.904925482228379, -21.95471635601962 ], [ -157.90508064884898, -21.954734731042876 ], [ -157.905248550594195, -21.954779292073049 ], [ -157.90539734943826, -21.954784618880645 ], [ -157.905549232582672, -21.954772986727242 ], [ -157.90570399840712, -21.954802015764642 ], [ -157.905882957839793, -21.954799866215033 ], [ -157.906045374404073, -21.95480997956717 ], [ -157.906189126168357, -21.954827916264744 ], [ -157.906341367937301, -21.954863340325247 ], [ -157.906496935868972, -21.954871059422441 ], [ -157.906661956000221, -21.954874867391201 ], [ -157.906795052413315, -21.954928768667084 ], [ -157.906944332256302, -21.954923440009054 ], [ -157.907093211231768, -21.954928765820103 ], [ -157.90726239701462, -21.954941271228368 ], [ -157.907435828232991, -21.954962475026012 ], [ -157.907612623425877, -21.955013685885845 ], [ -157.907769912853411, -21.955036497985677 ], [ -157.907922556795256, -21.955061175684222 ], [ -157.908084493259622, -21.955081941116813 ], [ -157.9082490331283, -21.955096401582665 ], [ -157.908401275781017, -21.955131823765221 ], [ -157.908528844871228, -21.955209078748926 ], [ -157.908663984570978, -21.955267417599117 ], [ -157.908821396343399, -21.955232427341763 ], [ -157.908982172251825, -21.955227444156741 ], [ -157.909128807223823, -21.955286220248169 ], [ -157.909288220710096, -21.955313289865671 ], [ -157.909446752348231, -21.955361758347244 ], [ -157.909606646517545, -21.955378173573411 ], [ -157.909782201505493, -21.955403724184201 ], [ -157.909980666857763, -21.95543014917482 ], [ -157.910140962516948, -21.955435818953973 ], [ -157.91031739879611, -21.955440060285426 ], [ -157.910481940095337, -21.955454428228304 ], [ -157.910651126959664, -21.95546693018245 ], [ -157.910817790461749, -21.955485737346709 ], [ -157.910969193725805, -21.955484754290111 ], [ -157.911135857305624, -21.955503561134105 ], [ -157.911294030319908, -21.955504880554745 ], [ -157.911454325487568, -21.955510639368871 ], [ -157.911623512550477, -21.955523140327362 ], [ -157.91179229913422, -21.955546295742998 ], [ -157.911949590687414, -21.955569013578224 ], [ -157.912100112559159, -21.955589428527844 ], [ -157.912290448539039, -21.955645420545245 ], [ -157.912440971241296, -21.955665744876114 ], [ -157.912595859377092, -21.955637056393698 ], [ -157.912743898547291, -21.955605974211721 ], [ -157.912897023764259, -21.955620083549192 ], [ -157.913054315623526, -21.955642800336651 ], [ -157.913206079994183, -21.955688872244401 ], [ -157.913351114883625, -21.955674839357634 ], [ -157.913534682449807, -21.955728436958818 ], [ -157.91369922386852, -21.955742892016005 ], [ -157.913867530936699, -21.955776699435354 ], [ -157.914022780096786, -21.955795066629754 ], [ -157.914172461227707, -21.955779076785319 ], [ -157.914340848319142, -21.9558128842536 ], [ -157.914507433038011, -21.955831687181231 ], [ -157.91467582028622, -21.955865494311617 ], [ -157.914860307978472, -21.955840070011249 ], [ -157.915026973353861, -21.95585878263191 ], [ -157.915184265223075, -21.955881587714718 ], [ -157.915346684104804, -21.955891691943993 ], [ -157.915501453555351, -21.95592071187555 ], [ -157.915683418018915, -21.955901592110912 ], [ -157.915852205900762, -21.955924743397926 ], [ -157.916013744652759, -21.955956155749238 ], [ -157.916192186827942, -21.956022451162067 ], [ -157.916351602789433, -21.956049514008992 ], [ -157.916513621829438, -21.956070271750111 ], [ -157.9166776833938, -21.956095468291558 ], [ -157.916843948561052, -21.9561249240578 ], [ -157.917019906933717, -21.956139722050324 ], [ -157.917203075854843, -21.956204060598704 ], [ -157.917352757880536, -21.956187977547692 ], [ -157.917543096306588, -21.956244053901379 ], [ -157.91770223034527, -21.95622405891536 ], [ -157.917864169993919, -21.956244814813541 ], [ -157.918024466556034, -21.956250567258785 ], [ -157.918186486142957, -21.956271323368181 ], [ -157.918348025903839, -21.956302733458891 ], [ -157.918548617629284, -21.956333497361928 ], [ -157.918719449841348, -21.956360994366452 ], [ -157.91888359275913, -21.956386098946702 ], [ -157.919043409737725, -21.956402504548251 ], [ -157.919205429690891, -21.956423259665005 ], [ -157.919353831399206, -21.956439228587225 ], [ -157.919511605265228, -21.956451285120643 ], [ -157.919691330183156, -21.956485523016955 ], [ -157.919848703538008, -21.956508324214024 ], [ -157.920000871894217, -21.956543644979266 ], [ -157.92015852866561, -21.956613502452271 ], [ -157.920306130254858, -21.956650870187641 ], [ -157.920468070882634, -21.956671623552072 ], [ -157.920631334282064, -21.956718125551667 ], [ -157.920784382643916, -21.956732136776704 ], [ -157.920928618477859, -21.956739406568847 ], [ -157.9210923190291, -21.956717451346087 ], [ -157.921244203639645, -21.956705804711287 ], [ -157.921426052535622, -21.956744389858137 ], [ -157.921602492013449, -21.956748528832158 ], [ -157.921760630172258, -21.956807640336201 ], [ -157.921921691184451, -21.95684979143719 ], [ -157.92205139274563, -21.956931385373657 ], [ -157.922215456526629, -21.956956576459913 ], [ -157.922367225622594, -21.957002640071195 ], [ -157.922527123692902, -21.957019042849311 ], [ -157.92267552652811, -21.957035008808806 ], [ -157.922832901774314, -21.957057716876722 ], [ -157.922983427225972, -21.957078121974309 ], [ -157.923124180971513, -21.957113094090488 ], [ -157.923261052503221, -21.957186425020275 ], [ -157.92340645254626, -21.957219440403247 ], [ -157.923418502014215, -21.95722051286295 ], [ -157.923539678132585, -21.956727277468868 ], [ -157.92345081382831, -21.955623392230144 ], [ -157.923420282139062, -21.955224355706701 ], [ -157.923373422247096, -21.954183786313333 ], [ -157.923302295234151, -21.953004512636149 ], [ -157.921898018088115, -21.953191649812769 ], [ -157.92092405704301, -21.953250192117444 ], [ -157.920172259068295, -21.95297791598183 ], [ -157.91961069800837, -21.952627138590817 ], [ -157.919165053756416, -21.952205862621177 ], [ -157.918539713425474, -21.951716026794241 ], [ -157.917667057366458, -21.951219772736245 ], [ -157.916598350537726, -21.95088569360933 ], [ -157.915996030547944, -21.95070000434556 ], [ -157.915529785430834, -21.95085994777213 ], [ -157.915066551101461, -21.950970235874024 ], [ -157.914636895059601, -21.95082244051785 ], [ -157.914281873053113, -21.950604239209959 ], [ -157.913860154369303, -21.950620598620514 ], [ -157.913297573555298, -21.950817018589731 ], [ -157.912495592817692, -21.950795003192027 ], [ -157.911907453788189, -21.950509413164042 ], [ -157.910705381623643, -21.949792918165937 ], [ -157.90907627431065, -21.948891773655376 ], [ -157.907833266365316, -21.94844746987263 ], [ -157.906769610807828, -21.948158429399324 ] ] ] ] } },
{ "type": "Feature", "properties": { "eaid": "2001", "ea_name": "te makatea", "cdid": "20", "gid": "2" }, "geometry": { "type": "MultiPolygon", "coordinates": [ [ [ [ -157.957609076602864, -21.927362226253095 ], [ -157.957155338783707, -21.926424475406534 ], [ -157.956532969460397, -21.925512387290059 ], [ -157.956482881540097, -21.925856268404484 ], [ -157.956299138430836, -21.926048471415545 ], [ -157.955931684192166, -21.926417342402019 ], [ -157.95559817122799, -21.926685905033128 ], [ -157.954892247340695, -21.925737875960127 ], [ -157.951206054949779, -21.928081165705315 ], [ -157.949740222962191, -21.929197972361287 ], [ -157.949840571038209, -21.930145406987751 ], [ -157.949562522604396, -21.930979876127108 ], [ -157.949835883897435, -21.931654574738904 ], [ -157.949713407604946, -21.932264516033463 ], [ -157.949833560303887, -21.932754530922079 ], [ -157.950169352279914, -21.934083161724008 ], [ -157.959009062229455, -21.931347583396775 ], [ -157.958734379247829, -21.930310898790619 ], [ -157.958090651721278, -21.928852622867801 ], [ -157.957609076602864, -21.927362226253095 ] ] ] ] } },
{ "type": "Feature", "properties": { "eaid": "1206", "ea_name": "matavera", "cdid": "12", "gid": "1" }, "geometry": { "type": "MultiPolygon", "coordinates": [ [ [ [ -159.738200396081822, -21.219712568378192 ], [ -159.738785296577191, -21.220104752559681 ], [ -159.738941577488845, -21.219992239789622 ], [ -159.739367911617336, -21.22034058311807 ], [ -159.740231324670333, -21.221294660139748 ], [ -159.740849362704779, -21.220571385340456 ], [ -159.74103898008218, -21.220675065030452 ], [ -159.741730694293949, -21.220879786395273 ], [ -159.742434503025237, -21.221447228883573 ], [ -159.742993476523822, -21.221884213887733 ], [ -159.743257975894863, -21.222089634368761 ], [ -159.744038098011146, -21.221669414556441 ], [ -159.745441600920998, -21.220187229160217 ], [ -159.745480021969968, -21.220038014874799 ], [ -159.745495850734358, -21.219978236794994 ], [ -159.746053932444283, -21.219267312588602 ], [ -159.74630499834791, -21.218729009928406 ], [ -159.746358356280183, -21.218137563685044 ], [ -159.7456051505456, -21.217860320303814 ], [ -159.745459832709855, -21.218139957528294 ], [ -159.744742952899031, -21.217906659598277 ], [ -159.744002414284779, -21.217492590749597 ], [ -159.743348842681996, -21.216994310869733 ], [ -159.742771468663619, -21.216494794345735 ], [ -159.74190088206575, -21.215751133860518 ], [ -159.741423600840221, -21.216250179619976 ], [ -159.741025051881223, -21.216405129307184 ], [ -159.74043959497331, -21.217046422616029 ], [ -159.7402149469508, -21.21683169921198 ], [ -159.739574805583089, -21.216289632801239 ], [ -159.739507024036158, -21.21627177332784 ], [ -159.739288403569702, -21.216213925780771 ], [ -159.738552626191222, -21.216592452270795 ], [ -159.739038127280452, -21.217136401127739 ], [ -159.739646378829349, -21.217615684745862 ], [ -159.739316308737443, -21.217940375004641 ], [ -159.739450299513948, -21.218088472484087 ], [ -159.739475533848434, -21.218116363501693 ], [ -159.739278927439869, -21.218299510866718 ], [ -159.739243767038232, -21.218267876777837 ], [ -159.738552945561679, -21.217802835659928 ], [ -159.737878790408104, -21.217038114010826 ], [ -159.737376357324024, -21.21636995026169 ], [ -159.736929369971136, -21.215956010676578 ], [ -159.736923388877813, -21.215751911792204 ], [ -159.736463514456716, -21.21506550361638 ], [ -159.736127614356377, -21.215224729518216 ], [ -159.735949128076044, -21.21536305803664 ], [ -159.735790463726403, -21.215454532147497 ], [ -159.735535458533064, -21.215585636683336 ], [ -159.735304225657444, -21.215747260283891 ], [ -159.734897036930079, -21.216052816822963 ], [ -159.734223046165653, -21.216627945333414 ], [ -159.734113031536907, -21.216785281964778 ], [ -159.73397059128979, -21.216964973255223 ], [ -159.733850604537452, -21.217170972063911 ], [ -159.73370354510692, -21.21728743518182 ], [ -159.733598161806782, -21.21741516266383 ], [ -159.733384862500543, -21.217858802824693 ], [ -159.733323973254073, -21.218010189289291 ], [ -159.734317023599658, -21.21848899973218 ], [ -159.734337896306982, -21.218468223313003 ], [ -159.734632095400173, -21.218577778584592 ], [ -159.735168963129695, -21.21878753695642 ], [ -159.735487791599468, -21.219025680514505 ], [ -159.735651177170894, -21.218962500086551 ], [ -159.736127681884, -21.219141896048157 ], [ -159.73661536406874, -21.219373133759184 ], [ -159.736972936084555, -21.219551466779258 ], [ -159.737071346521532, -21.219633338402875 ], [ -159.737204904065919, -21.219537961041574 ], [ -159.737509841837721, -21.219387507365262 ], [ -159.737567188663576, -21.21928789360329 ], [ -159.738200396081822, -21.219712568378192 ] ] ] ] } },
{ "type": "Feature", "properties": { "eaid": "1205", "ea_name": "matavera", "cdid": "12", "gid": "1" }, "geometry": { "type": "MultiPolygon", "coordinates": [ [ [ [ -159.737075406835345, -21.22259007438662 ], [ -159.737294940920151, -21.222686130217113 ], [ -159.737652076071413, -21.222811122442351 ], [ -159.73771113038066, -21.223054755793409 ], [ -159.737676572600293, -21.223599236354193 ], [ -159.737701043801422, -21.223822786863046 ], [ -159.737722058409247, -21.224166130245738 ], [ -159.737721656618419, -21.22437298803845 ], [ -159.738001137304735, -21.224395974735771 ], [ -159.737978404384762, -21.224490107809693 ], [ -159.738287619967764, -21.224660473123091 ], [ -159.738469405443993, -21.224626617033895 ], [ -159.738936124143919, -21.224689431404634 ], [ -159.739747966141152, -21.224809266114697 ], [ -159.739952852538977, -21.224022405699298 ], [ -159.740049731585316, -21.223703899625658 ], [ -159.740062295784384, -21.223662592668823 ], [ -159.740131726259307, -21.223685215925862 ], [ -159.740442790314916, -21.223786573134444 ], [ -159.741032639727479, -21.223948526630533 ], [ -159.74132388777349, -21.224028493821489 ], [ -159.74139030181334, -21.223915018504758 ], [ -159.741468736237294, -21.223837893387469 ], [ -159.741602618370081, -21.223742458606129 ], [ -159.741623195499415, -21.223726199108938 ], [ -159.741705740074792, -21.223660708408165 ], [ -159.741711286031631, -21.223655458414996 ], [ -159.74184484365253, -21.223529028129043 ], [ -159.741953403871321, -21.223374989808431 ], [ -159.742056401320042, -21.223252591408688 ], [ -159.742361253870598, -21.223169863507131 ], [ -159.742456739238975, -21.22294361830836 ], [ -159.742517250448202, -21.222857538548539 ], [ -159.74259617139495, -21.222798476803799 ], [ -159.742717758111752, -21.222739136964449 ], [ -159.742882488166146, -21.222679697497924 ], [ -159.742924780412153, -21.222652412335602 ], [ -159.743051647270192, -21.222489259754248 ], [ -159.743099638621544, -21.222394201898137 ], [ -159.74316011501773, -21.222317155078969 ], [ -159.743263979633696, -21.222098550611488 ], [ -159.742993476523822, -21.221884213887733 ], [ -159.742434503025237, -21.221447228883573 ], [ -159.741730694293949, -21.220879786395273 ], [ -159.74103898008218, -21.220675065030452 ], [ -159.740849362704779, -21.220571385340456 ], [ -159.740231324670333, -21.221294660139748 ], [ -159.739367911617336, -21.22034058311807 ], [ -159.738941577488845, -21.219992239789622 ], [ -159.738785296577191, -21.220104752559681 ], [ -159.738200396081822, -21.219712568378192 ], [ -159.737567188663576, -21.21928789360329 ], [ -159.737509841837721, -21.219387507365262 ], [ -159.737204904065919, -21.219537961041574 ], [ -159.737071346521532, -21.219633338402875 ], [ -159.736856353453476, -21.219842468517101 ], [ -159.736251199481416, -21.220680126010478 ], [ -159.736097178529263, -21.221056110211638 ], [ -159.737250392166402, -21.221475719765518 ], [ -159.737141856708206, -21.22193940693677 ], [ -159.737094817230684, -21.222226862319445 ], [ -159.736992850294229, -21.222413478046612 ], [ -159.737075406835345, -21.22259007438662 ] ] ] ] } },
{ "type": "Feature", "properties": { "eaid": "1204", "ea_name": "matavera", "cdid": "12", "gid": "1" }, "geometry": { "type": "MultiPolygon", "coordinates": [ [ [ [ -159.735327800877457, -21.223119714748265 ], [ -159.735733502261979, -21.223177111937996 ], [ -159.736108778637941, -21.223001728151633 ], [ -159.736688107024349, -21.222741876833648 ], [ -159.736428304342382, -21.222330896607907 ], [ -159.736350783764067, -21.222186575298444 ], [ -159.736288091569719, -21.222103693142046 ], [ -159.736229794526594, -21.221954498009232 ], [ -159.736078640552819, -21.22132612034947 ], [ -159.735852403549444, -21.221096297752268 ], [ -159.736097178529263, -21.221056110211638 ], [ -159.736251199481416, -21.220680126010478 ], [ -159.736856353453476, -21.219842468517101 ], [ -159.737071346521532, -21.219633338402875 ], [ -159.736972936084555, -21.219551466779258 ], [ -159.73661536406874, -21.219373133759184 ], [ -159.736127681884, -21.219141896048157 ], [ -159.735651177170894, -21.218962500086551 ], [ -159.735487791599468, -21.219025680514505 ], [ -159.735168963129695, -21.21878753695642 ], [ -159.734632095400173, -21.218577778584592 ], [ -159.734337896306982, -21.218468223313003 ], [ -159.734317023599658, -21.21848899973218 ], [ -159.733323973254073, -21.218010189289291 ], [ -159.733143258845416, -21.218482809393013 ], [ -159.732947965139005, -21.219243339601839 ], [ -159.732876963391107, -21.219834635281078 ], [ -159.732813687985612, -21.220146723354269 ], [ -159.732862446279256, -21.220238338357468 ], [ -159.732827919256948, -21.220279346626761 ], [ -159.732832869726337, -21.220394867311789 ], [ -159.732809423497031, -21.220569128810702 ], [ -159.732757254671554, -21.220712958257621 ], [ -159.732758843412, -21.220832249875802 ], [ -159.732728216623912, -21.220886149587944 ], [ -159.732811610891247, -21.22091647331872 ], [ -159.732741206671591, -21.220978224779756 ], [ -159.732707865388591, -21.221004741210947 ], [ -159.732667095365287, -21.221087795230176 ], [ -159.73259948257467, -21.22194821439383 ], [ -159.732536775631274, -21.222098514236961 ], [ -159.732512920234484, -21.222255325952215 ], [ -159.732522627338284, -21.22272570030114 ], [ -159.733091859012006, -21.22283236476401 ], [ -159.7333094001566, -21.222896917015039 ], [ -159.733680570909996, -21.222980502140103 ], [ -159.733753608493316, -21.222792704708738 ], [ -159.734318532322504, -21.222888888627569 ], [ -159.73457879647853, -21.222914855243712 ], [ -159.734656134471038, -21.222968716781647 ], [ -159.734927479337102, -21.223274748580181 ], [ -159.735129981566615, -21.223300965814072 ], [ -159.735438348616924, -21.223397450114373 ], [ -159.735327800877457, -21.223119714748265 ] ] ] ] } },
{ "type": "Feature", "properties": { "eaid": "1201", "ea_name": "matavera-pouara", "cdid": "12", "gid": "1" }, "geometry": { "type": "MultiPolygon", "coordinates": [ [ [ [ -159.73087867306225, -21.229725710970254 ], [ -159.730857606221491, -21.229794034043483 ], [ -159.73087434828679, -21.229885286353163 ], [ -159.730971419742531, -21.229935323288377 ], [ -159.730905600946954, -21.229963186750101 ], [ -159.730899286004728, -21.230034727546268 ], [ -159.730845681544992, -21.230085347338303 ], [ -159.7307955606409, -21.230165063699054 ], [ -159.730819882099951, -21.230247337251249 ], [ -159.730779101836049, -21.230264287945047 ], [ -159.730692712578559, -21.230330014436475 ], [ -159.730660327573332, -21.230416411966591 ], [ -159.7306536999358, -21.230534339401071 ], [ -159.730696274617543, -21.230600490372709 ], [ -159.730640185420611, -21.230687527214567 ], [ -159.730606905507642, -21.230824604050916 ], [ -159.730533635646623, -21.23112639527891 ], [ -159.730471757089077, -21.231346200049718 ], [ -159.730377562114825, -21.231571762047508 ], [ -159.730523450579994, -21.231638493392023 ], [ -159.730363791738597, -21.231603283911433 ], [ -159.730294534825902, -21.231733512617918 ], [ -159.73030066007891, -21.231786853453492 ], [ -159.730330220613439, -21.231856969726309 ], [ -159.730420744031022, -21.231887047213043 ], [ -159.730343027017625, -21.231890454747099 ], [ -159.730245606434409, -21.231920672517351 ], [ -159.730211293397133, -21.232013820707113 ], [ -159.730208981330236, -21.232059527803358 ], [ -159.730209797067346, -21.232128590930376 ], [ -159.730308153985163, -21.232174370593324 ], [ -159.730194757184591, -21.232149050898336 ], [ -159.73016618279209, -21.232199479667909 ], [ -159.730148875196249, -21.23232405853992 ], [ -159.730137405781107, -21.232407233622109 ], [ -159.730122362358486, -21.232537764424716 ], [ -159.730105223887165, -21.232619282457975 ], [ -159.730135966883154, -21.232659917486057 ], [ -159.730100140530453, -21.232728477531047 ], [ -159.73007563465174, -21.23281475665182 ], [ -159.730100046752568, -21.232826335642262 ], [ -159.730092901594901, -21.23285661906143 ], [ -159.730053219260412, -21.232851712246568 ], [ -159.730041461763193, -21.232878277829382 ], [ -159.73003026179876, -21.232963063418854 ], [ -159.730030567913445, -21.233003014992704 ], [ -159.730071081701993, -21.233008954294238 ], [ -159.730104871240599, -21.233001190885716 ], [ -159.730120022469833, -21.233010208402984 ], [ -159.730121474398771, -21.233011072543679 ], [ -159.730346227159856, -21.233131864912771 ], [ -159.730730830942093, -21.233199392609254 ], [ -159.731376546676017, -21.233316101684252 ], [ -159.732015287112944, -21.233420011643897 ], [ -159.732928902913216, -21.233592279548901 ], [ -159.733546342937842, -21.233726898085312 ], [ -159.734016376786457, -21.233956369967665 ], [ -159.734453158127991, -21.234210013055506 ], [ -159.734687619153533, -21.233995722932573 ], [ -159.734783831300234, -21.233848336903165 ], [ -159.735149067176309, -21.233646755115178 ], [ -159.735431352764294, -21.233446708424431 ], [ -159.735677137925336, -21.233225141206358 ], [ -159.736601634357726, -21.233523803800793 ], [ -159.736609742363584, -21.233508412292441 ], [ -159.736638990390247, -21.2333817321779 ], [ -159.736710661419977, -21.233205275625476 ], [ -159.736726818106064, -21.233178557710318 ], [ -159.73665898695981, -21.233136218078471 ], [ -159.73599654228434, -21.232723319606311 ], [ -159.73623888588159, -21.232018466213805 ], [ -159.736563878719778, -21.231073223225444 ], [ -159.736863897135464, -21.230333374533569 ], [ -159.737355507967209, -21.229901436532071 ], [ -159.737973317316801, -21.229984910762873 ], [ -159.738612543070786, -21.229933064855079 ], [ -159.738687140346428, -21.229924930131965 ], [ -159.739157095484245, -21.229873682205579 ], [ -159.740118856932924, -21.230127268716682 ], [ -159.740291904060143, -21.229821916729971 ], [ -159.74032383205062, -21.229357299535437 ], [ -159.7392908473972, -21.229112968766589 ], [ -159.739182328936067, -21.229101339907132 ], [ -159.738982706320684, -21.228984965740324 ], [ -159.738676898155461, -21.228893839442705 ], [ -159.738669916636439, -21.228190999434158 ], [ -159.738559779525303, -21.22817682730884 ], [ -159.738254442332902, -21.228005000505622 ], [ -159.737901380538432, -21.228087293327111 ], [ -159.737623334312133, -21.227987415368407 ], [ -159.73735501620601, -21.227912944705231 ], [ -159.737089638057995, -21.227906869202148 ], [ -159.736498169030796, -21.228211585549559 ], [ -159.736158984469853, -21.228214277205485 ], [ -159.735504607418704, -21.228026579168986 ], [ -159.734894315446752, -21.227833969858878 ], [ -159.734092071042596, -21.22748610293586 ], [ -159.733605103572387, -21.227426238959325 ], [ -159.732972450958385, -21.226951469012953 ], [ -159.732629641033753, -21.226800760577326 ], [ -159.731797816758586, -21.226784145483737 ], [ -159.731794907558225, -21.226897481964478 ], [ -159.731799486527336, -21.227015362325432 ], [ -159.731779505807509, -21.227026025019686 ], [ -159.731701408496605, -21.227093687417483 ], [ -159.731657859607367, -21.227225684143946 ], [ -159.731591909063553, -21.227485823951366 ], [ -159.731527787082683, -21.22768431480544 ], [ -159.731458027182128, -21.227910507220773 ], [ -159.731378503423485, -21.228155205881784 ], [ -159.73130547608389, -21.228353461916811 ], [ -159.731254996733185, -21.22857158672484 ], [ -159.731095868744376, -21.229045557041704 ], [ -159.731036323846922, -21.229261879827039 ], [ -159.73111031440726, -21.229297949263749 ], [ -159.731029850658558, -21.229294018597425 ], [ -159.731007766037237, -21.229368589854669 ], [ -159.730970947752468, -21.229507606698782 ], [ -159.73087867306225, -21.229725710970254 ] ] ] ] } },
{ "type": "Feature", "properties": { "eaid": "0501", "ea_name": "ruatonga", "cdid": "05", "gid": "1" }, "geometry": { "type": "MultiPolygon", "coordinates": [ [ [ [ -159.781812693474848, -21.208024135730152 ], [ -159.781775655823225, -21.208172086457751 ], [ -159.781813679284397, -21.208181214396273 ], [ -159.781825448962877, -21.208183418152561 ], [ -159.781837220543736, -21.208185983217739 ], [ -159.781848914582639, -21.208188909959564 ], [ -159.78186069044429, -21.20819228796995 ], [ -159.781887028434596, -21.208200115044352 ], [ -159.781913443969756, -21.20820758043704 ], [ -159.78196022109131, -21.208219468032759 ], [ -159.781977482912055, -21.20822363360104 ], [ -159.781994981640423, -21.208227527081714 ], [ -159.782041589896153, -21.208237518514231 ], [ -159.782456688345121, -21.208326196478851 ], [ -159.78273425805628, -21.20839843856999 ], [ -159.782837879372778, -21.20846308593682 ], [ -159.782872617240059, -21.208481894130944 ], [ -159.782908546310011, -21.208500606465954 ], [ -159.782920480155042, -21.208503803009418 ], [ -159.783066547295249, -21.20854232885765 ], [ -159.783367017925315, -21.208693592432944 ], [ -159.783814784986646, -21.208664506332898 ], [ -159.784064736811558, -21.208561544641928 ], [ -159.784229883815442, -21.2084970954919 ], [ -159.784635891501409, -21.208233163562827 ], [ -159.784683567909752, -21.20835506765297 ], [ -159.785634477846486, -21.207742096523383 ], [ -159.784950805149265, -21.20734403137882 ], [ -159.784728487819393, -21.206977965004963 ], [ -159.78452775641415, -21.206667441064823 ], [ -159.784169691952002, -21.205809165971488 ], [ -159.784180288103357, -21.205754648016413 ], [ -159.783691811815544, -21.205700459178718 ], [ -159.783379293233367, -21.205628651604229 ], [ -159.783114702163459, -21.205591127158524 ], [ -159.783068038610679, -21.206745846530538 ], [ -159.783060264843868, -21.206959060487137 ], [ -159.783049803196064, -21.206993976225494 ], [ -159.782549807711604, -21.207377845969578 ], [ -159.782031706942348, -21.207582764787642 ], [ -159.781812693474848, -21.208024135730152 ] ] ] ] } },
{ "type": "Feature", "properties": { "eaid": "0504", "ea_name": "atupa", "cdid": "05", "gid": "1" }, "geometry": { "type": "MultiPolygon", "coordinates": [ [ [ [ -159.791319816635166, -21.208281558648402 ], [ -159.791603938233578, -21.208061991149382 ], [ -159.791898257780645, -21.207892688888542 ], [ -159.7914807653151, -21.207683455612067 ], [ -159.790759720768051, -21.207028421444292 ], [ -159.7907146956872, -21.206987532321424 ], [ -159.790336411083246, -21.206621029502475 ], [ -159.789977805830063, -21.206205023480347 ], [ -159.789880538599391, -21.205946142327583 ], [ -159.789384029052798, -21.206025153328195 ], [ -159.789351703644485, -21.206221138826262 ], [ -159.78910359875195, -21.206999222446829 ], [ -159.789467252786181, -21.207094717572982 ], [ -159.789467253266281, -21.207094807900248 ], [ -159.789467332710103, -21.207094807528904 ], [ -159.789605864466097, -21.207509133721871 ], [ -159.7896543787555, -21.207653434118129 ], [ -159.789292525580606, -21.207852224586933 ], [ -159.789253700156593, -21.207781949008105 ], [ -159.788991933135577, -21.207723644935133 ], [ -159.788836460970742, -21.207799164014517 ], [ -159.788538625391709, -21.207905427435371 ], [ -159.788416474331228, -21.207927405808203 ], [ -159.788436812380866, -21.208002194041715 ], [ -159.788451602779872, -21.20812443117148 ], [ -159.788490933219151, -21.208230023425504 ], [ -159.788485627426411, -21.208337991976375 ], [ -159.788483928451456, -21.208466900135569 ], [ -159.788407986002454, -21.20854331213128 ], [ -159.788437149367894, -21.208589424699802 ], [ -159.788823720124782, -21.209259400127291 ], [ -159.789621674513484, -21.209107982357732 ], [ -159.790010033452234, -21.209410937795163 ], [ -159.790876289516461, -21.209494051214477 ], [ -159.791005165624057, -21.209034122263063 ], [ -159.791319816635166, -21.208281558648402 ] ] ] ] } },
{ "type": "Feature", "properties": { "eaid": "0604", "ea_name": "rangiura-nikao", "cdid": "06", "gid": "1" }, "geometry": { "type": "MultiPolygon", "coordinates": [ [ [ [ -159.798170527384144, -21.205748822821157 ], [ -159.798316611155911, -21.205935046471783 ], [ -159.798421961854331, -21.206007230590249 ], [ -159.798682486396018, -21.206268867864424 ], [ -159.798982203092095, -21.206868772934158 ], [ -159.799216312990126, -21.207869688855123 ], [ -159.798514968395438, -21.207974084852168 ], [ -159.79884324023223, -21.20863880176336 ], [ -159.79890057554465, -21.209343009121817 ], [ -159.800188026435507, -21.20913936358993 ], [ -159.80118253693044, -21.2090209239004 ], [ -159.80109933136842, -21.208191553529794 ], [ -159.801064235919341, -21.207738628120982 ], [ -159.800913338860397, -21.207541703206324 ], [ -159.800827354806955, -21.207272116565065 ], [ -159.8009870255365, -21.206473841699275 ], [ -159.800800236030597, -21.205970328373166 ], [ -159.801117902682222, -21.204181746066126 ], [ -159.801135953306243, -21.203734672569755 ], [ -159.799241898923754, -21.203909273994235 ], [ -159.798861475393238, -21.203910318965665 ], [ -159.798845687870056, -21.203525244121021 ], [ -159.798418042608944, -21.203540092780717 ], [ -159.797255857385608, -21.20353962031977 ], [ -159.797334154619904, -21.204118999400229 ], [ -159.79689001050977, -21.204204455012864 ], [ -159.797000025435295, -21.204616199450417 ], [ -159.797352232814887, -21.204947491425852 ], [ -159.797729376041104, -21.205513340632677 ], [ -159.798170527384144, -21.205748822821157 ] ] ] ] } },
{ "type": "Feature", "properties": { "eaid": "0605", "ea_name": "rangiura-tereora", "cdid": "06", "gid": "1" }, "geometry": { "type": "MultiPolygon", "coordinates": [ [ [ [ -159.803817958474326, -21.207424386645823 ], [ -159.803807785269754, -21.207541050165943 ], [ -159.803782765580593, -21.207703581287149 ], [ -159.803696969750433, -21.208233138497224 ], [ -159.803829715527087, -21.208260870127724 ], [ -159.804403329619333, -21.208380535142854 ], [ -159.804470679175409, -21.208420681852541 ], [ -159.804484930203898, -21.208411581042458 ], [ -159.804741063992907, -21.208338097352655 ], [ -159.805854761223202, -21.208341819847373 ], [ -159.805902088309779, -21.206053644440274 ], [ -159.805993012261723, -21.206031531554054 ], [ -159.805863107259455, -21.204799247211028 ], [ -159.807152561418718, -21.205207430595163 ], [ -159.807370272866592, -21.20474589156489 ], [ -159.808568585702375, -21.205179249875901 ], [ -159.809411551117449, -21.205496332776253 ], [ -159.809714889261045, -21.204639912901232 ], [ -159.809829255896659, -21.203555224099674 ], [ -159.804754339455513, -21.203530258048616 ], [ -159.804765557672738, -21.204134700939726 ], [ -159.803307388808861, -21.203762027936818 ], [ -159.802126228806827, -21.203694489412886 ], [ -159.801135953306243, -21.203734672569755 ], [ -159.801117902682222, -21.204181746066126 ], [ -159.800800236030597, -21.205970328373166 ], [ -159.8009870255365, -21.206473841699275 ], [ -159.800827354806955, -21.207272116565065 ], [ -159.800913338860397, -21.207541703206324 ], [ -159.801064235919341, -21.207738628120982 ], [ -159.803817958474326, -21.207424386645823 ] ] ] ] } },
{ "type": "Feature", "properties": { "eaid": "0602", "ea_name": "nikao", "cdid": "06", "gid": "1" }, "geometry": { "type": "MultiPolygon", "coordinates": [ [ [ [ -159.799630269999881, -21.199834646609578 ], [ -159.799519306733828, -21.199808253612574 ], [ -159.799409159574878, -21.200125469841311 ], [ -159.799410173190211, -21.200614805555059 ], [ -159.800911298562511, -21.200848332727826 ], [ -159.800880918206161, -21.201610314225078 ], [ -159.804381694265487, -21.201587252042817 ], [ -159.81255063336053, -21.201561284357567 ], [ -159.812872432248213, -21.200922312945597 ], [ -159.812262508012282, -21.20065960989443 ], [ -159.812329557618568, -21.200365196987072 ], [ -159.812152446924415, -21.200289245146383 ], [ -159.812080099822907, -21.2003802752863 ], [ -159.812086857755446, -21.200304859653066 ], [ -159.811967077345145, -21.200185844142876 ], [ -159.811562737593277, -21.200035167418893 ], [ -159.811090308401845, -21.199822476439486 ], [ -159.81114036461625, -21.199743575186567 ], [ -159.811043002975396, -21.199686154835415 ], [ -159.810916138422584, -21.199718230518279 ], [ -159.810717043210843, -21.199709097414718 ], [ -159.81057985410726, -21.199923375793592 ], [ -159.810542968368253, -21.200037839903384 ], [ -159.810242175439271, -21.200053077982567 ], [ -159.810034994141375, -21.20004244351561 ], [ -159.809791505103846, -21.20008119401211 ], [ -159.80963696021135, -21.200076963520964 ], [ -159.809579137492364, -21.200048160026185 ], [ -159.809535611358655, -21.200001265153052 ], [ -159.808932085283033, -21.200071765532414 ], [ -159.808555341314104, -21.200121012481176 ], [ -159.808281804280057, -21.200048231559606 ], [ -159.808081508806367, -21.20006734749543 ], [ -159.807834810143049, -21.200111636020939 ], [ -159.807650741627413, -21.20009183612536 ], [ -159.80750753568401, -21.200068988294245 ], [ -159.807292557159428, -21.200065200895136 ], [ -159.806991348141082, -21.200114798784327 ], [ -159.806986215456078, -21.200208579765839 ], [ -159.806860564680107, -21.200140320569744 ], [ -159.806801470630091, -21.200179632481792 ], [ -159.806742250660733, -21.200150582966245 ], [ -159.806660326907576, -21.200028278747059 ], [ -159.806520398713161, -21.200030598095939 ], [ -159.806419107527688, -21.200080595017742 ], [ -159.805607907880301, -21.200344637523695 ], [ -159.805513297027346, -21.200352656409319 ], [ -159.805402471743236, -21.200442307627821 ], [ -159.805008034663302, -21.20050456856211 ], [ -159.804695748989928, -21.200564129212029 ], [ -159.804383496522121, -21.200554479410016 ], [ -159.803678967243343, -21.200568489659229 ], [ -159.803107476221442, -21.200492074357111 ], [ -159.802251472237799, -21.200326603873918 ], [ -159.801808572910517, -21.200048742580265 ], [ -159.801752029939905, -21.199972730800702 ], [ -159.801652816898724, -21.199863094503211 ], [ -159.801653853029592, -21.199748767738992 ], [ -159.801583952309699, -21.199598848089455 ], [ -159.801452770477482, -21.199473406758788 ], [ -159.801330024793032, -21.199344716051083 ], [ -159.80120735857804, -21.199100051228125 ], [ -159.800901315467058, -21.198873819048167 ], [ -159.800766336212178, -21.198811541327046 ], [ -159.800567833306701, -21.198751803546983 ], [ -159.800453870233838, -21.198745789317634 ], [ -159.800273712485961, -21.198761886157961 ], [ -159.800096880152125, -21.19878862362809 ], [ -159.799800995276343, -21.198869692247129 ], [ -159.799648881072471, -21.199779638225252 ], [ -159.799630269999881, -21.199834646609578 ] ] ] ] } },
{ "type": "Feature", "properties": { "eaid": "3801", "ea_name": "nassau", "cdid": "38", "gid": "3" }, "geometry": { "type": "MultiPolygon", "coordinates": [ [ [ [ -165.417513879469567, -11.55317995160954 ], [ -165.4172019401706, -11.553006014712492 ], [ -165.416920926600739, -11.552842986662142 ], [ -165.416603886184788, -11.552764988970319 ], [ -165.416358874988561, -11.5527890388364 ], [ -165.416212925716025, -11.55286095936046 ], [ -165.415863880625977, -11.552951953233615 ], [ -165.415600881432198, -11.553018023017337 ], [ -165.415307918946951, -11.553167999996113 ], [ -165.415026923813144, -11.553390974848945 ], [ -165.414702868924479, -11.553638008652371 ], [ -165.414384928185484, -11.553872950669046 ], [ -165.414152908178494, -11.554005033421724 ], [ -165.413974869805429, -11.554216013363476 ], [ -165.41375491782253, -11.554330028975837 ], [ -165.413498925483566, -11.554600991370913 ], [ -165.413247881914828, -11.554710033833077 ], [ -165.413051902157861, -11.554895971976167 ], [ -165.412898895670253, -11.555142983256202 ], [ -165.412587890920861, -11.555401952547403 ], [ -165.412385899410054, -11.55548599376945 ], [ -165.412232933911611, -11.555612994881091 ], [ -165.412055897780448, -11.555811996633054 ], [ -165.411804941564753, -11.556083027009805 ], [ -165.411492925804254, -11.556390022402603 ], [ -165.411138931078227, -11.556672958928702 ], [ -165.410899880966468, -11.556932038708004 ], [ -165.41064393603574, -11.557202011250103 ], [ -165.410422888831647, -11.557479030021291 ], [ -165.410245916739512, -11.557648005555482 ], [ -165.409836903282212, -11.557954996554964 ], [ -165.409481901910965, -11.558250001160797 ], [ -165.409255882061359, -11.558497015531803 ], [ -165.40921890615175, -11.558701988120099 ], [ -165.409065901877824, -11.558834024140289 ], [ -165.408814898878944, -11.558955020647716 ], [ -165.408619907365363, -11.559200986833357 ], [ -165.408460893238811, -11.55952103732349 ], [ -165.408221871649914, -11.559718987900414 ], [ -165.407971887742008, -11.560055980172461 ], [ -165.407720925976435, -11.560224979735596 ], [ -165.407475915858754, -11.560490035264797 ], [ -165.407341926451323, -11.560802968410457 ], [ -165.407231924874509, -11.561115998546377 ], [ -165.406998940260848, -11.561482998608531 ], [ -165.406821898530467, -11.561827002522261 ], [ -165.406735880464197, -11.562139950163404 ], [ -165.406625916766075, -11.562369017370017 ], [ -165.40664389471209, -11.562646036125876 ], [ -165.406588918371398, -11.562965037164137 ], [ -165.406673901986323, -11.56333801552797 ], [ -165.406850887170862, -11.564005966519606 ], [ -165.406929893279539, -11.56437395311875 ], [ -165.407100876412642, -11.564825028814242 ], [ -165.4071989180797, -11.565042017518531 ], [ -165.407259897650619, -11.56528895506354 ], [ -165.407436894962899, -11.565571971779082 ], [ -165.407552934139346, -11.565878995314927 ], [ -165.4077969360917, -11.566191987106187 ], [ -165.408040934886628, -11.566541026519513 ], [ -165.408529897414468, -11.567040953174649 ], [ -165.408956927632772, -11.567485979287495 ], [ -165.409268912510242, -11.567763028457811 ], [ -165.409616935169254, -11.568063997576365 ], [ -165.409824938899874, -11.568269012152115 ], [ -165.410294880405189, -11.56862399499596 ], [ -165.410660899735944, -11.568926000196594 ], [ -165.411155912405775, -11.569232958949343 ], [ -165.411534934745873, -11.56941295564274 ], [ -165.412145897780704, -11.569720031685355 ], [ -165.412621931668724, -11.569870991541524 ], [ -165.412982907922867, -11.569948996614293 ], [ -165.413171901333783, -11.5699669992834 ], [ -165.413465875560178, -11.569978982311486 ], [ -165.413935890323216, -11.569846995719335 ], [ -165.414449937111897, -11.569647957238644 ], [ -165.414901902454716, -11.569436994250228 ], [ -165.41529293916102, -11.569202035556163 ], [ -165.41567190235719, -11.568961951488541 ], [ -165.415989933967836, -11.568654992636846 ], [ -165.416313919438039, -11.568443998076811 ], [ -165.416484872775214, -11.568274971168622 ], [ -165.41688892948045, -11.56778100754425 ], [ -165.417255877160102, -11.567383965891754 ], [ -165.417383868501418, -11.567125011842403 ], [ -165.41748793551389, -11.567088987224436 ], [ -165.417744932136401, -11.566907978649287 ], [ -165.417988937882711, -11.566661996091307 ], [ -165.418227870216725, -11.56630600660673 ], [ -165.418520895842448, -11.565980996044011 ], [ -165.418857941483026, -11.565572034644827 ], [ -165.419211876503709, -11.56519802584365 ], [ -165.41961590311189, -11.564758988631318 ], [ -165.419823873693531, -11.564440005300739 ], [ -165.420159889155485, -11.564042034178541 ], [ -165.420428913551547, -11.563801967698105 ], [ -165.420666938218687, -11.563560972699488 ], [ -165.420935935288526, -11.563254026227755 ], [ -165.421162915976112, -11.563043031594349 ], [ -165.421571921773392, -11.562650987989304 ], [ -165.422042895647365, -11.562229968602539 ], [ -165.422403919302099, -11.561922952521451 ], [ -165.422745868595229, -11.561640002604662 ], [ -165.423020877882834, -11.561296965339622 ], [ -165.423210931681552, -11.561157987393637 ], [ -165.423564905303977, -11.560773011191444 ], [ -165.423986902995551, -11.560351013847919 ], [ -165.424371873669514, -11.559851993357205 ], [ -165.424445875124519, -11.55955702697638 ], [ -165.424451888625782, -11.559050977251013 ], [ -165.424458929589292, -11.558556950298374 ], [ -165.424433915950573, -11.558074962986762 ], [ -165.424293866455656, -11.557707990557049 ], [ -165.423982880344766, -11.557322976469832 ], [ -165.423670877406352, -11.55687703691485 ], [ -165.423279909535836, -11.556588007836019 ], [ -165.422968901881376, -11.556316975979847 ], [ -165.422614876524904, -11.556052023999689 ], [ -165.421838926488704, -11.555534953914753 ], [ -165.4215579366805, -11.555359976808436 ], [ -165.42119088893574, -11.555137021716934 ], [ -165.420738896034948, -11.554871996324865 ], [ -165.420097918874546, -11.554522984891777 ], [ -165.419743914624803, -11.55431798524009 ], [ -165.419602916238034, -11.554090002791353 ], [ -165.419419901984497, -11.55408301310178 ], [ -165.419107884103738, -11.553908991268115 ], [ -165.418576927418087, -11.553722034762075 ], [ -165.417513879469567, -11.55317995160954 ] ] ] ] } },
{ "type": "Feature", "properties": { "eaid": "4001", "ea_name": "tukao", "cdid": "40", "gid": "3" }, "geometry": { "type": "MultiPolygon", "coordinates": [ [ [ [ -161.012498871397469, -10.374436404342191 ], [ -161.012128438086307, -10.373452125228814 ], [ -161.012012032279102, -10.372541896521323 ], [ -161.011472250374226, -10.371928030018264 ], [ -161.010741998719652, -10.371324752958323 ], [ -161.010202189942277, -10.371166001538938 ], [ -161.009821250612816, -10.370975528669511 ], [ -161.009493154021982, -10.370689742851763 ], [ -161.008879237610671, -10.370573294993275 ], [ -161.008159573725408, -10.370425153199477 ], [ -161.007418710426975, -10.37054157363316 ], [ -161.007143529993357, -10.370573296422094 ], [ -161.006614408407131, -10.370827386280501 ], [ -161.006222750740903, -10.371081340164569 ], [ -161.006364359617351, -10.371306298359709 ], [ -161.006570737286836, -10.371724340759215 ], [ -161.006665995839825, -10.372094727341841 ], [ -161.007062862426977, -10.374110911324379 ], [ -161.007154176255597, -10.374346395174499 ], [ -161.007852679391505, -10.374515726831918 ], [ -161.008614688611118, -10.374833232877855 ], [ -161.009165013983932, -10.375341301919962 ], [ -161.009757738725568, -10.375933964528263 ], [ -161.009948206686829, -10.376759503804477 ], [ -161.009948212941282, -10.377267489741021 ], [ -161.010308096980367, -10.377436855182014 ], [ -161.01071021817657, -10.377394483241691 ], [ -161.011006582650339, -10.377225166661461 ], [ -161.011239437924672, -10.377013501263912 ], [ -161.011408739115495, -10.37671710261387 ], [ -161.01162039570454, -10.376357268052026 ], [ -161.011782814661899, -10.375855766188991 ], [ -161.012011792831174, -10.375402829447628 ], [ -161.012268113370794, -10.375187853615653 ], [ -161.012581963419819, -10.37513988752915 ], [ -161.012498871397469, -10.374436404342191 ] ] ] ] } },
{ "type": "Feature", "properties": { "eaid": "3901", "ea_name": "tauhunu", "cdid": "39", "gid": "3" }, "geometry": { "type": "MultiPolygon", "coordinates": [ [ [ [ -161.034740358945072, -10.421701825015896 ], [ -161.034776837734341, -10.421104418970469 ], [ -161.034618665620911, -10.420341787056197 ], [ -161.034475786065116, -10.419394609629027 ], [ -161.034359318549519, -10.418955331984723 ], [ -161.034271271385194, -10.418521386170932 ], [ -161.034167285983159, -10.417731297506018 ], [ -161.033966128799364, -10.416690413072903 ], [ -161.033743444889097, -10.415708316087319 ], [ -161.033745291645943, -10.414855288255847 ], [ -161.033491515511628, -10.413896432922337 ], [ -161.033458490375864, -10.41319228749715 ], [ -161.033177797186198, -10.412192212264271 ], [ -161.033152778559241, -10.410446122705237 ], [ -161.03300483038268, -10.409760238708815 ], [ -161.032879950077756, -10.409125177588013 ], [ -161.032598880526535, -10.408333138303039 ], [ -161.032177101201796, -10.407286149492654 ], [ -161.031642279252992, -10.405838084475567 ], [ -161.031265430748761, -10.405147956829289 ], [ -161.030914525982126, -10.404476009374624 ], [ -161.030363995358528, -10.403984804650428 ], [ -161.030057102717876, -10.403714911497783 ], [ -161.029856026528876, -10.40350860179837 ], [ -161.029512056516751, -10.403815514494351 ], [ -161.028988137334153, -10.404074765987039 ], [ -161.028617718774512, -10.404413475619812 ], [ -161.028464263301061, -10.404725687777924 ], [ -161.028728821693647, -10.405143698839739 ], [ -161.029157492042998, -10.405709964034505 ], [ -161.029781896541749, -10.407122855237503 ], [ -161.030009437958654, -10.407916683821735 ], [ -161.030062354277675, -10.408636339518671 ], [ -161.030057098154174, -10.408906222659146 ], [ -161.030231738185023, -10.409017357030136 ], [ -161.030427522166633, -10.409440681635862 ], [ -161.030411643194043, -10.409604716504713 ], [ -161.030543956315825, -10.409620596188628 ], [ -161.030771474935278, -10.410398518177214 ], [ -161.03079264762053, -10.410843012280161 ], [ -161.031041373003717, -10.411605074560166 ], [ -161.031147231791408, -10.412488779406065 ], [ -161.031025522758455, -10.412843356494703 ], [ -161.03104666166891, -10.414049863952298 ], [ -161.031099566506157, -10.415092326001373 ], [ -161.031226601608381, -10.416187726972211 ], [ -161.031327131846894, -10.416933919462517 ], [ -161.031247763241964, -10.417246114868027 ], [ -161.031348333274622, -10.417812377206847 ], [ -161.031507061202035, -10.418209184968628 ], [ -161.031612887690898, -10.418680162067005 ], [ -161.031724003771785, -10.419002986519329 ], [ -161.031697533299052, -10.419368165265249 ], [ -161.031829816795948, -10.419436911175989 ], [ -161.031813948685368, -10.420241318552028 ], [ -161.032046791575311, -10.420839273702294 ], [ -161.032295494542069, -10.421421312713091 ], [ -161.032514032105667, -10.422216367882513 ], [ -161.034740358945072, -10.421701825015896 ] ] ] ] } },
{ "type": "Feature", "properties": { "eaid": "3501", "ea_name": "ngake", "cdid": "35", "gid": "3" }, "geometry": { "type": "MultiPolygon", "coordinates": [ [ [ [ -165.839134290111048, -10.854183611922263 ], [ -165.838270419726911, -10.852582098057924 ], [ -165.836950706747501, -10.851116880964382 ], [ -165.834978349808438, -10.851361547318259 ], [ -165.83500616787606, -10.851398292528286 ], [ -165.835013013578163, -10.851409277688804 ], [ -165.835026025630924, -10.851434317097329 ], [ -165.835038196414018, -10.851455333300548 ], [ -165.835045081994167, -10.851471347577405 ], [ -165.835052292533732, -10.85149831283616 ], [ -165.835065212742478, -10.851542306639072 ], [ -165.835093274572557, -10.851596292127649 ], [ -165.835109172878816, -10.85162629714233 ], [ -165.835118157834358, -10.851642354399662 ], [ -165.835124996285629, -10.851656303825282 ], [ -165.835132191564043, -10.851679317267298 ], [ -165.835141156780821, -10.851704357118388 ], [ -165.835150159829681, -10.851734336309908 ], [ -165.835155170778677, -10.851750302577347 ], [ -165.83516602388795, -10.851779252455943 ], [ -165.835165998933576, -10.851791289100786 ], [ -165.835177126309787, -10.851809274629485 ], [ -165.835180039949392, -10.851825287685067 ], [ -165.835183972437051, -10.851843254084413 ], [ -165.835198025582116, -10.85188434829694 ], [ -165.835205208759476, -10.851900266098673 ], [ -165.835221059964198, -10.851928206246987 ], [ -165.835226110046932, -10.851939321272814 ], [ -165.835244070696319, -10.851974310257479 ], [ -165.835248038215411, -10.85198724586491 ], [ -165.835258166910904, -10.852017289750323 ], [ -165.835264256345141, -10.852031255874836 ], [ -165.835268969747233, -10.852047318593947 ], [ -165.835277905194943, -10.852074335165968 ], [ -165.835286908289419, -10.852104314338135 ], [ -165.835291954281359, -10.852115249807973 ], [ -165.835303121572622, -10.852138264435826 ], [ -165.835322233234677, -10.852184275771661 ], [ -165.835335198233167, -10.852207250287215 ], [ -165.835354277280601, -10.852245268227879 ], [ -165.835356050045391, -10.852257264759555 ], [ -165.835363250590206, -10.85227722412839 ], [ -165.83537004603528, -10.852289288241126 ], [ -165.835379049157297, -10.85231926740091 ], [ -165.835388079264192, -10.852337299695789 ], [ -165.83539490529509, -10.852357267417423 ], [ -165.835403883049992, -10.852376288915297 ], [ -165.835417964046172, -10.85241531656969 ], [ -165.835429136576948, -10.852435277132633 ], [ -165.835450006109852, -10.852476219212889 ], [ -165.835467956437014, -10.852517316242936 ], [ -165.835476967167494, -10.852531217171897 ], [ -165.835484164581118, -10.852554320351752 ], [ -165.835489220684934, -10.852572261660981 ], [ -165.835493165687154, -10.852584209720487 ], [ -165.835509023920991, -10.852622299489269 ], [ -165.835516207152779, -10.852638217262612 ], [ -165.835528060780177, -10.852668312445015 ], [ -165.835532050887338, -10.852682235568784 ], [ -165.835551154620646, -10.852721330772145 ], [ -165.835569090800391, -10.852755242376553 ], [ -165.835583181477574, -10.852778281560681 ], [ -165.835602974665704, -10.852821313514722 ], [ -165.835616963487041, -10.852856301223058 ], [ -165.835619163155286, -10.852867300183316 ], [ -165.835646903160608, -10.852920304635647 ], [ -165.835651200151744, -10.852931256796598 ], [ -165.83566488652599, -10.852956281062101 ], [ -165.835681039544284, -10.852984304216042 ], [ -165.835699080474711, -10.853016237385535 ], [ -165.835701926537553, -10.853029287813021 ], [ -165.83571309187937, -10.85305221260985 ], [ -165.835727137488988, -10.853073276706267 ], [ -165.835740082890709, -10.853105233746984 ], [ -165.835750187132049, -10.853134200253898 ], [ -165.835759182310284, -10.853157263291251 ], [ -165.835760955118133, -10.85316925980721 ], [ -165.835766013319443, -10.853187290870956 ], [ -165.835774986243024, -10.853196252435195 ], [ -165.835787953407362, -10.853219316658933 ], [ -165.835801996985253, -10.853240290968174 ], [ -165.8358088427903, -10.853251276067038 ], [ -165.835817855624214, -10.853265266738331 ], [ -165.835825001048192, -10.853276245150314 ], [ -165.835839046682992, -10.853297309230305 ], [ -165.835886924301747, -10.853372319606169 ], [ -165.835904965296152, -10.853404252735679 ], [ -165.835918951348702, -10.853429270277482 ], [ -165.835930101429085, -10.853448243245937 ], [ -165.835936949296922, -10.853459318111819 ], [ -165.835943824913528, -10.853468326465325 ], [ -165.835959978006684, -10.853496349571497 ], [ -165.835966823827192, -10.853507334659671 ], [ -165.83597800890783, -10.853521276842622 ], [ -165.835992024773759, -10.853544317637958 ], [ -165.836001013026674, -10.853557230985285 ], [ -165.836010057732125, -10.853569334679442 ], [ -165.836033081541245, -10.853596306235318 ], [ -165.836038152216247, -10.853608318968364 ], [ -165.836051047670139, -10.853628241009886 ], [ -165.836060766520234, -10.853640329655864 ], [ -165.836069822441829, -10.853656205593822 ], [ -165.836083086404869, -10.853669292981648 ], [ -165.836092803207634, -10.853681291849366 ], [ -165.836103980233702, -10.853688317952917 ], [ -165.836109026310311, -10.85369925337446 ], [ -165.836114773181976, -10.853711340834622 ], [ -165.836121948429678, -10.853720342490909 ], [ -165.836133860018123, -10.853733280410912 ], [ -165.836153985137003, -10.853761304667596 ], [ -165.83617312433006, -10.85378225503425 ], [ -165.836183907166969, -10.853798272066477 ], [ -165.836197912945693, -10.853814306993177 ], [ -165.836210868013808, -10.853830275545592 ], [ -165.836236834859221, -10.853848289068349 ], [ -165.836258735149329, -10.853875285656217 ], [ -165.836279991098507, -10.853900320550171 ], [ -165.836290766707947, -10.853919301839005 ], [ -165.836309895794358, -10.853933246345125 ], [ -165.836341914348509, -10.853960286569103 ], [ -165.83636495270045, -10.853981329531116 ], [ -165.836382916008603, -10.854003294145501 ], [ -165.836393773772102, -10.854019309486851 ], [ -165.836411704397733, -10.854033280727101 ], [ -165.836430845678876, -10.854054320831459 ], [ -165.836443743476337, -10.854061218683913 ], [ -165.836480837949608, -10.854097217546865 ], [ -165.836492027183226, -10.854111339233917 ], [ -165.83650786049364, -10.854125357271275 ], [ -165.836526902276432, -10.854145321726932 ], [ -165.83653590504764, -10.854152306503318 ], [ -165.836546752689429, -10.854161315994407 ], [ -165.836558988540673, -10.854175324495309 ], [ -165.836571926273876, -10.854187251439685 ], [ -165.836590959977087, -10.854200299826022 ], [ -165.836608975664689, -10.854221275206186 ], [ -165.836629831685542, -10.854235360771138 ], [ -165.836658989686043, -10.85425527906691 ], [ -165.836674823010895, -10.854269297086152 ], [ -165.836697861408425, -10.854290339994101 ], [ -165.836715917262495, -10.854303230547961 ], [ -165.836729912951938, -10.854312259584441 ], [ -165.836743938431624, -10.854319311886684 ], [ -165.836754786084413, -10.854328321362829 ], [ -165.836770946773129, -10.854340266176067 ], [ -165.836779994669627, -10.854349225999272 ], [ -165.836791847922086, -10.854356326781273 ], [ -165.836800820915101, -10.854365288275028 ], [ -165.836814846397743, -10.854372340571455 ], [ -165.836834686690366, -10.854381328969206 ], [ -165.836855885411438, -10.854397293103172 ], [ -165.836873890980257, -10.854411262617264 ], [ -165.836896919250705, -10.854425299663477 ], [ -165.836907766910628, -10.854434309129012 ], [ -165.836928995425836, -10.854448296520845 ], [ -165.836941947641407, -10.854454294908143 ], [ -165.836957808723724, -10.854466246390373 ], [ -165.836971834211852, -10.854473298674405 ], [ -165.836989847017321, -10.854484303913269 ], [ -165.837008858191211, -10.854496364720724 ], [ -165.837031901801566, -10.854514353540866 ], [ -165.837053896751939, -10.854532365764813 ], [ -165.837074748704481, -10.854546271722342 ], [ -165.837094898782937, -10.854562259232063 ], [ -165.837115782575495, -10.854574278228123 ], [ -165.837124830487511, -10.854583238030429 ], [ -165.837152869075396, -10.854603360868502 ], [ -165.837174827026246, -10.854626314067851 ], [ -165.837195710824716, -10.854638333053712 ], [ -165.837218724669071, -10.854658298577402 ], [ -165.837225974879289, -10.85466729850147 ], [ -165.837241763126968, -10.854679341402491 ], [ -165.837259784060478, -10.854697262662542 ], [ -165.83728064013215, -10.854711348143891 ], [ -165.837295797312834, -10.854725291371144 ], [ -165.837307648534903, -10.854732302341052 ], [ -165.837327803807909, -10.854745235784479 ], [ -165.837346917462753, -10.8547683422701 ], [ -165.837362721056792, -10.85478433694794 ], [ -165.837382853774329, -10.854796282854837 ], [ -165.837401580697104, -10.854812302093237 ], [ -165.837423905087462, -10.854828330844702 ], [ -165.83744482163371, -10.854848343151444 ], [ -165.837458817360698, -10.854857372125378 ], [ -165.837474640578137, -10.854864384237477 ], [ -165.837494788642942, -10.854880281919209 ], [ -165.837517856916492, -10.854899347970973 ], [ -165.837540928311086, -10.85491527020953 ], [ -165.837563569724153, -10.854935333816032 ], [ -165.837586571222971, -10.854961317575592 ], [ -165.837599598367831, -10.854967314241152 ], [ -165.837620828990566, -10.854981391317146 ], [ -165.83763661521516, -10.854993344402512 ], [ -165.837654628064485, -10.855004349567947 ], [ -165.837677701522779, -10.855020361562064 ], [ -165.837686644778501, -10.85503129973074 ], [ -165.837707546009938, -10.855047360213486 ], [ -165.837723753938434, -10.855061369761557 ], [ -165.837743522337547, -10.855080329804604 ], [ -165.837755765497519, -10.855091373942489 ], [ -165.837775568845842, -10.855105303219107 ], [ -165.837794670327128, -10.855121314047556 ], [ -165.837814820473113, -10.85513730146241 ], [ -165.837832798390707, -10.855153337369353 ], [ -165.837844694761571, -10.85516232335687 ], [ -165.837864809969346, -10.85518334152613 ], [ -165.837885709167494, -10.855199312209001 ], [ -165.837892525332478, -10.8552122739154 ], [ -165.837908780455024, -10.855228348274451 ], [ -165.83791778328208, -10.855235332970313 ], [ -165.83792458410116, -10.855244342889897 ], [ -165.837940789998015, -10.85525826263839 ], [ -165.837958767929223, -10.855274298529308 ], [ -165.837976790989359, -10.855292309474009 ], [ -165.837985793819655, -10.85529929416569 ], [ -165.838004520800553, -10.855315313327994 ], [ -165.838033638862754, -10.855343316162303 ], [ -165.83804553524601, -10.855352302133657 ], [ -165.838052710594582, -10.855361303684832 ], [ -165.838070723474885, -10.855372308802746 ], [ -165.838079728360583, -10.855379383264099 ], [ -165.838102764875543, -10.855400336177759 ], [ -165.838120772598842, -10.855414395320844 ], [ -165.838145577051733, -10.855437284819219 ], [ -165.838177662662247, -10.855457406940104 ], [ -165.838209672253811, -10.855487321244329 ], [ -165.838237776620076, -10.855510316693159 ], [ -165.838262612914548, -10.8555313192197 ], [ -165.838282735385178, -10.855549373073748 ], [ -165.838296816263266, -10.855565406112513 ], [ -165.838330625637468, -10.855595370027 ], [ -165.838351530040313, -10.855608286615828 ], [ -165.838383496583958, -10.855636315602165 ], [ -165.83839254456322, -10.855645275323937 ], [ -165.838415560603522, -10.855665330436093 ], [ -165.838440771443999, -10.855686324570328 ], [ -165.838454467610063, -10.855695360145976 ], [ -165.838479603550638, -10.855716355946251 ], [ -165.838486449531359, -10.855727340890091 ], [ -165.838509523075913, -10.855743352759825 ], [ -165.838527499011178, -10.85575929880552 ], [ -165.838547663641492, -10.855769357615895 ], [ -165.838554539397762, -10.855778365829881 ], [ -165.8385685782699, -10.855789279984023 ], [ -165.838582603832435, -10.8557963321327 ], [ -165.838607447374642, -10.855814370349263 ], [ -165.838650589050104, -10.855849335429552 ], [ -165.838675477733574, -10.855869348688424 ], [ -165.838694504398632, -10.855885361073668 ], [ -165.838723652344214, -10.855911387043143 ], [ -165.838733374481876, -10.855920331690367 ], [ -165.838753571907489, -10.855938383807334 ], [ -165.838774396289494, -10.855954356040488 ], [ -165.838796354457997, -10.855977308986114 ], [ -165.838806500361329, -10.855988399868112 ], [ -165.838819438249914, -10.856000326614215 ], [ -165.83884066693048, -10.856014313750096 ], [ -165.838847467797251, -10.856023323621221 ], [ -165.838881698980771, -10.856055343873276 ], [ -165.838899677003383, -10.856071379648487 ], [ -165.838913388564492, -10.856084366960911 ], [ -165.838943583085978, -10.8561233935469 ], [ -165.838963366996722, -10.856146305196795 ], [ -165.838984616140124, -10.856174303915001 ], [ -165.839007707160476, -10.856194357260541 ], [ -165.839034653163083, -10.85622240839705 ], [ -165.839050491831699, -10.856233372136058 ], [ -165.839112388357535, -10.856295403455354 ], [ -165.839119638667967, -10.856304403275166 ], [ -165.83917143648361, -10.856357408535439 ], [ -165.83920568311558, -10.85639338048075 ], [ -165.83925136444708, -10.856444366601716 ], [ -165.83929242637987, -10.856483419875794 ], [ -165.839331594130385, -10.856531407702342 ], [ -165.839368314707485, -10.856567414177581 ], [ -165.839379537029544, -10.856576415097923 ], [ -165.839420516901725, -10.856618434253827 ], [ -165.839439616503881, -10.856634355091131 ], [ -165.839448636834561, -10.856645381241233 ], [ -165.839480284445699, -10.856682399189863 ], [ -165.839493614347731, -10.856698359055084 ], [ -165.839498288163156, -10.856709392452911 ], [ -165.839514476739737, -10.856732384315327 ], [ -165.839523495025077, -10.856743320684759 ], [ -165.839535326840547, -10.856759314002819 ], [ -165.839551574945517, -10.856778352415517 ], [ -165.83955732513914, -10.856787295892683 ], [ -165.839567396196998, -10.856798388388126 ], [ -165.839578516927276, -10.856819337726606 ], [ -165.839585392744425, -10.856828345883528 ], [ -165.839592613324982, -10.856839322397494 ], [ -165.839603389296798, -10.85685830337569 ], [ -165.839610584223124, -10.856871436160208 ], [ -165.839628570532739, -10.856894387855615 ], [ -165.839647307944063, -10.85691741259379 ], [ -165.839669238551181, -10.856942431888889 ], [ -165.839701305899155, -10.856981416462425 ], [ -165.83974340533473, -10.85703634470044 ], [ -165.839756362800301, -10.857052402675764 ], [ -165.839768239791823, -10.857070371017995 ], [ -165.839775453203089, -10.857084311765371 ], [ -165.839784438673632, -10.857100368631249 ], [ -165.839797406402113, -10.857123432391438 ], [ -165.839809236201461, -10.857139335905769 ], [ -165.839827269747616, -10.857164352393214 ], [ -165.839846351963018, -10.857189345455328 ], [ -165.839852471569998, -10.857201334571386 ], [ -165.839864320871783, -10.857221369398568 ], [ -165.839873334058865, -10.857235359760541 ], [ -165.839882302099113, -10.857247375073888 ], [ -165.839923360137135, -10.857299362421985 ], [ -165.839951457620288, -10.857338435598272 ], [ -165.839960468764701, -10.857352336178122 ], [ -165.839983468635211, -10.857391343565736 ], [ -165.83999431444164, -10.857413376848593 ], [ -165.84001550429241, -10.857445328821381 ], [ -165.840040378852734, -10.857484384142859 ], [ -165.840058337544178, -10.857509402265169 ], [ -165.84006732099968, -10.857525369330679 ], [ -165.840079192912526, -10.857546391656308 ], [ -165.840095418533338, -10.857564442469148 ], [ -165.840115212922882, -10.857594359716909 ], [ -165.840127459367466, -10.857615373671115 ], [ -165.840138287749681, -10.857633365395898 ], [ -165.840152284731602, -10.857665388190016 ], [ -165.840163468163013, -10.857692354050133 ], [ -165.840168464230374, -10.857704368243548 ], [ -165.840175330890673, -10.857729364651945 ], [ -165.840182171878752, -10.857743403509129 ], [ -165.840189327886492, -10.857761387439151 ], [ -165.840195502957272, -10.857782357363087 ], [ -165.840200187110327, -10.857800396507708 ], [ -165.840214182063818, -10.857832329515263 ], [ -165.840223212750544, -10.857850361386296 ], [ -165.840232225985488, -10.857864351715744 ], [ -165.840248402415284, -10.857893361726273 ], [ -165.84025524341439, -10.857907400577409 ], [ -165.840266381722074, -10.857932391376334 ], [ -165.840275415523763, -10.857960393267192 ], [ -165.840282216495439, -10.857969403052701 ], [ -165.840291247194358, -10.857987434916673 ], [ -165.84030522677304, -10.858015416143472 ], [ -165.840319307901922, -10.858031448951287 ], [ -165.840323230691183, -10.858042409262932 ], [ -165.840333339814748, -10.858058440977715 ], [ -165.840342351012737, -10.858072341522073 ], [ -165.840346323063642, -10.858085456427991 ], [ -165.840360302656308, -10.85811343764629 ], [ -165.840376144588333, -10.85813437124845 ], [ -165.840445251357096, -10.858236390660547 ], [ -165.840458210000435, -10.858262328797673 ], [ -165.840474445987752, -10.85828738533238 ], [ -165.840495308674946, -10.858321410389083 ], [ -165.840504292197551, -10.858337377412433 ], [ -165.840511131175873, -10.858351326469442 ], [ -165.840516179607818, -10.85836235144591 ], [ -165.840532415608806, -10.858387407971193 ], [ -165.840548238119936, -10.858417324045218 ], [ -165.840559361081205, -10.858438363043591 ], [ -165.840564409517896, -10.858449388017267 ], [ -165.84057524110537, -10.858477349710848 ], [ -165.840593170187361, -10.858504344455778 ], [ -165.840605117111693, -10.858525365040968 ], [ -165.840619093637997, -10.858543376201848 ], [ -165.840630281220314, -10.85855740774068 ], [ -165.840637127381285, -10.858568392547941 ], [ -165.840641090243452, -10.858584381903487 ], [ -165.840648305816359, -10.858598412357585 ], [ -165.84067633289223, -10.858657337266663 ], [ -165.840690387471824, -10.858685316760999 ], [ -165.840694312348091, -10.858696366828982 ], [ -165.840708374098341, -10.858721382080525 ], [ -165.840717367956245, -10.858744354859557 ], [ -165.840731082880069, -10.858767311982593 ], [ -165.840740023331961, -10.858781393713697 ], [ -165.840758042779157, -10.858812338516634 ], [ -165.840770279052066, -10.858826346611126 ], [ -165.840781072693318, -10.858849368993937 ], [ -165.840788258540812, -10.85886537615414 ], [ -165.840799097347343, -10.858890373578399 ], [ -165.840806293504698, -10.858913386512013 ], [ -165.840838312122571, -10.858963329954463 ], [ -165.840852386179279, -10.858982326931734 ], [ -165.840861387228188, -10.859002335456037 ], [ -165.840868183143783, -10.859014399216653 ], [ -165.84087506938431, -10.859030413063774 ], [ -165.840891245989894, -10.859059422963218 ], [ -165.840905290314367, -10.859080396650119 ], [ -165.84091424415746, -10.859098340350844 ], [ -165.840927239816608, -10.859119337464831 ], [ -165.840948067804646, -10.859158393153123 ], [ -165.840953116280588, -10.8591694181041 ], [ -165.840964267011316, -10.859188390561656 ], [ -165.840975121279484, -10.859217339723138 ], [ -165.840980134910467, -10.859233395401898 ], [ -165.840989128824418, -10.859256368150612 ], [ -165.841010002002861, -10.859297398866758 ], [ -165.841021205068728, -10.859315382122027 ], [ -165.84103521457601, -10.859341386518897 ], [ -165.841046008275413, -10.859364408868361 ], [ -165.841053192110081, -10.859380326231355 ], [ -165.841060055796277, -10.859395352541673 ], [ -165.841074065313961, -10.859421356932369 ], [ -165.841078065133189, -10.859432405307109 ], [ -165.84109930255093, -10.859466421862935 ], [ -165.841115087216679, -10.859491398557912 ], [ -165.841171984157057, -10.859590366936541 ], [ -165.841179172115659, -10.859606463838373 ], [ -165.841227033033221, -10.859677340629261 ], [ -165.841248280825539, -10.859718362922234 ], [ -165.841259092051871, -10.859745426777728 ], [ -165.841255103797238, -10.859764378201616 ], [ -165.841255129557567, -10.859775335727472 ], [ -165.841259104887939, -10.859798420587854 ], [ -165.841266280478038, -10.859807421938747 ], [ -165.841277072176496, -10.859830354484155 ], [ -165.84128208379849, -10.859846320367044 ], [ -165.841296128344908, -10.859880407786042 ], [ -165.841300091298478, -10.859896397100623 ], [ -165.841310200579841, -10.859912428712432 ], [ -165.841323166591593, -10.85993540248605 ], [ -165.841337198764137, -10.859962394355799 ], [ -165.841342203244096, -10.859981324470292 ], [ -165.841342231065738, -10.859992371768783 ], [ -165.841355186750576, -10.860008339770381 ], [ -165.841371050356827, -10.86002038050928 ], [ -165.84138509160266, -10.860031384123454 ], [ -165.841401259928773, -10.860040364153718 ], [ -165.841412043369559, -10.860056380691233 ], [ -165.841422115780546, -10.860077353242724 ], [ -165.841432965072954, -10.860109356350812 ], [ -165.841440158168098, -10.860122399220277 ], [ -165.841437976862892, -10.860138436008883 ], [ -165.841437960039769, -10.860193406514242 ], [ -165.841440133577663, -10.86021635198404 ], [ -165.841445187354822, -10.860237436680375 ], [ -165.84144513822784, -10.860248395875756 ], [ -165.841451987678766, -10.860269350623456 ], [ -165.841455933319253, -10.860294412182656 ], [ -165.841464927344248, -10.860317384875229 ], [ -165.841470021052004, -10.860330384834745 ], [ -165.841478987400393, -10.860355424014871 ], [ -165.841488028500692, -10.860367347735542 ], [ -165.841493042212107, -10.860383403377069 ], [ -165.84150416012767, -10.860394382480855 ], [ -165.84151321362944, -10.860413401738739 ], [ -165.841522204467935, -10.860426404425308 ], [ -165.84152901385599, -10.860442330115474 ], [ -165.841543050039689, -10.860456387715988 ], [ -165.841552046135831, -10.860479450173468 ], [ -165.84155888526044, -10.860493399146865 ], [ -165.841570032915911, -10.860502401529928 ], [ -165.841580159577546, -10.860509360858687 ], [ -165.841590962440023, -10.860516394895738 ], [ -165.841608935672042, -10.860522370485736 ], [ -165.841634166581713, -10.860534381490767 ], [ -165.841649988096094, -10.86054130336791 ], [ -165.841666158512254, -10.860550373136951 ], [ -165.841687077689841, -10.860557360729155 ], [ -165.841702871527531, -10.860566349090448 ], [ -165.841719114797257, -10.860575327406325 ], [ -165.841734894521807, -10.860603358009623 ], [ -165.841742145059214, -10.860612357654693 ], [ -165.841742098005113, -10.860623406618009 ], [ -165.841728084565261, -10.860623450334954 ], [ -165.841710067309464, -10.860625379938432 ], [ -165.841692055315235, -10.860637369311469 ], [ -165.841687025585145, -10.860653379933531 ], [ -165.841678028913151, -10.860666335495239 ], [ -165.841669046528182, -10.860673362589221 ], [ -165.841646041671964, -10.860696421637602 ], [ -165.841631979116215, -10.860707424543426 ], [ -165.841622996728631, -10.860714451637442 ], [ -165.84160710859561, -10.860714447426853 ], [ -165.841586986837171, -10.860719388133166 ], [ -165.8415678932177, -10.860723407657085 ], [ -165.841557108993442, -10.860730295376982 ], [ -165.84154306072034, -10.8607353698122 ], [ -165.841521118642902, -10.860739363170989 ], [ -165.841500249878294, -10.860744410387788 ], [ -165.841489053095643, -10.860746367200797 ], [ -165.841473250211351, -10.860753367075487 ], [ -165.841450194897959, -10.860764391305608 ], [ -165.841433987752083, -10.860773376264129 ], [ -165.841410914940127, -10.860780358962476 ], [ -165.841378913936921, -10.860780355544344 ], [ -165.841368088636614, -10.860785447769402 ], [ -165.841354043392499, -10.860787378414321 ], [ -165.841342921509437, -10.86078933354954 ], [ -165.84132202299844, -10.860796357473385 ], [ -165.841308019884679, -10.860803406943484 ], [ -165.841297235646863, -10.860810294659498 ], [ -165.841270218623862, -10.860828323594685 ], [ -165.84125793832979, -10.860835334563665 ], [ -165.841243950650494, -10.86084633579018 ], [ -165.841234893339077, -10.860853364554686 ], [ -165.841224156322369, -10.860862317086642 ], [ -165.841215099009872, -10.860869345851155 ], [ -165.841212952537859, -10.8608803519215 ], [ -165.841194283839798, -10.860896397884101 ], [ -165.841183090397834, -10.860921438489035 ], [ -165.841178088319538, -10.860935382631503 ], [ -165.841178070234918, -10.860967359140977 ], [ -165.841174126032882, -10.860978405386641 ], [ -165.841185275018603, -10.861010401803604 ], [ -165.841188096945245, -10.861022374690506 ], [ -165.841189892782722, -10.861035358533428 ], [ -165.84119894426172, -10.861054288026192 ], [ -165.841206132305871, -10.861070384904734 ], [ -165.841215086296046, -10.861088328548769 ], [ -165.841221937843216, -10.861109373074115 ], [ -165.84122414829335, -10.861127377598775 ], [ -165.841229121949937, -10.861138404192351 ], [ -165.841239950635298, -10.861156395758895 ], [ -165.841247148870224, -10.861166384611419 ], [ -165.841259045615686, -10.861175370256438 ], [ -165.841270212687931, -10.861175390156829 ], [ -165.841285996219568, -10.861177372759665 ], [ -165.841304021823305, -10.861182359152499 ], [ -165.841323141277513, -10.861189297149268 ], [ -165.841382152390764, -10.861187349609979 ], [ -165.841397972794283, -10.861184391255545 ], [ -165.841409127456103, -10.861177315609908 ], [ -165.841424989821604, -10.861166362294203 ], [ -165.841433972224593, -10.861159335195042 ], [ -165.841457039969356, -10.861155406487333 ], [ -165.841465983620481, -10.861166344347973 ], [ -165.841471025047952, -10.861180333492859 ], [ -165.841500899006775, -10.861182360463067 ], [ -165.841512055717175, -10.861175374589751 ], [ -165.841530060602366, -10.861166349438237 ], [ -165.841541931546601, -10.861164377547896 ], [ -165.841558183875378, -10.861157367613153 ], [ -165.841567166272625, -10.861150340512097 ], [ -165.841580143296596, -10.861144301980842 ], [ -165.841594185332013, -10.861132401318301 ], [ -165.84160821817116, -10.86112337511557 ], [ -165.841624050791694, -10.861114398509777 ], [ -165.841637005223902, -10.861107372457703 ], [ -165.841653222727786, -10.86110539324371 ], [ -165.841665100807262, -10.861100457116555 ], [ -165.841683068808806, -10.861096372909264 ], [ -165.841701073679218, -10.861087347753605 ], [ -165.841729158895561, -10.86107342664703 ], [ -165.841739921511703, -10.861062317839052 ], [ -165.841751069901392, -10.861048415976347 ], [ -165.841762960202857, -10.861037461606431 ], [ -165.841777038205834, -10.861030410441135 ], [ -165.841792166935988, -10.861023425612876 ], [ -165.84180800784938, -10.861021364989929 ], [ -165.841827033707716, -10.861014382882399 ], [ -165.841842896039282, -10.861003429559368 ], [ -165.841854020947892, -10.860998330621126 ], [ -165.841868100998312, -10.860991369228518 ], [ -165.841878883160803, -10.860984391721729 ], [ -165.841892945707144, -10.860973388802144 ], [ -165.841916000994786, -10.860962364538526 ], [ -165.841928927733335, -10.860957404969588 ], [ -165.84194508762377, -10.860946355174375 ], [ -165.84196386107962, -10.860941444572754 ], [ -165.841993004609776, -10.860957409989261 ], [ -165.842062102184542, -10.860957392602213 ], [ -165.842072922377639, -10.860955354361819 ], [ -165.842085174961852, -10.860950409855301 ], [ -165.842099874776324, -10.860944332808021 ], [ -165.842109982779931, -10.860937370364695 ], [ -165.842130169058549, -10.860925422190054 ], [ -165.842148139081189, -10.860921427739886 ], [ -165.842179804239521, -10.860903474504303 ], [ -165.842192037258343, -10.86089439869726 ], [ -165.842201019624895, -10.860887371591234 ], [ -165.842211841865264, -10.860885423122451 ], [ -165.842225919839763, -10.860878371947079 ], [ -165.842237046783254, -10.860873362775999 ], [ -165.842257900059053, -10.86086436376141 ], [ -165.842269067096964, -10.86086438363205 ], [ -165.842280967733672, -10.860860435011437 ], [ -165.842293922125577, -10.860853408947346 ], [ -165.842314775396147, -10.860844409930749 ], [ -165.842328808184561, -10.86083538371604 ], [ -165.842345032783328, -10.86083044024692 ], [ -165.842359786949345, -10.860823463775509 ], [ -165.842372060053719, -10.86081941700763 ], [ -165.842387908070066, -10.860814392133754 ], [ -165.842404050624168, -10.860812414566499 ], [ -165.842422065807028, -10.860810395143291 ], [ -165.842432893120275, -10.860805392665391 ], [ -165.842455883821486, -10.860801375806098 ], [ -165.842467799904256, -10.860801378928668 ], [ -165.84248394958945, -10.860796437128826 ], [ -165.842496944068472, -10.860794440100527 ], [ -165.842516015053064, -10.86078943300474 ], [ -165.842531857980248, -10.860787462128933 ], [ -165.842552017734619, -10.860787460631585 ], [ -165.842572909029627, -10.860783400869469 ], [ -165.842590901613079, -10.860780393919931 ], [ -165.84261105098787, -10.860773386669948 ], [ -165.842626923634668, -10.860769439079853 ], [ -165.842640891874595, -10.860767420281375 ], [ -165.842656785056732, -10.860764370433717 ], [ -165.842690960277423, -10.860764414938645 ], [ -165.84271180454877, -10.86077140411078 ], [ -165.842729866951316, -10.860771449481925 ], [ -165.842747845262011, -10.860774370979424 ], [ -165.842764032981847, -10.860774368431171 ], [ -165.842788888185936, -10.860776507471073 ], [ -165.842802929271869, -10.860774397217002 ], [ -165.842814807294531, -10.860769461064313 ], [ -165.842825929133966, -10.860767505881414 ], [ -165.842834911471897, -10.860760478768 ], [ -165.842850787131965, -10.860753387392885 ], [ -165.84286197349266, -10.860744424789452 ], [ -165.84287379919823, -10.860740477827559 ], [ -165.84289682974557, -10.860728376230487 ], [ -165.842918808595755, -10.860719441848312 ], [ -165.84294692965949, -10.86071037017099 ], [ -165.842962697660994, -10.860708400951271 ], [ -165.842987927144691, -10.860697417861402 ], [ -165.84299875443304, -10.860692415371529 ], [ -165.843012741993562, -10.860681414107667 ], [ -165.843026821973098, -10.860674452686711 ], [ -165.843037948879498, -10.860669443498997 ], [ -165.843053819448357, -10.860665406119054 ], [ -165.843071766819435, -10.860660424114092 ], [ -165.843090867486268, -10.860653440284802 ], [ -165.843108872243732, -10.860644415087529 ], [ -165.843121819458446, -10.860640353230799 ], [ -165.843151722992701, -10.860640403356266 ], [ -165.843183760715334, -10.86063546566354 ], [ -165.843199948413258, -10.860635463096592 ], [ -165.843214019199138, -10.860631376121342 ], [ -165.843252840529885, -10.860631406535118 ], [ -165.843273029964422, -10.860629428288561 ], [ -165.84330288624966, -10.860627413592358 ], [ -165.843318706545858, -10.860624455167258 ], [ -165.843402942877702, -10.860624458389472 ], [ -165.843417026101974, -10.860627466918528 ], [ -165.843432839266967, -10.860627472711528 ], [ -165.843450869861329, -10.860629404977743 ], [ -165.843466648234084, -10.860634441473243 ], [ -165.843491846147515, -10.860638459020009 ], [ -165.843514894409623, -10.86064351263947 ], [ -165.843532917877269, -10.860648409122696 ], [ -165.843551954006784, -10.860648432681405 ], [ -165.843573958669452, -10.860650455741037 ], [ -165.843585845000916, -10.860652435529783 ], [ -165.843606004702906, -10.860652433967932 ], [ -165.843630850681592, -10.860657447389354 ], [ -165.84365671561153, -10.860664414071607 ], [ -165.843683713293188, -10.860668481185785 ], [ -165.843719694497508, -10.860675401352529 ], [ -165.843740945037609, -10.860680495138858 ], [ -165.843767935594741, -10.860687526465345 ], [ -165.84379964516242, -10.860694452293444 ], [ -165.84381365854631, -10.860694408478958 ], [ -165.843834896627044, -10.860692406751239 ], [ -165.843866972366044, -10.860692408241436 ], [ -165.84388890211531, -10.860694432949478 ], [ -165.843902915496699, -10.860694389130876 ], [ -165.843925651943863, -10.860705467625456 ], [ -165.843943583248603, -10.860719437961613 ], [ -165.843966646978714, -10.860728443273679 ], [ -165.843984634427869, -10.860728490246165 ], [ -165.844025697791949, -10.860731524309903 ], [ -165.844041904772382, -10.860722539261616 ], [ -165.844053733444639, -10.860715448495872 ], [ -165.844055941006729, -10.860687465118662 ], [ -165.844050866502386, -10.860665482841567 ], [ -165.844046918861466, -10.860653445393456 ], [ -165.844039703067551, -10.860639415147739 ], [ -165.844034656503794, -10.860628480106744 ], [ -165.844023902654214, -10.860610487055805 ], [ -165.844016726986098, -10.860601485832435 ], [ -165.844000828529516, -10.860594476014409 ], [ -165.843984649763172, -10.860578490459012 ], [ -165.84395081796211, -10.860557420524607 ], [ -165.843941844580456, -10.860548459486331 ], [ -165.843927818748682, -10.860541407798246 ], [ -165.84391881770577, -10.860534513237827 ], [ -165.843906873739257, -10.86052346292529 ], [ -165.843886722968989, -10.860507476334941 ], [ -165.843872686737058, -10.860493418911291 ], [ -165.843861950428646, -10.860479467356049 ], [ -165.843854727526917, -10.86046840131891 ], [ -165.843845754150806, -10.860459440274422 ], [ -165.843836710939826, -10.860447426908729 ], [ -165.843817668281218, -10.860427463454315 ], [ -165.84380865479028, -10.860413473380909 ], [ -165.843799679363457, -10.860404422559066 ], [ -165.843792803327119, -10.860395414625327 ], [ -165.843783837079684, -10.860383489355231 ], [ -165.84377696104454, -10.860374481420553 ], [ -165.843758937345115, -10.86035647122038 ], [ -165.843746700897555, -10.860342463369923 ], [ -165.84373374512117, -10.860326495556963 ], [ -165.843714681101687, -10.860315424752292 ], [ -165.843694922400402, -10.860303471273895 ], [ -165.843676894852706, -10.860298395240935 ], [ -165.843664679200032, -10.860298398851423 ], [ -165.843625767574309, -10.860294418400361 ], [ -165.843609926767783, -10.860296479087246 ], [ -165.843598759781628, -10.860296459253135 ], [ -165.843582972498155, -10.860307410931862 ], [ -165.843564982040647, -10.860310507691107 ], [ -165.843548780118141, -10.86031643871222 ], [ -165.843518871567085, -10.860319442603316 ], [ -165.84350089657076, -10.860326491098792 ], [ -165.843491889621362, -10.86033244092414 ], [ -165.843475705814711, -10.860319509313715 ], [ -165.843466720006546, -10.860303452737297 ], [ -165.843477838549148, -10.860291527583819 ], [ -165.84349186086294, -10.860275495615822 ], [ -165.84349583976126, -10.860259418693515 ], [ -165.843495878422118, -10.860241453807037 ], [ -165.843486828102726, -10.860232404641375 ], [ -165.843472841191328, -10.860220501760836 ], [ -165.843456982865291, -10.860218520924244 ], [ -165.84343895857819, -10.860223414832168 ], [ -165.84342784921671, -10.860232465534457 ], [ -165.843411978684514, -10.860236502916957 ], [ -165.843402994325203, -10.860243440255513 ], [ -165.843370928991447, -10.860250444425228 ], [ -165.843347931254016, -10.860257425544601 ], [ -165.843327037981339, -10.860261395557176 ], [ -165.843310822640291, -10.860263464600374 ], [ -165.84328886849022, -10.860273476274427 ], [ -165.843265800917038, -10.860277405065524 ], [ -165.84325000020371, -10.86028449476675 ], [ -165.843237754819086, -10.860286475067525 ], [ -165.843187691632409, -10.860286426449433 ], [ -165.843174763772254, -10.860281505850061 ], [ -165.843156054940266, -10.860279409073822 ], [ -165.843132971899138, -10.860279386114007 ], [ -165.843115016222839, -10.86027745214049 ], [ -165.84310205658582, -10.860274418471157 ], [ -165.843080803037878, -10.86027246838993 ], [ -165.843059969195735, -10.860272484969856 ], [ -165.843043741410213, -10.860267458483065 ], [ -165.843027883070448, -10.860265477623836 ], [ -165.843014935644675, -10.860256425723804 ], [ -165.843005932565376, -10.86024944134399 ], [ -165.842991906747699, -10.860242389590647 ], [ -165.842980039770367, -10.860231427313673 ], [ -165.842973912804183, -10.860222402601357 ], [ -165.842947987046216, -10.860196395304062 ], [ -165.842927836321508, -10.860180408605375 ], [ -165.842917063198399, -10.860171397918565 ], [ -165.84290477652155, -10.86015846897152 ], [ -165.842895778528259, -10.860148430584143 ], [ -165.842883956738063, -10.860139443333956 ], [ -165.842863790565332, -10.860119504882242 ], [ -165.842845792739752, -10.860112452075189 ], [ -165.84283206654959, -10.860105393611411 ], [ -165.842815868496842, -10.860098390395116 ], [ -165.842805065653522, -10.860091356409972 ], [ -165.842786010843156, -10.860077411063934 ], [ -165.842773065483783, -10.860068448918476 ], [ -165.842760794269424, -10.860059471704425 ], [ -165.842715856388793, -10.860057422205678 ], [ -165.842688087089442, -10.860052384187492 ], [ -165.84267407370362, -10.860052427931778 ], [ -165.842665070635263, -10.860045443533263 ], [ -165.842629057683382, -10.860040410116273 ], [ -165.842606063817755, -10.860034456974251 ], [ -165.842584768123743, -10.860027388032462 ], [ -165.842566772355127, -10.860020424975872 ], [ -165.842544130425779, -10.860013475938649 ], [ -165.842532998239705, -10.860008425345091 ], [ -165.842504896367132, -10.859995400733025 ], [ -165.842477857445147, -10.859976424221248 ], [ -165.842458063772199, -10.859956387574471 ], [ -165.842450895297361, -10.859944422046468 ], [ -165.842435075698148, -10.859924476218278 ], [ -165.842422837257175, -10.859910378491479 ], [ -165.842412008618197, -10.859892386982583 ], [ -165.842400183628797, -10.859873429716798 ], [ -165.842392922754811, -10.859857424336269 ], [ -165.842386855272878, -10.859844446174307 ], [ -165.842374935830776, -10.859821359282298 ], [ -165.842368096714097, -10.859807410340929 ], [ -165.84236417380194, -10.859796450115669 ], [ -165.842359085176867, -10.859780396184862 ], [ -165.842355186729151, -10.859757399490746 ], [ -165.842351915376128, -10.859745436679731 ], [ -165.842351886187146, -10.859711395434127 ], [ -165.84235409718022, -10.859693381959232 ], [ -165.842365957691186, -10.859684404322783 ], [ -165.842379960713231, -10.859677354850724 ], [ -165.842400187001033, -10.859670435757176 ], [ -165.842415970417591, -10.859672418344974 ], [ -165.84242714062097, -10.85968240821806 ], [ -165.842442979569626, -10.859693371592392 ], [ -165.842481846013641, -10.859695377215608 ], [ -165.84249085299038, -10.859689427419623 ], [ -165.842504929566218, -10.859659382306692 ], [ -165.842504910904069, -10.859645460579747 ], [ -165.842499897185292, -10.859629404980256 ], [ -165.842481892963121, -10.859602412168147 ], [ -165.842466013935336, -10.859586419753356 ], [ -165.842448007843018, -10.859572450920354 ], [ -165.842436156359128, -10.859565440341562 ], [ -165.842418143125826, -10.859554435734674 ], [ -165.84240912972723, -10.85954044556369 ], [ -165.842400154360462, -10.859531394658626 ], [ -165.842392975554816, -10.859512423369273 ], [ -165.842386129309801, -10.859501438654135 ], [ -165.842377113861914, -10.859487358705907 ], [ -165.842368125108749, -10.85947444582431 ], [ -165.842360909432841, -10.859460415473208 ], [ -165.842351925772761, -10.859444448585895 ], [ -165.842346854661429, -10.859432436173753 ], [ -165.84233786385883, -10.859419433515043 ], [ -165.842333900879879, -10.859403444243753 ], [ -165.842323825105638, -10.859359388001653 ], [ -165.842319862130068, -10.85934339872923 ], [ -165.842313035278096, -10.85932343154356 ], [ -165.842314853118353, -10.859291504706469 ], [ -165.842328875514198, -10.859275472782567 ], [ -165.842340049472853, -10.859259414694737 ], [ -165.84235588198294, -10.859250438123777 ], [ -165.842368097624927, -10.859250434591996 ], [ -165.842386147544858, -10.859243384512618 ], [ -165.842399067060683, -10.859241389203042 ], [ -165.842410972732608, -10.859234386613547 ], [ -165.842425025017405, -10.859229491738619 ], [ -165.842445204051643, -10.85922050784972 ], [ -165.842457043112915, -10.859220422910552 ], [ -165.842470022088321, -10.859214474177227 ], [ -165.842493062941884, -10.85920937842288 ], [ -165.842499902762427, -10.859200423177667 ], [ -165.842502049207354, -10.85918941713401 ], [ -165.842517851973668, -10.859182417270363 ], [ -165.842526871175266, -10.859170449250961 ], [ -165.84252686006775, -10.859104431594234 ], [ -165.842529013657924, -10.859090461322504 ], [ -165.842529005194564, -10.859070431589581 ], [ -165.842535871373769, -10.859036415899691 ], [ -165.842544899606366, -10.859008459671935 ], [ -165.842549938341904, -10.858976460869165 ], [ -165.842553863856665, -10.858951492926394 ], [ -165.84255889355893, -10.858935482335063 ], [ -165.842575143687043, -10.858928382659265 ], [ -165.842589150615311, -10.858908398995368 ], [ -165.842594891335381, -10.858887432400625 ], [ -165.842598191083141, -10.858874424540069 ], [ -165.842608987293062, -10.858848404852196 ], [ -165.842620107760467, -10.858823455761762 ], [ -165.842625149698677, -10.85880142694179 ], [ -165.842629122439121, -10.858778523813761 ], [ -165.842634169470443, -10.858753440991876 ], [ -165.842643160821609, -10.858730425710137 ], [ -165.842650017964814, -10.85871239823766 ], [ -165.842656809402428, -10.85869149798571 ], [ -165.842664056508255, -10.858677413890351 ], [ -165.84266796469214, -10.858661518186997 ], [ -165.842670138817567, -10.858648445663789 ], [ -165.842679132220383, -10.858625520158906 ], [ -165.842682017366002, -10.858607491632705 ], [ -165.842686033227068, -10.858586473769694 ], [ -165.842691015701462, -10.858568398373748 ], [ -165.84269499673718, -10.858552411223483 ], [ -165.842694967752323, -10.858531483753481 ], [ -165.842692861973319, -10.858511500897027 ], [ -165.842686020861066, -10.858497462178919 ], [ -165.842683820791706, -10.858486463454028 ], [ -165.842682066952591, -10.858465484709242 ], [ -165.842680989152882, -10.858431466920402 ], [ -165.842688201431145, -10.858422413541133 ], [ -165.842700021819411, -10.858408406889971 ], [ -165.842709053247575, -10.858390420653627 ], [ -165.842714964735706, -10.858379610087981 ], [ -165.841079686707928, -10.856186778353079 ], [ -165.839134290111048, -10.854183611922263 ] ] ] ] } },
{ "type": "Feature", "properties": { "eaid": "3701", "ea_name": "yato", "cdid": "37", "gid": "3" }, "geometry": { "type": "MultiPolygon", "coordinates": [ [ [ [ -165.850021639660639, -10.850447698265819 ], [ -165.850002578566773, -10.85043671738581 ], [ -165.849996835544943, -10.850424810036847 ], [ -165.849984545294603, -10.850411701770776 ], [ -165.84997556399199, -10.850395824961799 ], [ -165.849966583653099, -10.850376714648373 ], [ -165.849959707936165, -10.850367706825509 ], [ -165.849948552443266, -10.850351788800182 ], [ -165.849941734107375, -10.850338737840639 ], [ -165.849929897125094, -10.850312685506513 ], [ -165.849916551976207, -10.850292774575074 ], [ -165.849904643368546, -10.85027669374322 ], [ -165.849893832673189, -10.850262744021347 ], [ -165.849888866339512, -10.850248753466916 ], [ -165.849877663619651, -10.8502307706538 ], [ -165.849861832234012, -10.850203729778023 ], [ -165.849847762481716, -10.850171799294662 ], [ -165.84983877709152, -10.850155742926678 ], [ -165.849826570944685, -10.850139758556466 ], [ -165.849810746699177, -10.850109753486748 ], [ -165.849792748265685, -10.850079707197906 ], [ -165.849785872564098, -10.850070699363721 ], [ -165.84977689962551, -10.85006173841129 ], [ -165.849760666092209, -10.850036772346005 ], [ -165.849749898544474, -10.850024707844184 ], [ -165.849737619562319, -10.850008814911657 ], [ -165.849726846941707, -10.849999804366879 ], [ -165.849714638756041, -10.849983730211555 ], [ -165.849701683612352, -10.849967762571303 ], [ -165.849680777692953, -10.849954757048081 ], [ -165.849659931215371, -10.849937798157558 ], [ -165.849646562665981, -10.849926689979339 ], [ -165.849625703985083, -10.849915749230407 ], [ -165.849612734588163, -10.849905709955026 ], [ -165.849589746897294, -10.849896702991829 ], [ -165.849566714026679, -10.849885721017593 ], [ -165.84955478817318, -10.849878712257926 ], [ -165.849534655919541, -10.84986676725155 ], [ -165.849516681542099, -10.849860702063625 ], [ -165.849495763423135, -10.849853714666075 ], [ -165.849472707966214, -10.849841745176173 ], [ -165.849447922647187, -10.849832778378765 ], [ -165.849436711008565, -10.849830783513109 ], [ -165.849424830337, -10.849825749754187 ], [ -165.849402901646357, -10.849823724983894 ], [ -165.849381638744291, -10.849814769262995 ], [ -165.849360800607968, -10.849804726216691 ], [ -165.849342798562901, -10.849800727470814 ], [ -165.849317936290589, -10.849791672559409 ], [ -165.849292783601271, -10.849779749926414 ], [ -165.849265749191034, -10.84977074356056 ], [ -165.84923586647642, -10.849761711037219 ], [ -165.849196624121475, -10.849749744046255 ], [ -165.849185814659762, -10.849745674340149 ], [ -165.849130779260605, -10.849724719152755 ], [ -165.849091864184317, -10.849710678988327 ], [ -165.849077881194745, -10.849708746048453 ], [ -165.849052644419714, -10.849699699476462 ], [ -165.849030705358587, -10.849690669013187 ], [ -165.849012008667017, -10.849685787575762 ], [ -165.848997953806673, -10.84968071256848 ], [ -165.848972748812287, -10.849669779075089 ], [ -165.848956885955545, -10.849657738583605 ], [ -165.848945731715361, -10.84965170055027 ], [ -165.848931715774881, -10.849641774435494 ], [ -165.848920898006412, -10.849630788828094 ], [ -165.848904730461811, -10.849621808991873 ], [ -165.848897859879941, -10.849609747150595 ], [ -165.848881720010269, -10.849598700853395 ], [ -165.848863686886091, -10.84957368508362 ], [ -165.848833841050521, -10.849559711624325 ], [ -165.848815835791555, -10.849545742980421 ], [ -165.848792810089549, -10.849531796722056 ], [ -165.848771891802954, -10.849511695657636 ], [ -165.848735938699775, -10.849479715208069 ], [ -165.848710738812173, -10.849465727711378 ], [ -165.848701734134067, -10.849458653609277 ], [ -165.848688040399594, -10.849449708282835 ], [ -165.848661042882554, -10.84943576095516 ], [ -165.848634787237444, -10.849424761076254 ], [ -165.848612778384677, -10.849412678270774 ], [ -165.848587947920464, -10.849401736353206 ], [ -165.848562037054876, -10.849392704781351 ], [ -165.848532875700869, -10.849385721873299 ], [ -165.848500893718409, -10.849376646338103 ], [ -165.848470975055278, -10.849362764268092 ], [ -165.848445773126656, -10.849348686962514 ], [ -165.848391049632653, -10.849321706707778 ], [ -165.848368023954606, -10.849307760394622 ], [ -165.84834788969988, -10.849295725483849 ], [ -165.848303992244126, -10.849286646748034 ], [ -165.848282027584787, -10.849279772432883 ], [ -165.848247114111672, -10.849263756470521 ], [ -165.848206039185044, -10.849243746509162 ], [ -165.848188042247642, -10.849236693696184 ], [ -165.848161087867283, -10.849224631539128 ], [ -165.848132996585775, -10.849208732556409 ], [ -165.848105997040221, -10.849194695376971 ], [ -165.848076104022994, -10.849178657010397 ], [ -165.84805089906942, -10.849167723394164 ], [ -165.848017051714237, -10.849155725433743 ], [ -165.8479479583809, -10.8491197249647 ], [ -165.84791593839833, -10.84910571012743 ], [ -165.847846121823295, -10.849080683739476 ], [ -165.847819843621807, -10.849068696244929 ], [ -165.847794981394088, -10.84905964114361 ], [ -165.847762963469904, -10.849045716055389 ], [ -165.847749999368148, -10.849045736287984 ], [ -165.847738103296336, -10.849036750720684 ], [ -165.847708959311802, -10.849020695559243 ], [ -165.84768589677347, -10.849011690049203 ], [ -165.847662898813212, -10.8489956771843 ], [ -165.847644931625098, -10.848986647631975 ], [ -165.8476218517267, -10.84898671425729 ], [ -165.847591994803224, -10.848988638881 ], [ -165.847567179795249, -10.848981648543175 ], [ -165.847540162907677, -10.848976683429234 ], [ -165.84751890005785, -10.848967727507178 ], [ -165.847503077326508, -10.848960715871391 ], [ -165.847485064977633, -10.848949711288178 ], [ -165.847459892831523, -10.848933657160288 ], [ -165.847447984504697, -10.848930689746547 ], [ -165.847426028016628, -10.848917617621289 ], [ -165.847391161798214, -10.848903666297925 ], [ -165.847359066933791, -10.84888965304555 ], [ -165.847315865079878, -10.848871666448391 ], [ -165.847284221679871, -10.848857732915944 ], [ -165.847253992195135, -10.848846642008013 ], [ -165.847216173033075, -10.848834642841902 ], [ -165.847188119796812, -10.848823682938592 ], [ -165.84716792099465, -10.848818655260015 ], [ -165.847138085542554, -10.848811687225902 ], [ -165.847124032764015, -10.848806701861053 ], [ -165.847095266458922, -10.848800608127883 ], [ -165.847076153181519, -10.848790616117602 ], [ -165.847054245971805, -10.848779698515537 ], [ -165.847003114714965, -10.848742667652168 ], [ -165.846990133138348, -10.848738646358623 ], [ -165.846800070494851, -10.848616696370689 ], [ -165.846782083884051, -10.848616649122402 ], [ -165.846763038355277, -10.848609619609309 ], [ -165.846735988600472, -10.84859666119314 ], [ -165.846712960947457, -10.848582624899732 ], [ -165.846665111199684, -10.848577676011143 ], [ -165.846631293633322, -10.848563701127489 ], [ -165.846604289037543, -10.848552717714529 ], [ -165.846579097485971, -10.848545645852989 ], [ -165.846547032402924, -10.848529655773619 ], [ -165.846535181523279, -10.848522645145882 ], [ -165.846512148760723, -10.848511662807079 ], [ -165.846485091844301, -10.848501668562065 ], [ -165.846446236375357, -10.848483674496002 ], [ -165.846428269220524, -10.848474644830549 ], [ -165.846394077156418, -10.848460678273161 ], [ -165.84636925188272, -10.848446682096565 ], [ -165.846350161208193, -10.848437677523037 ], [ -165.846325344168463, -10.848430597264471 ], [ -165.846300109521309, -10.848421640120982 ], [ -165.846280334452331, -10.848405644901799 ], [ -165.846261273529763, -10.848394663623791 ], [ -165.846248314537775, -10.848391629794468 ], [ -165.846234209447488, -10.848387633551898 ], [ -165.84620218953458, -10.848373618437193 ], [ -165.846179174237562, -10.848366677551187 ], [ -165.846159351972091, -10.848348617521365 ], [ -165.846140268478763, -10.84833664871938 ], [ -165.846118359253239, -10.848325641234933 ], [ -165.846090236276268, -10.848311628868107 ], [ -165.846067289613131, -10.848251962314167 ], [ -165.845335239133789, -10.850194229619962 ], [ -165.845975816598866, -10.850954074102896 ], [ -165.84753898971519, -10.851648386945749 ], [ -165.84956947041718, -10.851843669926192 ], [ -165.849569842381982, -10.851843705700171 ], [ -165.849578826070484, -10.851823654847845 ], [ -165.849578852492471, -10.851811708327508 ], [ -165.849585674438515, -10.851798711689383 ], [ -165.849596839451294, -10.851775737861596 ], [ -165.849603676871538, -10.851766692914714 ], [ -165.84961052523883, -10.851741749757716 ], [ -165.84961662759963, -10.851713679614225 ], [ -165.849628536562534, -10.851693743002492 ], [ -165.849639699518065, -10.851670679404393 ], [ -165.849644710119662, -10.851640747472025 ], [ -165.849644711895507, -10.851627723676199 ], [ -165.849648662924125, -10.851613713397427 ], [ -165.849653741309368, -10.851586743977807 ], [ -165.849659826420094, -10.851567745942949 ], [ -165.849673533020677, -10.851547769145228 ], [ -165.849687544292436, -10.851524731690485 ], [ -165.849694794826746, -10.851497713710943 ], [ -165.849705574914992, -10.851467742614723 ], [ -165.849712741649739, -10.851456714291192 ], [ -165.849716692677305, -10.851442704014817 ], [ -165.849721758876257, -10.851421752744498 ], [ -165.849716689659033, -10.851396716757117 ], [ -165.849712775737117, -10.851369768741815 ], [ -165.849712737396459, -10.851351715980984 ], [ -165.849718515779898, -10.851335688834205 ], [ -165.84972179269414, -10.851321693629723 ], [ -165.849728592040179, -10.851307709495057 ], [ -165.849750546988844, -10.851284674091803 ], [ -165.849766772574924, -10.851266706822043 ], [ -165.849773601632847, -10.851250746006437 ], [ -165.849780798078086, -10.85123774100401 ], [ -165.849784796346654, -10.851225795510819 ], [ -165.84979667352664, -10.851207745819782 ], [ -165.849803829849947, -10.85118971185222 ], [ -165.849814675932748, -10.851175727067641 ], [ -165.849825821621096, -10.851161735585151 ], [ -165.849832661082587, -10.851152780418847 ], [ -165.849837720159201, -10.851134793339691 ], [ -165.849841669130996, -10.851120693294698 ], [ -165.849841672966221, -10.851107759277026 ], [ -165.849848846814268, -10.851093766773303 ], [ -165.849853536449956, -10.851072734109508 ], [ -165.849860752199646, -10.851050746781395 ], [ -165.849864658038399, -10.851034761503394 ], [ -165.84986466694204, -10.851018773528141 ], [ -165.849873702922736, -10.850997733515841 ], [ -165.849873674991301, -10.850986686407511 ], [ -165.849875830434172, -10.850972806098937 ], [ -165.849878723663522, -10.850961693684196 ], [ -165.849880537327266, -10.850942701335809 ], [ -165.849887706106273, -10.850931762792664 ], [ -165.849891684793278, -10.850915686068547 ], [ -165.849896761396394, -10.850901740454388 ], [ -165.849900707355062, -10.850890784143143 ], [ -165.849903577991057, -10.850878684225719 ], [ -165.849905726313153, -10.850867768103125 ], [ -165.849900667524309, -10.850849737768579 ], [ -165.849891701400992, -10.850824699088506 ], [ -165.849907559580345, -10.850803776019069 ], [ -165.849914726303894, -10.850792747704848 ], [ -165.849923742971157, -10.850780690024663 ], [ -165.849934519476506, -10.850776766526293 ], [ -165.849950706413978, -10.850776763923792 ], [ -165.850042507969192, -10.850776777409843 ], [ -165.850058729684037, -10.850771744163776 ], [ -165.850069533844646, -10.850765754208087 ], [ -165.85007851572189, -10.850758727165205 ], [ -165.850085736798292, -10.850746799446819 ], [ -165.850083571503376, -10.850730770267324 ], [ -165.850074523355431, -10.850708697458158 ], [ -165.850060537052087, -10.850696794767787 ], [ -165.850046801060927, -10.850682730825627 ], [ -165.850042501693906, -10.850671689395794 ], [ -165.850032824894981, -10.850664720218282 ], [ -165.850021602827098, -10.850655719750955 ], [ -165.850007599003021, -10.850639775594784 ], [ -165.849994606963378, -10.850628748859478 ], [ -165.849984580040996, -10.850609751767662 ], [ -165.849978827835656, -10.850600718831421 ], [ -165.849982773793442, -10.850589762523283 ], [ -165.849984597864193, -10.850577775824735 ], [ -165.849996787087008, -10.85056681486871 ], [ -165.849998593633273, -10.85055078670983 ], [ -165.850016587102004, -10.85053475595303 ], [ -165.850028821508005, -10.850525770003948 ], [ -165.85003459988215, -10.850509742870939 ], [ -165.850028874116333, -10.850488763425716 ], [ -165.850018739307643, -10.850461774859994 ], [ -165.850021639660639, -10.850447698265819 ] ] ] ] } },
{ "type": "Feature", "properties": { "eaid": "3601", "ea_name": "roto", "cdid": "36", "gid": "3" }, "geometry": { "type": "MultiPolygon", "coordinates": [ [ [ [ -165.844411764516053, -10.852585115696845 ], [ -165.845335239133789, -10.850194229619962 ], [ -165.846067289613131, -10.848251962314167 ], [ -165.846047134932832, -10.848239029413223 ], [ -165.846024454126422, -10.848227051135586 ], [ -165.845994216469421, -10.848209044106195 ], [ -165.845935226888827, -10.848179014760422 ], [ -165.845912164402364, -10.848170009043569 ], [ -165.845901334462269, -10.848165041420344 ], [ -165.845880519020909, -10.848155985505906 ], [ -165.845864321823285, -10.848148982100758 ], [ -165.845841259338528, -10.848139976375807 ], [ -165.845814225023474, -10.848130969549002 ], [ -165.845768222157602, -10.848115021210612 ], [ -165.845739425089874, -10.848101023847034 ], [ -165.84571134728418, -10.848088986446157 ], [ -165.845681464662704, -10.848079953405227 ], [ -165.845627470939718, -10.848061938034258 ], [ -165.845597177899236, -10.848048063884882 ], [ -165.845574564828752, -10.848039048091803 ], [ -165.845547500762649, -10.848032017929254 ], [ -165.845510423494517, -10.848022965927411 ], [ -165.845471208969883, -10.848008931752528 ], [ -165.845449289507656, -10.848004032161462 ], [ -165.845412541601831, -10.847992996752785 ], [ -165.84538948938004, -10.847990996689095 ], [ -165.845353507928451, -10.847983986040546 ], [ -165.845325430130401, -10.847971948587819 ], [ -165.845314248260962, -10.847967976811363 ], [ -165.845296260620074, -10.847958049299939 ], [ -165.845264243815222, -10.847954003957394 ], [ -165.845243400679152, -10.847947014452176 ], [ -165.845230389363365, -10.847944969747619 ], [ -165.845207344324763, -10.847940005453911 ], [ -165.845175364462847, -10.84793101918679 ], [ -165.845143279940743, -10.84792401128805 ], [ -165.845131394199086, -10.847922031258571 ], [ -165.845113442464367, -10.847916953197979 ], [ -165.845090425131929, -10.847909922418697 ], [ -165.845070602910567, -10.847904975951041 ], [ -165.845038540958257, -10.847898955551825 ], [ -165.844983460669368, -10.847876024200833 ], [ -165.844969435627746, -10.847868972212902 ], [ -165.844949284040212, -10.847866009126689 ], [ -165.84492160332789, -10.84785495076974 ], [ -165.844896373849139, -10.847842939465327 ], [ -165.844869416496863, -10.847834020621915 ], [ -165.84484455433676, -10.847824965162092 ], [ -165.844826524614348, -10.847823032514412 ], [ -165.844807489357947, -10.84782300853939 ], [ -165.844782599487928, -10.847816019548265 ], [ -165.844755640083946, -10.847807010917183 ], [ -165.844730448556021, -10.847799938837387 ], [ -165.844718540242894, -10.847796971272627 ], [ -165.844691580839424, -10.847787962633642 ], [ -165.844641499441991, -10.847773901539814 ], [ -165.844613446278373, -10.847762941280548 ], [ -165.844590428948607, -10.847755910448969 ], [ -165.844570636490602, -10.84774898723516 ], [ -165.844549373712795, -10.847740030997839 ], [ -165.844517381570569, -10.847723949138588 ], [ -165.844501483996453, -10.847716938936156 ], [ -165.844476653656756, -10.847705996504946 ], [ -165.844449654264082, -10.847691958813147 ], [ -165.844419434104452, -10.847677993043373 ], [ -165.844392434714706, -10.847663955343293 ], [ -165.844367637237639, -10.84764789242851 ], [ -165.844342439592651, -10.847633994124822 ], [ -165.844330536427293, -10.847627972545881 ], [ -165.844305664053053, -10.847611911294853 ], [ -165.844285571995528, -10.847604994743264 ], [ -165.844262514683663, -10.847592934850891 ], [ -165.844232632077535, -10.847583901610566 ], [ -165.844182600007997, -10.847558881271045 ], [ -165.844173599544064, -10.847551986482658 ], [ -165.844157357237549, -10.847543007910929 ], [ -165.844132559775517, -10.847526944963139 ], [ -165.844109532238036, -10.847512908347646 ], [ -165.844070609191107, -10.847491951264811 ], [ -165.844052642100422, -10.847482921378823 ], [ -165.844029644335734, -10.847466908048515 ], [ -165.844004439508211, -10.847455973918379 ], [ -165.843931677401457, -10.847429934135887 ], [ -165.843887444605087, -10.847402898000595 ], [ -165.843858669216274, -10.847380007699297 ], [ -165.843826562236529, -10.847358898365272 ], [ -165.843805748893857, -10.847349932010408 ], [ -165.84378269666027, -10.847347931788052 ], [ -165.843771490187947, -10.847342882637424 ], [ -165.843739494991155, -10.847329944415373 ], [ -165.843714642116822, -10.847318014368719 ], [ -165.843698488036296, -10.847312896048507 ], [ -165.843679766787005, -10.847306936848316 ], [ -165.843648778083633, -10.847301970122858 ], [ -165.843600524136235, -10.847285891933073 ], [ -165.843570640603104, -10.847266978410682 ], [ -165.843549818006835, -10.847260886478622 ], [ -165.843524590629954, -10.847248964770412 ], [ -165.843513828414189, -10.847246959568551 ], [ -165.843490736204956, -10.847239930286138 ], [ -165.843469488815202, -10.84723492567222 ], [ -165.843444656461457, -10.847223893334952 ], [ -165.843433506550156, -10.847204920788993 ], [ -165.843419465369209, -10.847170923021805 ], [ -165.843393603976295, -10.847150931642581 ], [ -165.843364789475913, -10.847146006151059 ], [ -165.843358653090263, -10.84721198129523 ], [ -165.843349641212995, -10.847220984878069 ], [ -165.843326634099554, -10.847220959647965 ], [ -165.843301811940307, -10.847216933036233 ], [ -165.843264677191399, -10.847211923846384 ], [ -165.84322868038771, -10.847200961115995 ], [ -165.843202804571177, -10.847186898164884 ], [ -165.843143758502634, -10.847183905111317 ], [ -165.843125766684835, -10.847186911593802 ], [ -165.843109579718487, -10.847186913714326 ], [ -165.843088679107041, -10.847183967188508 ], [ -165.84306670320629, -10.847179877006406 ], [ -165.843038667481835, -10.847172958051214 ], [ -165.843006628089341, -10.847167924882877 ], [ -165.842993648594643, -10.84716399311851 ], [ -165.842958780476181, -10.847149951261407 ], [ -165.842924548563673, -10.84713095508463 ], [ -165.842894685565426, -10.847112939204177 ], [ -165.84285366547681, -10.847078914953382 ], [ -165.842842825389681, -10.847066941418424 ], [ -165.842785578385445, -10.847027890212125 ], [ -165.842757889601387, -10.847009915587533 ], [ -165.842735613187756, -10.846995951856831 ], [ -165.842709672668377, -10.846988896260561 ], [ -165.842698835549129, -10.846986892692996 ], [ -165.84266177995741, -10.846968947526408 ], [ -165.8426438201179, -10.84695695328338 ], [ -165.842618583494755, -10.846947905916654 ], [ -165.84259373877353, -10.846942891708533 ], [ -165.842563868418978, -10.84694095375988 ], [ -165.842552731692649, -10.846938956873981 ], [ -165.842529714391247, -10.846931925818113 ], [ -165.842497664831143, -10.846919886822549 ], [ -165.842463850362037, -10.84691588122482 ], [ -165.842433950222244, -10.846915919971883 ], [ -165.84241375145524, -10.846910891849959 ], [ -165.84238890673069, -10.846905877621118 ], [ -165.842372777267371, -10.846901836496881 ], [ -165.842337856656911, -10.846901897488523 ], [ -165.842321629731146, -10.846896870513595 ], [ -165.842294635414476, -10.846892892284878 ], [ -165.842267663656855, -10.846889901572919 ], [ -165.842226926385308, -10.846887936710585 ], [ -165.842196759531106, -10.846882861628854 ], [ -165.842164677064517, -10.846875943079054 ], [ -165.842139854894128, -10.846871916345391 ], [ -165.842098783236963, -10.846861875099139 ], [ -165.842034768987673, -10.846857914842019 ], [ -165.842009889296861, -10.846857931294927 ], [ -165.841997634213186, -10.846852905457224 ], [ -165.841965964142446, -10.846850917794946 ], [ -165.841954797625903, -10.846850897595138 ], [ -165.8419210232708, -10.84683880720009 ], [ -165.841888998317273, -10.846827845414282 ], [ -165.841876698117545, -10.846820844528851 ], [ -165.841835698231478, -10.846813945348098 ], [ -165.841804005797798, -10.846797856366099 ], [ -165.841769813871878, -10.846783889039765 ], [ -165.841744998923758, -10.846776898031919 ], [ -165.841692765050453, -10.846753902272056 ], [ -165.841660063934796, -10.846742865723888 ], [ -165.841624072319775, -10.846728848723759 ], [ -165.841601009901865, -10.846719842532348 ], [ -165.841577964861813, -10.846714877869109 ], [ -165.841557795877634, -10.846707872959184 ], [ -165.841520720671582, -10.846698910071462 ], [ -165.841500966129729, -10.846696925849672 ], [ -165.841484739203906, -10.846691898814726 ], [ -165.841466737191411, -10.84668789942374 ], [ -165.841440831636845, -10.84667581295956 ], [ -165.841422801886267, -10.846673880054277 ], [ -165.841389022358925, -10.84666484358563 ], [ -165.841358725113594, -10.846663903049183 ], [ -165.84134580087661, -10.846668952000059 ], [ -165.84132271881063, -10.846668928264037 ], [ -165.841306931155003, -10.846656885416454 ], [ -165.841291091154631, -10.846645831760704 ], [ -165.841273081052776, -10.846634916359521 ], [ -165.841237838462263, -10.846620882576945 ], [ -165.841205781677019, -10.84661180763041 ], [ -165.841183066032556, -10.846604859525586 ], [ -165.84116296181702, -10.846590847135859 ], [ -165.841121904627812, -10.846574877238458 ], [ -165.841092029284397, -10.846562879331474 ], [ -165.841066832594066, -10.846558860844127 ], [ -165.841039815703908, -10.84655389495296 ], [ -165.841012145201034, -10.846549841851614 ], [ -165.841000978674231, -10.846549821609882 ], [ -165.840976106194347, -10.84654687372389 ], [ -165.840962046236484, -10.846544852185266 ], [ -165.840944096569245, -10.846539863559581 ], [ -165.840912069576888, -10.846528811854737 ], [ -165.840874954446775, -10.84651481980379 ], [ -165.840841137050148, -10.846500843968544 ], [ -165.840814160328875, -10.846487793306039 ], [ -165.840783910480837, -10.84647580371413 ], [ -165.840746854943632, -10.846457858205415 ], [ -165.84070901047312, -10.8464349003447 ], [ -165.84068099551385, -10.846415765035188 ], [ -165.840629111333499, -10.846404797158851 ], [ -165.840603913813567, -10.846390898375423 ], [ -165.840580916194767, -10.846374884620371 ], [ -165.84056002594815, -10.846365829838859 ], [ -165.840535181212601, -10.846360815411916 ], [ -165.840491989751769, -10.846349833152924 ], [ -165.840473984868254, -10.846335863659197 ], [ -165.8404531047386, -10.846333814648592 ], [ -165.840441945451431, -10.846330830139495 ], [ -165.840426145391234, -10.846324805472433 ], [ -165.840407027095893, -10.846317866827263 ], [ -165.840389002531936, -10.846312879826371 ], [ -165.84036890641201, -10.846305783357648 ], [ -165.840348028331022, -10.846303824112979 ], [ -165.840323138489936, -10.846296834615991 ], [ -165.840288946603096, -10.846282867045993 ], [ -165.840260863728872, -10.846273882921544 ], [ -165.840242904770378, -10.84627176870559 ], [ -165.840221994027331, -10.846261816141197 ], [ -165.84019001420458, -10.846252829148703 ], [ -165.840175235024503, -10.846248847557064 ], [ -165.84016121006087, -10.846241795231579 ], [ -165.840133114742372, -10.846238829352989 ], [ -165.840097133268557, -10.846231817878413 ], [ -165.840085921630674, -10.846229822547386 ], [ -165.840062916491888, -10.846229886798467 ], [ -165.840038099502181, -10.846222805823981 ], [ -165.840017181512678, -10.846215817483664 ], [ -165.839999179499131, -10.846211817976315 ], [ -165.839974000151699, -10.84621184091545 ], [ -165.839962164696402, -10.846208781650621 ], [ -165.83993911240205, -10.846206781067412 ], [ -165.839927908012697, -10.846201821484369 ], [ -165.839909951099202, -10.84619979701961 ], [ -165.839841156267539, -10.846199805159518 ], [ -165.839823199351542, -10.846197780689195 ], [ -165.839812040062384, -10.846194796150057 ], [ -165.839773147499216, -10.846194855603482 ], [ -165.839738928656573, -10.846192834708196 ], [ -165.839727048099036, -10.846187800382415 ], [ -165.839707293533309, -10.846185816016201 ], [ -165.839668014309126, -10.846178788243996 ], [ -165.839630984192837, -10.846171800101521 ], [ -165.839590283878778, -10.84616489384679 ], [ -165.839554300338193, -10.846157792519708 ], [ -165.839520073445925, -10.846148855576114 ], [ -165.839499228304959, -10.846141775743341 ], [ -165.839474009044949, -10.846136769563779 ], [ -165.839441964398134, -10.84613478993831 ], [ -165.83940129183307, -10.846125817154991 ], [ -165.839367107986391, -10.84611876546546 ], [ -165.839346237139949, -10.846113841891555 ], [ -165.839316009856788, -10.846102839620444 ], [ -165.839288980812313, -10.846090777957189 ], [ -165.839264150574849, -10.846079834901523 ], [ -165.839241117986404, -10.846068851734106 ], [ -165.839223128431229, -10.846058833895613 ], [ -165.839202238196577, -10.846049778982252 ], [ -165.839182128838701, -10.846038820406726 ], [ -165.839161210848602, -10.84603183198748 ], [ -165.839136019344409, -10.846024759272124 ], [ -165.839113340772542, -10.846012869982664 ], [ -165.839088179076015, -10.84600382053798 ], [ -165.839065116686157, -10.845994814073542 ], [ -165.839038110197862, -10.845983739902252 ], [ -165.839013317036802, -10.845967855840625 ], [ -165.838988115460126, -10.845953777304763 ], [ -165.838965053073451, -10.845944770828527 ], [ -165.838928319750181, -10.845927805833709 ], [ -165.838910352752293, -10.845918775491763 ], [ -165.838885145968192, -10.845907750968285 ], [ -165.838855300472375, -10.845893776021512 ], [ -165.838816380470263, -10.845882787969808 ], [ -165.838784370836947, -10.845875777503855 ], [ -165.83874833418588, -10.84585978496343 ], [ -165.838716359577546, -10.845847743735249 ], [ -165.838705177743918, -10.845843771613689 ], [ -165.838661249737356, -10.845826787437947 ], [ -165.838627395314802, -10.845817752224221 ], [ -165.838597199911959, -10.845804862896811 ], [ -165.838558273017611, -10.84578372518663 ], [ -165.838538151197696, -10.845778784825045 ], [ -165.838506096475555, -10.845769799264005 ], [ -165.838460403431213, -10.845760848486922 ], [ -165.838449271906853, -10.845755797378068 ], [ -165.838378304455034, -10.845732859421011 ], [ -165.83834632258575, -10.845723782391021 ], [ -165.838319288351755, -10.845714774626718 ], [ -165.83828940783954, -10.845705830353445 ], [ -165.838255239270808, -10.84570273027671 ], [ -165.838234316071066, -10.845698795796547 ], [ -165.838209126624122, -10.845691812749198 ], [ -165.838189349498862, -10.845688840730052 ], [ -165.83816849710152, -10.845684725022805 ], [ -165.838138212263033, -10.845677765811885 ], [ -165.838102230766737, -10.845670754031469 ], [ -165.838072355475674, -10.8456587556988 ], [ -165.838043216711213, -10.845652758941251 ], [ -165.837979522361451, -10.845649688709383 ], [ -165.837956501898844, -10.845645800988635 ], [ -165.837944246845666, -10.845640774915713 ], [ -165.837926215007514, -10.845638751975841 ], [ -165.837901372301303, -10.845633827045191 ], [ -165.83786937270429, -10.845633822272429 ], [ -165.8378423637796, -10.84563577205761 ], [ -165.837817541564021, -10.845631744872714 ], [ -165.837798431275615, -10.845631722044075 ], [ -165.837767462575101, -10.845640766194119 ], [ -165.837748399418047, -10.84564280819623 ], [ -165.837730382840618, -10.845644737031288 ], [ -165.83770951270526, -10.845649693612426 ], [ -165.837696248877535, -10.845649720009781 ], [ -165.837675358247026, -10.845653778835272 ], [ -165.837659515877647, -10.845655748990483 ], [ -165.837632536756416, -10.845655722029635 ], [ -165.837602232120105, -10.845657745308085 ], [ -165.837547524847878, -10.845657708081195 ], [ -165.837527405771908, -10.845662737720435 ], [ -165.837516211429914, -10.845664783835597 ], [ -165.837442468744712, -10.845664722073517 ], [ -165.83741330741384, -10.845657737718426 ], [ -165.837383434864051, -10.845655709386422 ], [ -165.837353541821045, -10.845652783296778 ], [ -165.837326552652257, -10.845645750481989 ], [ -165.837296295557763, -10.845636724666607 ], [ -165.837285535362241, -10.845634808958847 ], [ -165.837253448744633, -10.845627710188804 ], [ -165.837232575834008, -10.845622696652176 ], [ -165.837207388416061, -10.845615803279111 ], [ -165.837189384329889, -10.845611713784928 ], [ -165.837175359391608, -10.845604661260573 ], [ -165.837150546484963, -10.845597759527996 ], [ -165.837130377516075, -10.84559075421514 ], [ -165.837116337320708, -10.84557974989435 ], [ -165.837105490148559, -10.845570740243625 ], [ -165.837091512341374, -10.845565752549424 ], [ -165.837073485716161, -10.845560675515083 ], [ -165.837054435048628, -10.845556699173502 ], [ -165.837036390672608, -10.845560694474205 ], [ -165.837020578105779, -10.845560687863868 ], [ -165.837009406291855, -10.845563721490766 ], [ -165.836961571536023, -10.845562722475387 ], [ -165.83694532207187, -10.845556707583278 ], [ -165.836922292249284, -10.845555694259108 ], [ -165.836892441537117, -10.845544773081045 ], [ -165.836879465233039, -10.845537697149281 ], [ -165.836863597565554, -10.845528709634932 ], [ -165.836847440307764, -10.845526734634729 ], [ -165.836822632636199, -10.845516778827669 ], [ -165.836794532453752, -10.845503752705232 ], [ -165.836776552953694, -10.845500740485733 ], [ -165.836742353815936, -10.845489736624469 ], [ -165.836719683249186, -10.84548476313342 ], [ -165.836696620870356, -10.84547575642142 ], [ -165.8366663637768, -10.845466730521299 ], [ -165.836634354105428, -10.845459719771064 ], [ -165.836614531873323, -10.845454772567587 ], [ -165.836603393065445, -10.845452685630129 ], [ -165.836582477125233, -10.845445786747314 ], [ -165.836548642490584, -10.845427768666129 ], [ -165.836529597059382, -10.845420738241241 ], [ -165.836486390974954, -10.845415683771881 ], [ -165.836456555517486, -10.845408714330398 ], [ -165.836445373682949, -10.84540474209741 ], [ -165.836418356733475, -10.845399775685111 ], [ -165.836399655986327, -10.845394713631366 ], [ -165.836383433827109, -10.845399746110678 ], [ -165.836351434156683, -10.845399741162762 ], [ -165.83634061225132, -10.845401689105918 ], [ -165.836324425159091, -10.845401690806142 ], [ -165.836308567503863, -10.845399709089403 ], [ -165.836294514794957, -10.845394723015986 ], [ -165.836272621026154, -10.845387666268572 ], [ -165.836249588477983, -10.845376682775052 ], [ -165.836228707609678, -10.845364753081956 ], [ -165.836201711143786, -10.845360684402676 ], [ -165.836189458140183, -10.845355748009577 ], [ -165.836176481845371, -10.845348672032681 ], [ -165.836164596060712, -10.845346691553919 ], [ -165.836151621815105, -10.845339705351019 ], [ -165.836135484380975, -10.845328747724997 ], [ -165.836123558768719, -10.845321738135512 ], [ -165.836100511638108, -10.845316683160174 ], [ -165.836080701943786, -10.845305717598935 ], [ -165.836071772425385, -10.845298641193789 ], [ -165.836052689219713, -10.845286671393694 ], [ -165.836020619232386, -10.845273733691753 ], [ -165.836007660231388, -10.845270699279991 ], [ -165.835986435341937, -10.845266681514092 ], [ -165.835970567692328, -10.845257693928025 ], [ -165.835959453466899, -10.845256684268307 ], [ -165.835947532604393, -10.845259734558516 ], [ -165.835918743728769, -10.845252651887657 ], [ -165.835886744044046, -10.845252646881233 ], [ -165.835874491043342, -10.845247710469557 ], [ -165.835858661168658, -10.845243662210486 ], [ -165.835831679293563, -10.84523366494949 ], [ -165.83580468487304, -10.845229686000197 ], [ -165.83574780531211, -10.845229696838098 ], [ -165.835724758178429, -10.845224641826084 ], [ -165.835703475666918, -10.845224667285777 ], [ -165.835683701187889, -10.845231665190097 ], [ -165.835662428659873, -10.845238696497585 ], [ -165.835651698926853, -10.845244684325092 ], [ -165.835635431667924, -10.845247741700151 ], [ -165.835619634308301, -10.845251686811174 ], [ -165.835600533943875, -10.845258669680648 ], [ -165.835585782013453, -10.84526573523055 ], [ -165.835571747223611, -10.845274671040075 ], [ -165.835553787674428, -10.845285670436171 ], [ -165.835534689352812, -10.845292743079545 ], [ -165.835507653163717, -10.845306639509451 ], [ -165.835484673098392, -10.845317661029584 ], [ -165.835461637979989, -10.845319701628048 ], [ -165.835439661475959, -10.845328724696351 ], [ -165.835414789512441, -10.845335656610001 ], [ -165.83539359186301, -10.845342686236839 ], [ -165.835372663986789, -10.845351685920489 ], [ -165.835341767937678, -10.84536063840422 ], [ -165.835325560959689, -10.845369622643473 ], [ -165.835309685473732, -10.845376713239249 ], [ -165.835286628437075, -10.845387646646378 ], [ -165.835270855637447, -10.84539266905664 ], [ -165.835231623495076, -10.845410699736822 ], [ -165.835213618848798, -10.845419724056578 ], [ -165.835195604850298, -10.845431622873406 ], [ -165.835179781723724, -10.845437724261702 ], [ -165.835163567430442, -10.845449672771331 ], [ -165.835138687604456, -10.845472682902999 ], [ -165.835128631966484, -10.845478655692544 ], [ -165.83511276439333, -10.845492662366659 ], [ -165.835099825319617, -10.845503639633034 ], [ -165.835083611018433, -10.845515588142499 ], [ -165.83506778057972, -10.845524653803157 ], [ -165.83505161071767, -10.845528697024402 ], [ -165.8350335967028, -10.845540595839518 ], [ -165.835019534084864, -10.845551598156849 ], [ -165.834998661211785, -10.845569578759827 ], [ -165.834982830765853, -10.845578644419334 ], [ -165.83496954175078, -10.845590707346503 ], [ -165.834960529484334, -10.845599710804446 ], [ -165.83494866887122, -10.845608687949513 ], [ -165.83493962676701, -10.845619668147489 ], [ -165.834930637031761, -10.845629659140551 ], [ -165.834923784379185, -10.845644632492396 ], [ -165.834914794642856, -10.845654623485776 ], [ -165.834910895075524, -10.845667644740891 ], [ -165.834903675212473, -10.845679662168713 ], [ -165.834896852395133, -10.845692658781324 ], [ -165.834889637786375, -10.845701622158428 ], [ -165.834875597688068, -10.845713612011949 ], [ -165.834864797727107, -10.845729661414511 ], [ -165.83485361122959, -10.845738623530032 ], [ -165.834837748883615, -10.845749576154477 ], [ -165.834809685870312, -10.84575460312097 ], [ -165.834796721570058, -10.84575462271442 ], [ -165.834775838694611, -10.845765597455825 ], [ -165.834752833342549, -10.845765661283703 ], [ -165.834736656150113, -10.845772668774785 ], [ -165.834707804292208, -10.845772683311679 ], [ -165.834688738939292, -10.845774635363592 ], [ -165.834677572298773, -10.845774614871546 ], [ -165.834661724550131, -10.845779638938779 ], [ -165.834643739718274, -10.845779680642675 ], [ -165.834618545521721, -10.845785631669596 ], [ -165.83460490504271, -10.845785576509952 ], [ -165.834570707909705, -10.84579765649042 ], [ -165.834536830866398, -10.845810627548444 ], [ -165.834520653659979, -10.845817635032578 ], [ -165.834501565214339, -10.845831713513196 ], [ -165.834485760470244, -10.845838622870639 ], [ -165.834465598802723, -10.845851647418959 ], [ -165.834449758958328, -10.845863587571355 ], [ -165.834431741674962, -10.845878630207396 ], [ -165.834415913841809, -10.845897666003747 ], [ -165.834401849126237, -10.845908578540394 ], [ -165.834385689181175, -10.845919627612716 ], [ -165.834371649043248, -10.845931617461368 ], [ -165.834358635010744, -10.84594259639414 ], [ -165.834335664779559, -10.845960623751779 ], [ -165.83432877433529, -10.845970657761901 ], [ -165.834312592460549, -10.845990599669898 ], [ -165.834305764351143, -10.846006650343764 ], [ -165.834298916367487, -10.846031683630086 ], [ -165.834289914028545, -10.846047692958196 ], [ -165.834276593069774, -10.846061642851105 ], [ -165.834253882631998, -10.846074634403447 ], [ -165.834230857356459, -10.846083680819698 ], [ -165.834210716140575, -10.846097603128202 ], [ -165.834200610128676, -10.846104654893402 ], [ -165.834189855733882, -10.846109565393299 ], [ -165.834171850988554, -10.8461185896958 ], [ -165.834146661436932, -10.846134600634095 ], [ -165.834134790805223, -10.846136571903008 ], [ -165.834114648973099, -10.846140613833935 ], [ -165.834093703691508, -10.84614557189394 ], [ -165.834073946332609, -10.846156611345997 ], [ -165.834054882976233, -10.846158653151557 ], [ -165.834043716306894, -10.846158632644853 ], [ -165.834029631077613, -10.84616864741921 ], [ -165.834007727273814, -10.84617757900185 ], [ -165.833979606529994, -10.846186649187981 ], [ -165.833959802050174, -10.846195623786848 ], [ -165.833940776438197, -10.846202604942048 ], [ -165.833913769271049, -10.846204644200705 ], [ -165.833897881666815, -10.846204639118318 ], [ -165.833860876426343, -10.846208607886817 ], [ -165.833835619813698, -10.846208542210961 ], [ -165.833815845164395, -10.846215540059582 ], [ -165.833794982074835, -10.846217532153528 ], [ -165.83377480511416, -10.846226604870521 ], [ -165.833758972520627, -10.846235580733664 ], [ -165.833746767156214, -10.846242589473688 ], [ -165.833733777656136, -10.846254645715293 ], [ -165.833701720106887, -10.846281678188822 ], [ -165.833678680746857, -10.846306533532621 ], [ -165.833667910535468, -10.8463206061995 ], [ -165.833658908151818, -10.846336615534613 ], [ -165.833637640710037, -10.846363587100253 ], [ -165.833626855871358, -10.846383588333548 ], [ -165.833605975515383, -10.846404533209485 ], [ -165.833588007893411, -10.846431610855172 ], [ -165.833575747521024, -10.846452633025347 ], [ -165.833564937504775, -10.846461676559947 ], [ -165.833546920720323, -10.846486599579624 ], [ -165.833546955847197, -10.846504563161281 ], [ -165.833544808854526, -10.846538563675525 ], [ -165.833539713423363, -10.846561581837804 ], [ -165.833530776002561, -10.846593578014343 ], [ -165.833523920648133, -10.84662157561381 ], [ -165.833519938807683, -10.84663756284851 ], [ -165.833512726180118, -10.846646616007805 ], [ -165.833505911193981, -10.846666528743766 ], [ -165.83350086549126, -10.846678587536301 ], [ -165.833496871075965, -10.846700593115063 ], [ -165.833496890988442, -10.846714604877096 ], [ -165.833485724340392, -10.846760573140903 ], [ -165.833478891517672, -10.846789558282051 ], [ -165.833478938657322, -10.846814617523524 ], [ -165.833476749229987, -10.846833618742647 ], [ -165.833476744566326, -10.846846553191162 ], [ -165.833471706773167, -10.8468655280909 ], [ -165.833471696351694, -10.846940619379934 ], [ -165.833469923856484, -10.846951617160983 ], [ -165.833464821121424, -10.846977599613295 ], [ -165.833464863610089, -10.847015593304159 ], [ -165.833462662179784, -10.847027498866913 ], [ -165.833458757294977, -10.847043574212201 ], [ -165.833455831412721, -10.847056573788629 ], [ -165.833453687054003, -10.847077550085334 ], [ -165.833451926611872, -10.847118637915575 ], [ -165.833442894374429, -10.847136624011494 ], [ -165.833433929730347, -10.847157572721724 ], [ -165.833428869409659, -10.847175560087495 ], [ -165.833421626978947, -10.847209584392049 ], [ -165.833419874456865, -10.847257588330997 ], [ -165.833414798914276, -10.847271623876093 ], [ -165.833410815031613, -10.847287521341793 ], [ -165.833405821700666, -10.847298590933299 ], [ -165.833399655709826, -10.847330525338915 ], [ -165.833394682861922, -10.847342492692764 ], [ -165.833394645207335, -10.847383542119028 ], [ -165.833392842876634, -10.847396516648892 ], [ -165.833385660130972, -10.847426587466023 ], [ -165.833380949193781, -10.847456603174566 ], [ -165.833380974382294, -10.847467560879357 ], [ -165.833378775004405, -10.847479556221648 ], [ -165.833378820123301, -10.84750452569166 ], [ -165.833381713064711, -10.847542635481505 ], [ -165.833381713182519, -10.847588624268974 ], [ -165.833385645361375, -10.847606590792386 ], [ -165.833387809700611, -10.847622620649473 ], [ -165.833387792489333, -10.847641573444555 ], [ -165.833390676024607, -10.847659563347371 ], [ -165.833394648014178, -10.847682559006033 ], [ -165.83340684100483, -10.847727557368824 ], [ -165.833413691213508, -10.847748602594979 ], [ -165.833420941137888, -10.847780597174063 ], [ -165.83342485612647, -10.847817516487526 ], [ -165.833424885573521, -10.847874642526808 ], [ -165.83342773928419, -10.847894609172396 ], [ -165.833431681453277, -10.847919581572771 ], [ -165.833431691506235, -10.8479495818458 ], [ -165.833433900927872, -10.847967586775312 ], [ -165.8334389394021, -10.847981486644022 ], [ -165.833443932273809, -10.848006525438034 ], [ -165.833450809755817, -10.848038618137066 ], [ -165.833452932255824, -10.848049529077761 ], [ -165.833456934110245, -10.848070547983582 ], [ -165.833466593001958, -10.848109584768219 ], [ -165.83346878515357, -10.848123548097821 ], [ -165.833473793268155, -10.848152538709748 ], [ -165.833477755316551, -10.848168528478148 ], [ -165.833477805107037, -10.848180563494592 ], [ -165.833482823107431, -10.848193565597459 ], [ -165.833484612958131, -10.848209603798551 ], [ -165.833489680752422, -10.848234640916965 ], [ -165.833491837820503, -10.848253635050463 ], [ -165.833495797927725, -10.848292529429182 ], [ -165.833500796077914, -10.848314514156515 ], [ -165.833500770969579, -10.848326550842476 ], [ -165.8335026357299, -10.848342587372199 ], [ -165.833512647164582, -10.848367514258221 ], [ -165.833518793455681, -10.848390551245313 ], [ -165.833528842030859, -10.848410537100204 ], [ -165.833534641594611, -10.848431515914807 ], [ -165.833544720008234, -10.848449525022188 ], [ -165.833553679603028, -10.848477619120279 ], [ -165.833557676755674, -10.84848857807774 ], [ -165.83356987244116, -10.848520552176648 ], [ -165.83357892999868, -10.848536518140893 ], [ -165.833594752942503, -10.848566525097686 ], [ -165.833599773012423, -10.848579616967665 ], [ -165.833621760074493, -10.848623588497491 ], [ -165.83363574552547, -10.848648606398292 ], [ -165.833651578474843, -10.848685619223547 ], [ -165.833658843609498, -10.848698571206688 ], [ -165.83366565407519, -10.848714587269235 ], [ -165.833672866843756, -10.848728528458848 ], [ -165.833681816482596, -10.848749616662559 ], [ -165.833690874058703, -10.848765582615588 ], [ -165.833701671705853, -10.848785551747429 ], [ -165.833717824133061, -10.848813575256338 ], [ -165.833729735345941, -10.848826513453602 ], [ -165.833745560382425, -10.848856610159999 ], [ -165.833754578142248, -10.84886754697467 ], [ -165.833770765659722, -10.848890539672556 ], [ -165.833777566145812, -10.848899549849532 ], [ -165.833786558826603, -10.848922523340638 ], [ -165.833813578440186, -10.848950573969166 ], [ -165.833818596485713, -10.848963576049622 ], [ -165.833834784015835, -10.848986568737894 ], [ -165.833843841612492, -10.849002534676968 ], [ -165.833855667447352, -10.849021582646367 ], [ -165.833871550616095, -10.849034522077787 ], [ -165.83387584216814, -10.849048528395196 ], [ -165.833887705130678, -10.849062635335791 ], [ -165.833903591010824, -10.849085544919191 ], [ -165.833912545931923, -10.849103579042636 ], [ -165.833923702888541, -10.849119587980596 ], [ -165.833935571761515, -10.849140521238482 ], [ -165.833946736013274, -10.849153565893305 ], [ -165.833953574296231, -10.849167515413637 ], [ -165.833974799739423, -10.849194527535216 ], [ -165.833985622019213, -10.849215573948667 ], [ -165.833992834824755, -10.849229515114173 ], [ -165.834001826878364, -10.849242608204964 ], [ -165.834010809593593, -10.849258575799242 ], [ -165.834017679761132, -10.849270638347248 ], [ -165.834042490781087, -10.849313558765566 ], [ -165.834051468261521, -10.849332580412138 ], [ -165.834058688364934, -10.849343557292457 ], [ -165.834067673137497, -10.8493596146574 ], [ -165.834076702987772, -10.849377647094466 ], [ -165.83408854206229, -10.849400557076946 ], [ -165.83409578470804, -10.849412521490992 ], [ -165.834111587299333, -10.84944163060039 ], [ -165.834124589774092, -10.849469544649809 ], [ -165.834129607852873, -10.849482546711494 ], [ -165.834152635806817, -10.849519578632686 ], [ -165.834159481402992, -10.849530563857975 ], [ -165.834175649194236, -10.849562539107284 ], [ -165.834191539235945, -10.849585628197959 ], [ -165.834198722242263, -10.849601546090188 ], [ -165.834204472064471, -10.849610489850889 ], [ -165.834214575177384, -10.84962957619927 ], [ -165.834227510060487, -10.849654527624887 ], [ -165.834239762845385, -10.849672577989381 ], [ -165.83424871577148, -10.849690522303728 ], [ -165.834262798806407, -10.849716525978591 ], [ -165.834269609353584, -10.849732541993585 ], [ -165.834280783669868, -10.849752592483142 ], [ -165.83428977644698, -10.849775565919977 ], [ -165.834301692520427, -10.849798563979958 ], [ -165.834314639494835, -10.849830611037863 ], [ -165.834328670184192, -10.849857603908646 ], [ -165.834335463436275, -10.849869578327771 ], [ -165.834351711419544, -10.849898497820149 ], [ -165.834367491542707, -10.84992661934942 ], [ -165.834401701900134, -10.849990617780151 ], [ -165.83441579020726, -10.85001356737731 ], [ -165.83442944640305, -10.850040568585708 ], [ -165.834440583647563, -10.85006556007551 ], [ -165.83445639884863, -10.85008865079409 ], [ -165.834463621744561, -10.850109597788846 ], [ -165.834470467374928, -10.850120582991865 ], [ -165.83448448284318, -10.850143624025474 ], [ -165.834495692954874, -10.850168524061459 ], [ -165.834506425874906, -10.850195500637621 ], [ -165.834520491236333, -10.850230576655843 ], [ -165.834534521979862, -10.850257569494275 ], [ -165.834536686483773, -10.850273599293395 ], [ -165.834545707087983, -10.850294506183426 ], [ -165.834554654133711, -10.850305624152554 ], [ -165.834559722576444, -10.850317547205004 ], [ -165.834568752512666, -10.850335579591565 ], [ -165.834575553072114, -10.85034458971591 ], [ -165.834587469210845, -10.850367587737335 ], [ -165.83460040418592, -10.850392539108473 ], [ -165.834609434128907, -10.850410571490938 ], [ -165.834621642613399, -10.850436527101518 ], [ -165.834628488262467, -10.850447512292844 ], [ -165.834653688199921, -10.850497609609954 ], [ -165.834653661143477, -10.85050955649157 ], [ -165.834664479049366, -10.850543537238954 ], [ -165.83467164644938, -10.850568617247166 ], [ -165.834683560563604, -10.850591525478904 ], [ -165.834692535702715, -10.850623571249743 ], [ -165.834708406100077, -10.850655642858637 ], [ -165.834712702980397, -10.85066659507393 ], [ -165.834717379198253, -10.85068759885001 ], [ -165.834728561604692, -10.850714565369831 ], [ -165.834742605226467, -10.850758534174423 ], [ -165.834756608270794, -10.85078759349183 ], [ -165.834767418942675, -10.850824538497895 ], [ -165.83477960698221, -10.850849596324297 ], [ -165.834786462701175, -10.850867587364776 ], [ -165.834795465643168, -10.850897566604134 ], [ -165.834797665225409, -10.850908565597837 ], [ -165.834806642851788, -10.85092758716331 ], [ -165.834813478809906, -10.850954560803284 ], [ -165.834822508800073, -10.850972593161123 ], [ -165.834831486432051, -10.850991614723748 ], [ -165.834841535264985, -10.85101160042794 ], [ -165.834850510851084, -10.851030532212635 ], [ -165.834859558170763, -10.851052606152406 ], [ -165.834861330880443, -10.851064602703548 ], [ -165.834870329015587, -10.851084522020653 ], [ -165.834875401599362, -10.851096624603775 ], [ -165.83488261453391, -10.85111056569496 ], [ -165.834886546969784, -10.851128532114936 ], [ -165.834896580541056, -10.851144566002613 ], [ -165.834909600566846, -10.851176521513526 ], [ -165.834918595541836, -10.851199584651708 ], [ -165.8349304642513, -10.851233631738687 ], [ -165.834939455132968, -10.851256515322456 ], [ -165.834948477141495, -10.851267631582507 ], [ -165.834960296671795, -10.851299524043768 ], [ -165.834966478290511, -10.851317530105698 ], [ -165.834969299668217, -10.851329503259286 ], [ -165.834978349808438, -10.851361547318259 ], [ -165.836950706747501, -10.851116880964382 ], [ -165.838270419726911, -10.852582098057924 ], [ -165.839134290111048, -10.854183611922263 ], [ -165.841079686707928, -10.856186778353079 ], [ -165.842714964735706, -10.858379610087981 ], [ -165.842713215493347, -10.858339758841367 ], [ -165.842722222436777, -10.85833380906598 ], [ -165.842738404774508, -10.858323746849861 ], [ -165.842747369586363, -10.858312678262259 ], [ -165.842761451399099, -10.858292692940809 ], [ -165.842765375022765, -10.858280748987625 ], [ -165.842772214827193, -10.858271793753969 ], [ -165.842781216517437, -10.858255784230115 ], [ -165.842788458523358, -10.858244754143339 ], [ -165.842797449868613, -10.85822173887332 ], [ -165.842806413378668, -10.858187676337954 ], [ -165.842815460994387, -10.858150737676786 ], [ -165.842820512136541, -10.85812583441616 ], [ -165.842824454238354, -10.858114698434006 ], [ -165.842829456256595, -10.858100754339004 ], [ -165.842833472121356, -10.858079736484308 ], [ -165.842840294431227, -10.858066739734044 ], [ -165.842845324129541, -10.858050729156069 ], [ -165.842849277485527, -10.858036808496438 ], [ -165.842856449678152, -10.85802272608535 ], [ -165.842861144929884, -10.858011752914136 ], [ -165.842868366399131, -10.85799982508744 ], [ -165.842877360934978, -10.857986779795574 ], [ -165.842883465833609, -10.857958799103109 ], [ -165.842890322969907, -10.857940771644493 ], [ -165.842895322933316, -10.857926737777687 ], [ -165.842897124593577, -10.857913763405707 ], [ -165.842904363399896, -10.857892763351817 ], [ -165.842908299265162, -10.857874801175798 ], [ -165.842922351326081, -10.85785679257479 ], [ -165.842934208573951, -10.85783784499918 ], [ -165.842940361835218, -10.85782180931677 ], [ -165.842945414116315, -10.857806786260356 ], [ -165.842949334394547, -10.857771758596032 ], [ -165.842949341394046, -10.857755680623619 ], [ -165.842952228598989, -10.857737741883877 ], [ -165.842954411931174, -10.857721794918016 ], [ -165.842954384101859, -10.857710747655299 ], [ -165.842958335404035, -10.857696737225673 ], [ -165.84295837419296, -10.857678772318996 ], [ -165.842961229611916, -10.857662720514439 ], [ -165.84296124581698, -10.857643768090403 ], [ -165.842963427097885, -10.857627731350803 ], [ -165.842963420719315, -10.857607791409363 ], [ -165.842965227479596, -10.857591763039242 ], [ -165.8429651706914, -10.857559788317838 ], [ -165.842970230124678, -10.857541801038114 ], [ -165.842972426842408, -10.85752971604292 ], [ -165.842979221464901, -10.857518785783775 ], [ -165.842983172768669, -10.857504775356 ], [ -165.842992183505629, -10.857472777649823 ], [ -165.842992232638096, -10.857461818488369 ], [ -165.842995432846408, -10.857447735025318 ], [ -165.842999398451269, -10.857427796146164 ], [ -165.843001242099916, -10.857406826842844 ], [ -165.843006214239892, -10.857381745721035 ], [ -165.843008437649672, -10.857370827793178 ], [ -165.843008385188796, -10.857358703239873 ], [ -165.843013474358401, -10.857338739254388 ], [ -165.843013426004461, -10.85732679424981 ], [ -165.843015232769517, -10.857310765881985 ], [ -165.843020257371052, -10.857297809314622 ], [ -165.84302247349089, -10.857276741869102 ], [ -165.843029255722399, -10.85725871609556 ], [ -165.843033254249377, -10.857246770479643 ], [ -165.843040451072028, -10.857233765372431 ], [ -165.843047288806531, -10.857224720377676 ], [ -165.843054465097254, -10.857210817527813 ], [ -165.843060261323728, -10.857198831740979 ], [ -165.843070349672161, -10.857187738064146 ], [ -165.843081490784471, -10.857176800502579 ], [ -165.843083315035926, -10.857164813654242 ], [ -165.843090452384899, -10.857155761964984 ], [ -165.843113150328236, -10.857148787701332 ], [ -165.843143418827424, -10.857151704121684 ], [ -165.843159251356042, -10.857155841331489 ], [ -165.843172196535477, -10.857164803530532 ], [ -165.843190194134593, -10.857171856421724 ], [ -165.843206419662806, -10.857176793227261 ], [ -165.843218290412068, -10.857174821374157 ], [ -165.843234467581141, -10.857167813178604 ], [ -165.843241305306776, -10.85715876818395 ], [ -165.843243486583873, -10.857142731453507 ], [ -165.843250340516391, -10.857114734046052 ], [ -165.84325027467051, -10.857098747531422 ], [ -165.843243493083008, -10.857080755406374 ], [ -165.843234442922636, -10.857071706169897 ], [ -165.843220468489392, -10.857053784957232 ], [ -165.843204249979181, -10.857032770184226 ], [ -165.84319524704361, -10.857025785753315 ], [ -165.843183322708768, -10.857005752860864 ], [ -165.84317043687247, -10.856979723501997 ], [ -165.843161437908606, -10.856959804876649 ], [ -165.843156394560197, -10.85694572598933 ], [ -165.843154175909007, -10.85692080556181 ], [ -165.843149202367698, -10.856909778999473 ], [ -165.843145236288251, -10.856883819777059 ], [ -165.84314234145188, -10.856858824638321 ], [ -165.843140169100622, -10.856845759436901 ], [ -165.843135457164095, -10.856829786918473 ], [ -165.843133297066714, -10.856810703491732 ], [ -165.843128280416067, -10.856797791667368 ], [ -165.843122159481595, -10.856762808757038 ], [ -165.843117475233896, -10.856744769754437 ], [ -165.843112453357776, -10.856721798186532 ], [ -165.843108520206272, -10.856703832219797 ], [ -165.843103461442183, -10.856685801584657 ], [ -165.843101296252456, -10.856669772155582 ], [ -165.843094464304727, -10.856639745238624 ], [ -165.843087299957858, -10.856614845498079 ], [ -165.843076468242344, -10.856573770252087 ], [ -165.843066397951702, -10.856539773784112 ], [ -165.843057383477145, -10.856502789656719 ], [ -165.843048428484622, -10.856461852110726 ], [ -165.843039422290616, -10.856431783949134 ], [ -165.843034363544888, -10.856413753307411 ], [ -165.843025324566923, -10.856388805626811 ], [ -165.843018513293629, -10.856372790187091 ], [ -165.843014221070348, -10.856358784324684 ], [ -165.843005227262864, -10.856335811676395 ], [ -165.843002351059937, -10.856324738239572 ], [ -165.842995466940152, -10.856308814245644 ], [ -165.842991493755903, -10.856285819234168 ], [ -165.842984326171859, -10.856237835764681 ], [ -165.842979276542081, -10.856203816920427 ], [ -165.842972465281036, -10.856187801475556 ], [ -165.842970272430733, -10.856173838522045 ], [ -165.842970289323631, -10.856105754438152 ], [ -165.842975310781725, -10.856082827911589 ], [ -165.842974258400659, -10.856000755769877 ], [ -165.842977487274993, -10.855974815410482 ], [ -165.84298145998099, -10.855938798570316 ], [ -165.842981439351604, -10.855924787081518 ], [ -165.842983247008192, -10.855885854550024 ], [ -165.842983290528053, -10.85580582378822 ], [ -165.842981484478855, -10.855785834238517 ], [ -165.842976425771269, -10.855767803586856 ], [ -165.842976450309067, -10.855755767132992 ], [ -165.842972442309787, -10.855737802825072 ], [ -165.842965303770654, -10.855723860550606 ], [ -165.842958462795053, -10.855709821806975 ], [ -165.842951200086958, -10.855693726620999 ], [ -165.842944383746897, -10.855680765168209 ], [ -165.842938266175423, -10.855668865944928 ], [ -165.842933235166214, -10.8556487688065 ], [ -165.842924251727879, -10.855632801884013 ], [ -165.842922478579851, -10.85562080559386 ], [ -165.842908382161625, -10.855600821177536 ], [ -165.842899396674483, -10.855584764478287 ], [ -165.842889362535431, -10.855568731207537 ], [ -165.84288033394327, -10.855550789245257 ], [ -165.842869500413514, -10.855522737924732 ], [ -165.842862316729025, -10.855506820606088 ], [ -165.842857275511733, -10.855492831464346 ], [ -165.842853370126932, -10.855472798991213 ], [ -165.84284649942424, -10.855460736947547 ], [ -165.84283746053714, -10.855435789233887 ], [ -165.842828466812165, -10.855412816554846 ], [ -165.842821321130344, -10.855401838495363 ], [ -165.842812335658977, -10.855385781787003 ], [ -165.842809393807102, -10.85537183555877 ], [ -165.8427982278032, -10.855335797656416 ], [ -165.842791406297124, -10.855312776442126 ], [ -165.84278027523402, -10.855284821576175 ], [ -165.842770525320873, -10.855264829851986 ], [ -165.842754372760908, -10.855259801507724 ], [ -165.842741415350162, -10.855243743710533 ], [ -165.842732416531902, -10.855223825022744 ], [ -165.842722354729631, -10.855209858217655 ], [ -165.842713329230577, -10.855188772460966 ], [ -165.84270433866206, -10.855175769744292 ], [ -165.842684507513582, -10.85515079366218 ], [ -165.842674435421401, -10.855129821103716 ], [ -165.842665420226098, -10.855115741091103 ], [ -165.842654262570733, -10.85509973289626 ], [ -165.842649590782742, -10.855088789376568 ], [ -165.842617549300172, -10.855060762720074 ], [ -165.842608546456177, -10.855053778227113 ], [ -165.84259239590051, -10.855035725883857 ], [ -165.84258156761544, -10.855017734278398 ], [ -165.842569316161729, -10.8549997744656 ], [ -165.842560377933438, -10.85498578254548 ], [ -165.84255635565529, -10.854973746668067 ], [ -165.842546323621406, -10.854957803136569 ], [ -165.842533323136706, -10.854939860052975 ], [ -165.842530454164802, -10.85492582236361 ], [ -165.842526484215909, -10.854912797292666 ], [ -165.842521507653402, -10.854891800705099 ], [ -165.842521479905486, -10.854880753431903 ], [ -165.842517517129721, -10.854864764131136 ], [ -165.842517498606156, -10.854850842403179 ], [ -165.84251244820814, -10.854839727693712 ], [ -165.842512513763268, -10.854809816079236 ], [ -165.842510313811317, -10.854798817331989 ], [ -165.842507406862723, -10.854779840374508 ], [ -165.842505616298354, -10.854763802546278 ], [ -165.84249662575948, -10.854750799810079 ], [ -165.842485473254953, -10.854731737591447 ], [ -165.842475434067353, -10.854718758279656 ], [ -165.842469643864206, -10.854704785845128 ], [ -165.842464572948785, -10.854692773387981 ], [ -165.84245346564731, -10.854688799963014 ], [ -165.842437605561457, -10.854686729116127 ], [ -165.842405593942857, -10.854669839449093 ], [ -165.842384356157226, -10.854658727061018 ], [ -165.842366362842029, -10.854651853567134 ], [ -165.842350539680581, -10.85464484177289 ], [ -165.842338606387699, -10.854640796973024 ], [ -165.842309498563168, -10.854619800508944 ], [ -165.842295398187417, -10.854612750225467 ], [ -165.842279559626746, -10.854601786675619 ], [ -165.842261562209671, -10.854594733623037 ], [ -165.842242545893242, -10.854585727282364 ], [ -165.842233543072552, -10.854578742764218 ], [ -165.842210471683245, -10.854562821018298 ], [ -165.842197542069471, -10.854557810442158 ], [ -165.842176680863901, -10.854546779438458 ], [ -165.842160472914799, -10.854532770237862 ], [ -165.842137439505393, -10.854521787752049 ], [ -165.84211763925606, -10.854504715079377 ], [ -165.842099588472848, -10.854488770989649 ], [ -165.842083418502597, -10.854479701051549 ], [ -165.842073668703307, -10.854472823030555 ], [ -165.84206034712534, -10.854463779284691 ], [ -165.842048495920011, -10.854456768561562 ], [ -165.842032672769136, -10.854449756739923 ], [ -165.842012517511563, -10.854436823720389 ], [ -165.841996684092294, -10.854422806137018 ], [ -165.841980484372755, -10.854415712901963 ], [ -165.841950575218789, -10.85439572229895 ], [ -165.841939405329725, -10.8543857322777 ], [ -165.84192536652796, -10.854374818313932 ], [ -165.841914598860939, -10.854362753437847 ], [ -165.841900594943837, -10.854346808751457 ], [ -165.841884754353117, -10.854335755389059 ], [ -165.841866703589773, -10.854319811271672 ], [ -165.841850570567772, -10.854305800365077 ], [ -165.841838661906706, -10.854289719051371 ], [ -165.841813475805623, -10.854269802566906 ], [ -165.841806600059101, -10.854260794465079 ], [ -165.841776762752801, -10.854230832159946 ], [ -165.841760523027517, -10.854218709854999 ], [ -165.841742547180928, -10.854202764048836 ], [ -165.841735748394171, -10.854193844044699 ], [ -165.841719531245644, -10.85418270925563 ], [ -165.841694667347895, -10.854163773579202 ], [ -165.841676691507587, -10.854147827764974 ], [ -165.841669516153928, -10.854138826347882 ], [ -165.841653607860763, -10.854124810400192 ], [ -165.841644617380382, -10.854111807604415 ], [ -165.841633504974254, -10.854097774356747 ], [ -165.841612640738163, -10.854076773283296 ], [ -165.841584538571652, -10.85404075421352 ], [ -165.841575555283441, -10.854024787177554 ], [ -165.841571547445653, -10.854006822785335 ], [ -165.841564734312726, -10.853990717457405 ], [ -165.841564761004321, -10.853978770743439 ], [ -165.841557549768709, -10.853951806033583 ], [ -165.841555759284915, -10.853935768165559 ], [ -165.841550707936761, -10.853914773183357 ], [ -165.841548572695672, -10.853896766965368 ], [ -165.841548552193643, -10.853882755435052 ], [ -165.841543483411755, -10.853857718921599 ], [ -165.841543484472112, -10.85383481468622 ], [ -165.841541734002789, -10.853823805868132 ], [ -165.841541685816679, -10.85379874704207 ], [ -165.841543539958934, -10.853784783462997 ], [ -165.841543511285295, -10.85375074215743 ], [ -165.841545665042815, -10.853736771886897 ], [ -165.841545648672593, -10.853709826121305 ], [ -165.841552476210211, -10.853693775416017 ], [ -165.841557580966168, -10.853677763188033 ], [ -165.841561506777424, -10.853652795247664 ], [ -165.841566571525874, -10.85363175396949 ], [ -165.841570542481634, -10.85360876107109 ], [ -165.841573774649959, -10.853592790666882 ], [ -165.841579508394318, -10.853574788342867 ], [ -165.841579482763763, -10.853563830822717 ], [ -165.84158452799997, -10.853551772024721 ], [ -165.84158850201527, -10.853538749126884 ], [ -165.84159353905639, -10.853519774339244 ], [ -165.841595713336005, -10.853506701816714 ], [ -165.841600750377296, -10.853487727029544 ], [ -165.841604716198361, -10.853467788142618 ], [ -165.841607616941616, -10.853453711371035 ], [ -165.841611525294383, -10.853437815687172 ], [ -165.84161370676361, -10.85342177893075 ], [ -165.841613681135385, -10.853410821411321 ], [ -165.841620573329436, -10.853387763273703 ], [ -165.841627767189181, -10.853364788219638 ], [ -165.84163277960792, -10.853344736139464 ], [ -165.841643589426724, -10.853289794079325 ], [ -165.841652564615202, -10.85323983311822 ], [ -165.841659773857032, -10.853220809821764 ], [ -165.841663793015471, -10.853209761968454 ], [ -165.841668784915981, -10.853188812144818 ], [ -165.841675652455137, -10.853177790497535 ], [ -165.841679603899678, -10.853163780083415 ], [ -165.841682499506959, -10.853152757323713 ], [ -165.841693630398538, -10.853134814109632 ], [ -165.841702632181864, -10.853118804675212 ], [ -165.841716654542125, -10.853102772933779 ], [ -165.84172749095535, -10.853081782403789 ], [ -165.841741532830582, -10.853056768187058 ], [ -165.841748745121748, -10.85304771489073 ], [ -165.841754480915199, -10.853029802350571 ], [ -165.841766675828865, -10.853015787473076 ], [ -165.841784699871937, -10.852997780133075 ], [ -165.841793741653561, -10.852986799749875 ], [ -165.841804483639862, -10.852974793370686 ], [ -165.84181457406666, -10.852963789567616 ], [ -165.841827558013136, -10.8529547870105 ], [ -165.841839752920606, -10.852940772133987 ], [ -165.841845542043956, -10.852931750623361 ], [ -165.841859566441769, -10.852915808659803 ], [ -165.841882616183398, -10.852894725005832 ], [ -165.841912500602518, -10.8528677402038 ], [ -165.841939481222624, -10.852844862171478 ], [ -165.841959640489904, -10.852831747265329 ], [ -165.841971548070774, -10.852824834615639 ], [ -165.841982659423422, -10.852815873880479 ], [ -165.842014711886605, -10.852801774788077 ], [ -165.842037768767852, -10.8527908406737 ], [ -165.842046740767216, -10.85277680795873 ], [ -165.842058618608803, -10.852758758249507 ], [ -165.842073796295011, -10.852740814482264 ], [ -165.842078423905349, -10.852726878796142 ], [ -165.842085641316032, -10.852714771496526 ], [ -165.842096435612717, -10.852701775927516 ], [ -165.842105427121595, -10.852678760744659 ], [ -165.842121633933829, -10.852669776027833 ], [ -165.84213354150279, -10.852662863377947 ], [ -165.842144650791909, -10.852653812868949 ], [ -165.842171677522856, -10.852642790090512 ], [ -165.842185687513705, -10.852632776592957 ], [ -165.842203691995365, -10.852623751724964 ], [ -165.842222432174992, -10.852610848151668 ], [ -165.842238628728865, -10.852594857677449 ], [ -165.842256640392947, -10.852582868577951 ], [ -165.842269577109022, -10.852571801207032 ], [ -165.842285444286091, -10.852557794136159 ], [ -165.842304537410399, -10.852553774889179 ], [ -165.84231569593635, -10.85254687896675 ], [ -165.842326458405125, -10.852535770336003 ], [ -165.842347692946674, -10.852523799074046 ], [ -165.842370749784806, -10.852512864954759 ], [ -165.842383703929471, -10.852505839106824 ], [ -165.842397766234512, -10.852494836415744 ], [ -165.842409607081692, -10.852494841414671 ], [ -165.842431553700266, -10.852487794361751 ], [ -165.842445605733104, -10.852482899678144 ], [ -165.84246147390769, -10.852478772813328 ], [ -165.842484518413869, -10.85247385692319 ], [ -165.842529502343012, -10.852464858203433 ], [ -165.842550692735472, -10.852460792103564 ], [ -165.842566542435691, -10.852455857265042 ], [ -165.842628445202905, -10.852455911773745 ], [ -165.842646497864592, -10.852458831909134 ], [ -165.842664500247963, -10.852462831009046 ], [ -165.842685702941736, -10.852465860424481 ], [ -165.842701531084003, -10.852469818264337 ], [ -165.842714488284997, -10.852472762384878 ], [ -165.842733598823827, -10.85247278463828 ], [ -165.842751558111786, -10.852474898469703 ], [ -165.842771380740288, -10.852479844927526 ], [ -165.842790431764854, -10.852483820595827 ], [ -165.842817466632482, -10.852492827507326 ], [ -165.842835461831953, -10.852499790821739 ], [ -165.842856647081135, -10.85251189245276 ], [ -165.842865649812325, -10.852518876981666 ], [ -165.842879361176472, -10.852531864110038 ], [ -165.842888363908656, -10.852538848637584 ], [ -165.842901685366769, -10.852547892384333 ], [ -165.842920404979736, -10.852566875415548 ], [ -165.842927625433788, -10.852577851839129 ], [ -165.842936598413417, -10.852586813072504 ], [ -165.842952414258264, -10.852609902867993 ], [ -165.842970387924112, -10.852625758847589 ], [ -165.842979448128432, -10.852641813924196 ], [ -165.842988450866102, -10.852648798445335 ], [ -165.843000648785761, -10.852657867279488 ], [ -165.843011489219265, -10.852669840680607 ], [ -165.84302551252955, -10.852689916620422 ], [ -165.84303665975682, -10.852698919100797 ], [ -165.843050316756262, -10.852712805628297 ], [ -165.843064387256618, -10.852721832628868 ], [ -165.843077344481969, -10.852737890468875 ], [ -165.843087395867343, -10.852744851559907 ], [ -165.843096426330334, -10.852762883335163 ], [ -165.8431003869824, -10.852778782852756 ], [ -165.843113300032485, -10.852756847747999 ], [ -165.843125541057304, -10.852767801832746 ], [ -165.843135649919134, -10.852783833472754 ], [ -165.843146462662617, -10.852797873345258 ], [ -165.843160473663829, -10.852810853753034 ], [ -165.843167297044062, -10.852820851010424 ], [ -165.84317845145668, -10.852826889254814 ], [ -165.843196496977782, -10.852845887306248 ], [ -165.843219472729572, -10.852847799216576 ], [ -165.843242565463584, -10.85285482825959 ], [ -165.843258378219502, -10.852854834311506 ], [ -165.843292562763253, -10.852861885038424 ], [ -165.843317451117855, -10.852868784142663 ], [ -165.843331466198805, -10.852868830347543 ], [ -165.843354501482821, -10.852879902568077 ], [ -165.843372494651931, -10.85288677605458 ], [ -165.843393340294426, -10.852893855279188 ], [ -165.843404547036954, -10.852898904320712 ], [ -165.843427580270856, -10.852909886758368 ], [ -165.843443385850037, -10.85291285702248 ], [ -165.843456322536809, -10.852914903352701 ], [ -165.843502410484888, -10.852914861811398 ], [ -165.843527255737939, -10.85291987563383 ], [ -165.843550333023444, -10.852909839174977 ], [ -165.843573360032792, -10.852900881679339 ], [ -165.843593503803618, -10.852896928696772 ], [ -165.843618373635195, -10.852889906073033 ], [ -165.843639611199109, -10.852887904694812 ], [ -165.843650363355124, -10.852882904032803 ], [ -165.843669452369397, -10.852891818878073 ], [ -165.843703274674027, -10.852892859698509 ], [ -165.843723478998271, -10.85289483347921 ], [ -165.843742532081336, -10.852898898838149 ], [ -165.843760517010395, -10.852898856335997 ], [ -165.843776359499969, -10.852896885653992 ], [ -165.843790391975233, -10.852887859623916 ], [ -165.84382246687278, -10.852887861627636 ], [ -165.843837588024712, -10.852883841197016 ], [ -165.843856268585427, -10.85287489096623 ], [ -165.843865257926154, -10.852864899759068 ], [ -165.84387819659824, -10.85285392212257 ], [ -165.843892263930769, -10.852839865390704 ], [ -165.843904479270549, -10.852839861956253 ], [ -165.843915328895861, -10.852835847131017 ], [ -165.843929363413736, -10.85282691087296 ], [ -165.843947338039499, -10.852819862631318 ], [ -165.843965342410911, -10.85281083768434 ], [ -165.843979411788609, -10.852796870726307 ], [ -165.843993436008986, -10.852780928737133 ], [ -165.844008517109074, -10.852771879277054 ], [ -165.844022232493643, -10.852758818427665 ], [ -165.844036256710041, -10.852742876438956 ], [ -165.844054278534202, -10.85273789300077 ], [ -165.844065422585487, -10.852723811756718 ], [ -165.84407548518513, -10.852714874412632 ], [ -165.844097453208207, -10.852698934594233 ], [ -165.844109306306763, -10.852692921308588 ], [ -165.844122267538012, -10.852682931187012 ], [ -165.844134519717329, -10.852664873107999 ], [ -165.844147473778264, -10.852657847206 ], [ -165.844159401776352, -10.852651832246613 ], [ -165.844177350739074, -10.852646940253194 ], [ -165.844191393478695, -10.85264491994662 ], [ -165.844207270800297, -10.852637918555054 ], [ -165.844239241839176, -10.852603881084892 ], [ -165.844255448513763, -10.852594896295564 ], [ -165.844271296083946, -10.852589871606749 ], [ -165.844284252188373, -10.852582935476928 ], [ -165.844312327356988, -10.852571889132003 ], [ -165.844328187273334, -10.852573959941282 ], [ -165.844344374493517, -10.852573957578539 ], [ -165.844357351119953, -10.852567919187877 ], [ -165.844369226782163, -10.852562893413261 ], [ -165.844411764516053, -10.852585115696845 ] ] ] ] } },
{ "type": "Feature", "properties": { "eaid": "4201", "ea_name": "numahanga", "cdid": "42", "gid": "3" }, "geometry": { "type": "MultiPolygon", "coordinates": [ [ [ [ -161.098161978410474, -10.036275365085327 ], [ -161.098058668563453, -10.035936031366347 ], [ -161.097889327174727, -10.035379808273074 ], [ -161.097724953368669, -10.033618274679924 ], [ -161.0968909300002, -10.031785063697351 ], [ -161.096596624685162, -10.030538885821656 ], [ -161.096353202243762, -10.029508157827479 ], [ -161.096330153048427, -10.029502158307674 ], [ -161.096308163558234, -10.029497236529817 ], [ -161.096289488460741, -10.029493197508403 ], [ -161.096274328349381, -10.029486154068808 ], [ -161.096256324195707, -10.029481207106587 ], [ -161.096230443164643, -10.029479201749197 ], [ -161.096181431353159, -10.029470203304509 ], [ -161.09615838855413, -10.029465197800677 ], [ -161.096119184640258, -10.029461198097943 ], [ -161.096096141841969, -10.029456192589457 ], [ -161.096067302054678, -10.029450139263087 ], [ -161.096044259838408, -10.029445224116969 ], [ -161.09601732607797, -10.029443225392766 ], [ -161.095992478019753, -10.02943814091125 ], [ -161.095965437103359, -10.029431172511423 ], [ -161.095948191296401, -10.029427214809841 ], [ -161.095924415726898, -10.029425196126518 ], [ -161.095893464090381, -10.029418162055091 ], [ -161.095866423176147, -10.029411193646402 ], [ -161.095848450406578, -10.029411126440285 ], [ -161.095821442033014, -10.029409218540666 ], [ -161.095795152489018, -10.029402155009427 ], [ -161.095777148342137, -10.029397208018718 ], [ -161.095750201218834, -10.029393130846595 ], [ -161.095712381274268, -10.02938216386236 ], [ -161.095705730170579, -10.029380146339653 ], [ -161.095689325699567, -10.0293751702643 ], [ -161.09566342549769, -10.029370182771837 ], [ -161.095644355259708, -10.029363163997356 ], [ -161.095621318860253, -10.029359152482446 ], [ -161.095585266752323, -10.029354138735169 ], [ -161.095547158815918, -10.029345161688838 ], [ -161.095525188510294, -10.029343221943089 ], [ -161.095487380774529, -10.029334152623239 ], [ -161.095464325205, -10.029327159007854 ], [ -161.095443469463106, -10.029323133707123 ], [ -161.095407430138891, -10.029320107998377 ], [ -161.09538439432302, -10.029316186832085 ], [ -161.095363156216479, -10.029311169870779 ], [ -161.09533040630248, -10.029305141169081 ], [ -161.095257313845423, -10.029305150914485 ], [ -161.095236464494775, -10.02930211962965 ], [ -161.095216286090391, -10.029298180406299 ], [ -161.095192190574835, -10.029293181477751 ], [ -161.095168427788138, -10.029293150796811 ], [ -161.095151119574211, -10.02929118158468 ], [ -161.095128409517372, -10.029291144253063 ], [ -161.095113281958845, -10.029289161268665 ], [ -161.095087381763562, -10.029284173728012 ], [ -161.094958115713979, -10.029284086264829 ], [ -161.094930400113753, -10.029289141246855 ], [ -161.094906274707, -10.029291191347237 ], [ -161.094875311778964, -10.029294097948039 ], [ -161.094853354249125, -10.029294146216202 ], [ -161.094829303454532, -10.029296105470017 ], [ -161.094802258215879, -10.029300162139029 ], [ -161.094755140547022, -10.029305068496127 ], [ -161.094713330362566, -10.029305061356222 ], [ -161.094690333456384, -10.029307194686638 ], [ -161.094672304649151, -10.02931010998053 ], [ -161.094642421157317, -10.029317166767306 ], [ -161.094592414127277, -10.029317120991159 ], [ -161.094560330230792, -10.029321119080894 ], [ -161.094539094164702, -10.029328121267451 ], [ -161.094507448660437, -10.029330128443798 ], [ -161.094478290979623, -10.029333113982664 ], [ -161.09446026913497, -10.029337113662315 ], [ -161.094439364327343, -10.029337155258032 ], [ -161.094367382038911, -10.029346104435643 ], [ -161.094340368718633, -10.029355131220457 ], [ -161.094318442532341, -10.029360059239197 ], [ -161.094300427650211, -10.029365143307572 ], [ -161.094280286982865, -10.029367077841387 ], [ -161.094253260883193, -10.029374116559245 ], [ -161.094232400778679, -10.029381116354951 ], [ -161.094202134320057, -10.02938709108167 ], [ -161.094183429323522, -10.029390100988802 ], [ -161.09415531797319, -10.029392085825759 ], [ -161.094134049955784, -10.029394117836897 ], [ -161.09411607977276, -10.029406160109279 ], [ -161.09409627181239, -10.029413062886469 ], [ -161.094078312957322, -10.029415164378051 ], [ -161.094046211316851, -10.029428109170176 ], [ -161.094031085188817, -10.029438054976868 ], [ -161.094019274611355, -10.029449064297971 ], [ -161.094003422655788, -10.029463081338097 ], [ -161.093989368995409, -10.029476092957188 ], [ -161.09397636167941, -10.029488103901187 ], [ -161.093950144984717, -10.029504084126643 ], [ -161.093930318435667, -10.029508095170563 ], [ -161.09388133417275, -10.029515091704107 ], [ -161.093862278730171, -10.02952208009042 ], [ -161.093841373322249, -10.029522031284429 ], [ -161.093823414456864, -10.029524132763752 ], [ -161.093797107769888, -10.029526106183861 ], [ -161.093761087557766, -10.029526062389596 ], [ -161.093742425811996, -10.029524101646411 ], [ -161.09372727211553, -10.029518052110118 ], [ -161.093701313851511, -10.029504027817877 ], [ -161.093682244204587, -10.029497099290026 ], [ -161.0936653285153, -10.029486000144276 ], [ -161.09365530001412, -10.029470067921743 ], [ -161.093644080581811, -10.029456040985847 ], [ -161.093632204130216, -10.029445090778587 ], [ -161.093623240553484, -10.02943104960649 ], [ -161.093607378181645, -10.029420034180077 ], [ -161.093593377114274, -10.029406115164432 ], [ -161.093585064756809, -10.029388093597181 ], [ -161.093585099638148, -10.029370109727731 ], [ -161.093581086173259, -10.029354049175744 ], [ -161.093571370650722, -10.029340012746106 ], [ -161.093562394890967, -10.029324073876001 ], [ -161.093558055108616, -10.02930403909806 ], [ -161.093558089992371, -10.029286055228232 ], [ -161.093556257768654, -10.02927007128193 ], [ -161.093561324338822, -10.029251061591216 ], [ -161.093561284027885, -10.02923307819583 ], [ -161.093562371062887, -10.029214997316849 ], [ -161.093567055852816, -10.029195086334234 ], [ -161.093570317740443, -10.029176088031072 ], [ -161.093565313975375, -10.029158045584685 ], [ -161.093557378184158, -10.029140112008941 ], [ -161.09354833942632, -10.029126071306708 ], [ -161.093535377757405, -10.02911006721467 ], [ -161.0935264205811, -10.029097020067814 ], [ -161.093512330988801, -10.029081023091331 ], [ -161.093497246707727, -10.02907406940046 ], [ -161.093481384358739, -10.029063053963387 ], [ -161.09346738273382, -10.029049044571511 ], [ -161.093449340311167, -10.029038133257844 ], [ -161.093437155557666, -10.029026010172881 ], [ -161.093428123773037, -10.029013053862938 ], [ -161.093414079458626, -10.029004105463322 ], [ -161.09340327930488, -10.028985105512351 ], [ -161.093391402299602, -10.028974064924588 ], [ -161.093382372915386, -10.028938064219448 ], [ -161.093390303870052, -10.02892012089929 ], [ -161.093394309341448, -10.028888104608832 ], [ -161.093394249311558, -10.028867048751939 ], [ -161.093395349707265, -10.028851046299792 ], [ -161.093403267892029, -10.028831114917946 ], [ -161.09341231142696, -10.028799066841312 ], [ -161.093421320643841, -10.028785093003052 ], [ -161.093432095654947, -10.028765053226529 ], [ -161.093450087968165, -10.028733039059444 ], [ -161.093459097182006, -10.0287190652208 ], [ -161.093468093046511, -10.028703012953832 ], [ -161.093481395336141, -10.028690096469624 ], [ -161.093486105086527, -10.028674071245179 ], [ -161.093491102848049, -10.028656056061273 ], [ -161.093491131358746, -10.028637078159152 ], [ -161.093485394815161, -10.028622022545425 ], [ -161.093477063339805, -10.028601018876728 ], [ -161.093476359054819, -10.028585027811358 ], [ -161.093458378507421, -10.028572037590045 ], [ -161.09343930834109, -10.028565018669287 ], [ -161.093426372820574, -10.028553081057044 ], [ -161.093413355141877, -10.028540059521095 ], [ -161.093398225622536, -10.028526057236895 ], [ -161.093385276757232, -10.028512041194023 ], [ -161.093368374480718, -10.028503020448468 ], [ -161.093356122103074, -10.028492072593803 ], [ -161.093344257887679, -10.028483020062046 ], [ -161.093332361755159, -10.028468997374761 ], [ -161.093315070740488, -10.028457990935637 ], [ -161.093292413368175, -10.02843102283919 ], [ -161.093279114650414, -10.028421075652899 ], [ -161.093268320913324, -10.028403069722444 ], [ -161.093255316013398, -10.028392036239779 ], [ -161.093241271732524, -10.028383087826144 ], [ -161.093224350316433, -10.028371084977794 ], [ -161.093214278020099, -10.028360032992893 ], [ -161.093202431560343, -10.02834203370009 ], [ -161.093191275202429, -10.02832610856607 ], [ -161.093184453456445, -10.028305999061894 ], [ -161.093175415323373, -10.028292048707366 ], [ -161.093166426274166, -10.028274031387124 ], [ -161.093157418077425, -10.028253031973087 ], [ -161.093153091112498, -10.028234985242946 ], [ -161.093147323260382, -10.028215049829242 ], [ -161.093143385036853, -10.028198988789324 ], [ -161.093140186577131, -10.028181025310136 ], [ -161.093130458931171, -10.028165091159867 ], [ -161.093117134118501, -10.028151077472641 ], [ -161.093106290737012, -10.028137048131969 ], [ -161.093093374394073, -10.028128092594036 ], [ -161.093075376134777, -10.028124049098356 ], [ -161.093031460602475, -10.028124054996397 ], [ -161.093011244792024, -10.028125989913539 ], [ -161.092990397483646, -10.028134977683258 ], [ -161.092972408158687, -10.028144037795247 ], [ -161.092958328385123, -10.028152982876898 ], [ -161.092946073594334, -10.028165079401933 ], [ -161.092937076550101, -10.028180950924483 ], [ -161.092928136713994, -10.028194020611803 ], [ -161.092927412264913, -10.02821002069574 ], [ -161.092927402394963, -10.028267044315376 ], [ -161.092922344143034, -10.028299067249122 ], [ -161.092918385733611, -10.02831499736102 ], [ -161.092913312745026, -10.028333013016308 ], [ -161.092909354915292, -10.028349033494743 ], [ -161.09289930571731, -10.028365002024014 ], [ -161.092890296482977, -10.028378975850602 ], [ -161.092886338651965, -10.028394996329048 ], [ -161.092877323614488, -10.028408066490753 ], [ -161.092869411782004, -10.028428991896222 ], [ -161.09286329882525, -10.028449002254096 ], [ -161.092855400915937, -10.028472096455172 ], [ -161.092854300490785, -10.028488098910952 ], [ -161.092846382273734, -10.028508030285197 ], [ -161.092845294612516, -10.02852602080366 ], [ -161.092845266643138, -10.028545089079934 ], [ -161.092842436733861, -10.028561102444314 ], [ -161.092842392399689, -10.028601046326491 ], [ -161.092845277308243, -10.028617023645186 ], [ -161.092851396181487, -10.028633070935859 ], [ -161.092856085770563, -10.028649036871338 ], [ -161.092859346655644, -10.02866501181817 ], [ -161.092863284876216, -10.028681072862746 ], [ -161.092865054627055, -10.028699045357811 ], [ -161.092868285574838, -10.028722069364051 ], [ -161.092869378571606, -10.028740046127645 ], [ -161.092869419418832, -10.028758119897853 ], [ -161.092865099768602, -10.028788059660496 ], [ -161.092847089635058, -10.028829020563865 ], [ -161.092841296601449, -10.028852011119348 ], [ -161.092833366194924, -10.028870044798735 ], [ -161.092827253233139, -10.028890055157575 ], [ -161.092819384675551, -10.028906009933573 ], [ -161.092792330932753, -10.028979018909403 ], [ -161.092782251775873, -10.029002036499637 ], [ -161.09277724062693, -10.029017973252424 ], [ -161.092773233702758, -10.029038060697712 ], [ -161.092770347742146, -10.029057056630869 ], [ -161.092770388007381, -10.029075040035377 ], [ -161.092768234850809, -10.029091049131692 ], [ -161.092768243086738, -10.029186028099961 ], [ -161.092770388816461, -10.029203998224054 ], [ -161.092770360270578, -10.029222976134029 ], [ -161.092773228594012, -10.029248080941409 ], [ -161.092774302446259, -10.029263075611551 ], [ -161.092775037223987, -10.029272107991078 ], [ -161.092778272007934, -10.029284016446034 ], [ -161.092779365588285, -10.029302083576439 ], [ -161.092779340992564, -10.029345099918913 ], [ -161.092778284666423, -10.029367970227623 ], [ -161.092773226984775, -10.029400083530026 ], [ -161.092765295986851, -10.029418026844203 ], [ -161.092760285415011, -10.029434053964321 ], [ -161.092747335486706, -10.029455011150777 ], [ -161.092729311159417, -10.029482055143921 ], [ -161.092702312492946, -10.029505089086172 ], [ -161.092684302781777, -10.029510986371786 ], [ -161.092669220460294, -10.029516051860915 ], [ -161.092649023704922, -10.029520968867873 ], [ -161.092634310975996, -10.029525037952798 ], [ -161.092612353399574, -10.029525086075736 ], [ -161.092586046685369, -10.029527059401264 ], [ -161.092548228143301, -10.029528020889106 ], [ -161.092527379348098, -10.029525079798173 ], [ -161.092507225874812, -10.029525026165489 ], [ -161.092483074872632, -10.029523099970227 ], [ -161.092460018730122, -10.029516015769088 ], [ -161.09244128178247, -10.029514055425157 ], [ -161.092419366911969, -10.029509042536846 ], [ -161.092404239334087, -10.029507059427562 ], [ -161.092382236506296, -10.029500058947724 ], [ -161.092360328018174, -10.029496040086702 ], [ -161.092329389145135, -10.029490993731418 ], [ -161.092309161056448, -10.029491030926961 ], [ -161.09229334396008, -10.029487064016967 ], [ -161.092276035141907, -10.029485004286807 ], [ -161.092252302827092, -10.029478014704017 ], [ -161.0922242091915, -10.029471052622144 ], [ -161.092197200193112, -10.029469054057445 ], [ -161.092180336165967, -10.029465997445238 ], [ -161.092158378007213, -10.029465955170773 ], [ -161.092135329412116, -10.029460045709516 ], [ -161.092120194875037, -10.02945697818822 ], [ -161.092099294459388, -10.029445994448341 ], [ -161.09208127698389, -10.029438968816045 ], [ -161.09204923492058, -10.029426067183234 ], [ -161.092032332614338, -10.029417046372131 ], [ -161.092018281346157, -10.029407013511037 ], [ -161.092000288028345, -10.029392035145055 ], [ -161.091985157929315, -10.029377942426233 ], [ -161.091969371374802, -10.029367016802038 ], [ -161.091952061197816, -10.029353028197237 ], [ -161.091925041941153, -10.029325997130673 ], [ -161.091897372031269, -10.029303036821899 ], [ -161.091865340225155, -10.029280013641037 ], [ -161.091843385155812, -10.029257017294789 ], [ -161.091823191475669, -10.029238980202084 ], [ -161.091811302322355, -10.029226041851592 ], [ -161.091772098956199, -10.029186977978025 ], [ -161.091757996671532, -10.029168992846463 ], [ -161.091740027540141, -10.029146061731257 ], [ -161.091730299335694, -10.029130037166192 ], [ -161.091717349919406, -10.029115930682414 ], [ -161.09170221462611, -10.029101024646462 ], [ -161.09168532375034, -10.029082063017984 ], [ -161.091675250889722, -10.029070920614087 ], [ -161.091658317296123, -10.029057019984316 ], [ -161.091645387602199, -10.029045985959103 ], [ -161.091631310846026, -10.029031976947548 ], [ -161.09161831929606, -10.029023021825575 ], [ -161.091607181530435, -10.02900998835754 ], [ -161.09159207756008, -10.028999962108246 ], [ -161.091568305089481, -10.028974989047986 ], [ -161.091551026841927, -10.028965970574754 ], [ -161.091536249748998, -10.028960008921121 ], [ -161.09151827561189, -10.028948012615489 ], [ -161.091496304722597, -10.028945982225819 ], [ -161.091477235131521, -10.028939053554753 ], [ -161.091457055589132, -10.028934933355615 ], [ -161.091439038150895, -10.028927907679682 ], [ -161.091416027866615, -10.028927962351002 ], [ -161.091397316459449, -10.028929978068684 ], [ -161.091379318155816, -10.028925934485816 ], [ -161.0913382598834, -10.02892592217067 ], [ -161.091321370953466, -10.028918979744896 ], [ -161.091303366272882, -10.028913942125339 ], [ -161.091285337998158, -10.028916947603381 ], [ -161.091267365785313, -10.028916970509751 ], [ -161.091249374439855, -10.028914011318225 ], [ -161.091230248210536, -10.028909974835791 ], [ -161.091214061548214, -10.028907004267776 ], [ -161.091199283881508, -10.028900952230735 ], [ -161.091180200961787, -10.0288919451095 ], [ -161.091162226838065, -10.028879948781102 ], [ -161.091144196651868, -10.028870935022482 ], [ -161.091126198931676, -10.028866981791147 ], [ -161.091109296673466, -10.028857960921648 ], [ -161.091094179967882, -10.028845946580265 ], [ -161.091073292370766, -10.028836950825212 ], [ -161.091056027473144, -10.028830010753257 ], [ -161.091041292543082, -10.028818897705195 ], [ -161.091028288260816, -10.028807954490102 ], [ -161.091014237044959, -10.028797921574515 ], [ -161.090997335372435, -10.028788991064493 ], [ -161.090970374204005, -10.028770996552685 ], [ -161.090955201441318, -10.028761964774418 ], [ -161.09093833165403, -10.028758004423196 ], [ -161.090923214378847, -10.028745899705157 ], [ -161.090908042198009, -10.028736958290786 ], [ -161.090889335268855, -10.028727948779888 ], [ -161.090870295679196, -10.028713971000322 ], [ -161.090843259327642, -10.028695976949267 ], [ -161.090825241910068, -10.028688951234523 ], [ -161.090811197660173, -10.028680002707135 ], [ -161.090794327297999, -10.028675951980741 ], [ -161.090776323213504, -10.028671004694727 ], [ -161.090761182338781, -10.02866694306862 ], [ -161.090743209554233, -10.028666875577143 ], [ -161.090723037564516, -10.028663930093813 ], [ -161.090686341203053, -10.028663980576921 ], [ -161.090669002436016, -10.028668969821037 ], [ -161.090646367554797, -10.028668931699672 ], [ -161.090627280172953, -10.028670949740839 ], [ -161.090608211337297, -10.028675859512504 ], [ -161.090590177265312, -10.028677961285316 ], [ -161.090572205057867, -10.02867798415131 ], [ -161.090556370189091, -10.028682963914523 ], [ -161.090515311926367, -10.02868295149125 ], [ -161.090493366547975, -10.02868489716135 ], [ -161.090478189887364, -10.02868698092554 ], [ -161.090460236223493, -10.028689895517379 ], [ -161.090442246772398, -10.028698955512272 ], [ -161.090424224286807, -10.028702864608965 ], [ -161.090403308599065, -10.02871293711088 ], [ -161.09038602589311, -10.028714943769268 ], [ -161.090371269827841, -10.028723983390377 ], [ -161.090353999290528, -10.028727887746367 ], [ -161.090339262926875, -10.028739999831664 ], [ -161.090323064243421, -10.028746879652836 ], [ -161.090304310083866, -10.028753956313016 ], [ -161.090289177458914, -10.028762907933242 ], [ -161.09027229680126, -10.028768978716146 ], [ -161.090259351207749, -10.028778910630605 ], [ -161.090241342621368, -10.028784988517836 ], [ -161.090226196664787, -10.028791861703269 ], [ -161.090209309629614, -10.028796938450535 ], [ -161.09019413238002, -10.028798931836478 ], [ -161.090173302166534, -10.028798882315964 ], [ -161.090141225130822, -10.028803964378401 ], [ -161.090101294769454, -10.02880394480168 ], [ -161.09008326460534, -10.028794930978506 ], [ -161.090068180379831, -10.028787977114 ], [ -161.090055188291956, -10.028778931553335 ], [ -161.090038286057251, -10.028769910622231 ], [ -161.09001702250518, -10.028760917161971 ], [ -161.089999017839403, -10.028755879465676 ], [ -161.089984973601787, -10.028746930899315 ], [ -161.089970239282252, -10.028735908162073 ], [ -161.089953305184451, -10.028721917060015 ], [ -161.089939999574568, -10.028710885321891 ], [ -161.089921273542672, -10.028698893651148 ], [ -161.08989431242415, -10.028680899038195 ], [ -161.089881308177638, -10.028669955769095 ], [ -161.08986402997661, -10.028660937195038 ], [ -161.089846055321772, -10.028648850416074 ], [ -161.089831985600284, -10.028635925708519 ], [ -161.089814011527181, -10.028623929293937 ], [ -161.089786987970399, -10.028607923209822 ], [ -161.089763273001125, -10.028591896285134 ], [ -161.089745242855543, -10.028582882439203 ], [ -161.089728353382725, -10.028575849555001 ], [ -161.089710342935774, -10.028569908173337 ], [ -161.089696298712624, -10.028560959591429 ], [ -161.089681168737684, -10.028546866738772 ], [ -161.089666071784677, -10.028537924785118 ], [ -161.089633996844753, -10.028519871980793 ], [ -161.089611304609235, -10.028510887486361 ], [ -161.089596188542828, -10.028498963428653 ], [ -161.08957528824763, -10.028487979499367 ], [ -161.089557313611209, -10.028475892700531 ], [ -161.089539358671175, -10.028466878367354 ], [ -161.089519147879145, -10.028457878238802 ], [ -161.089503298403514, -10.028448850644535 ], [ -161.08948603296551, -10.028441820113082 ], [ -161.089475209398273, -10.028430863091204 ], [ -161.089458307193581, -10.028421842123462 ], [ -161.089448216463751, -10.028407898264838 ], [ -161.08942702814096, -10.028398904284963 ], [ -161.089412231980617, -10.028389960422869 ], [ -161.089393149121946, -10.028380953182435 ], [ -161.089377312395641, -10.028373913647695 ], [ -161.089359295012486, -10.028366887843141 ], [ -161.08934134008237, -10.028357873496869 ], [ -161.08930931035141, -10.028346869255381 ], [ -161.08928625490023, -10.028339875168864 ], [ -161.089265004131647, -10.028332869717476 ], [ -161.089245231781263, -10.028321878660917 ], [ -161.089227227723654, -10.028316931281941 ], [ -161.089186161268543, -10.028303905407123 ], [ -161.089168131150046, -10.028294891523201 ], [ -161.089147243619607, -10.028285895628576 ], [ -161.089129269586095, -10.028273899167631 ], [ -161.089106201400597, -10.028264916999344 ], [ -161.089080324937498, -10.028251885844053 ], [ -161.089053326920549, -10.028239855821194 ], [ -161.089035309548763, -10.028232829996067 ], [ -161.088994273711648, -10.028212845383869 ], [ -161.088976996131606, -10.028203917120177 ], [ -161.088958978762776, -10.028196891290136 ], [ -161.088941023849657, -10.02818787691797 ], [ -161.088926253188703, -10.028182909164737 ], [ -161.088908223081887, -10.0281738952638 ], [ -161.088889152984706, -10.028166876056567 ], [ -161.088873348703544, -10.028164897029363 ], [ -161.08885604449145, -10.028151811889233 ], [ -161.088835125706424, -10.028137936168591 ], [ -161.088814268220887, -10.028121891171667 ], [ -161.088787244743202, -10.02810588498723 ], [ -161.088765291762058, -10.028094907622824 ], [ -161.088751979843209, -10.028082881789341 ], [ -161.08872429872352, -10.028069861960358 ], [ -161.088711306694819, -10.028060816333308 ], [ -161.08868506123207, -10.028048871907851 ], [ -161.08866124111924, -10.028039894435967 ], [ -161.088643298958516, -10.02803286811219 ], [ -161.088629241464702, -10.028021841039408 ], [ -161.088603288608368, -10.027996881430482 ], [ -161.08858998306772, -10.027985849622478 ], [ -161.088579227790177, -10.027973807687808 ], [ -161.088552166121985, -10.02795183727482 ], [ -161.08854320279039, -10.027937795911521 ], [ -161.088529131339101, -10.027912851882379 ], [ -161.088511174644566, -10.027891818231961 ], [ -161.088502123963679, -10.027875879638586 ], [ -161.08848199298626, -10.027855853744647 ], [ -161.088469006115616, -10.027835873256175 ], [ -161.088454252776273, -10.027821868329834 ], [ -161.08842223861501, -10.027789807588114 ], [ -161.088409264487154, -10.027771815164314 ], [ -161.088396315833052, -10.027757798876436 ], [ -161.088385159702653, -10.027741873528516 ], [ -161.088367178775968, -10.0277287926132 ], [ -161.088355296169823, -10.02771684813291 ], [ -161.088340173233718, -10.027703839599674 ], [ -161.088298055702126, -10.027655846864736 ], [ -161.088287225830754, -10.027643895755949 ], [ -161.088278268887876, -10.027630848415493 ], [ -161.088255186233624, -10.027607858853784 ], [ -161.088243352782257, -10.027591847390571 ], [ -161.088232153307843, -10.027580892679397 ], [ -161.088219191355591, -10.027564797945997 ], [ -161.088210215894691, -10.027548858866469 ], [ -161.088198319987669, -10.027534835942536 ], [ -161.088184293154256, -10.027516850129659 ], [ -161.088169138398342, -10.027498871413503 ], [ -161.088157261596479, -10.027487830590394 ], [ -161.088130268824642, -10.027464865620921 ], [ -161.088112281555965, -10.027450790651995 ], [ -161.088094990722709, -10.027439783893337 ], [ -161.088084236061235, -10.027427832301647 ], [ -161.088058252667139, -10.027409831345299 ], [ -161.088040285083252, -10.027398828841273 ], [ -161.088009356145363, -10.027371821957336 ], [ -161.087992058952665, -10.027359821157239 ], [ -161.087977280189222, -10.027341840062892 ], [ -161.087963278842409, -10.02732783037427 ], [ -161.087941970279161, -10.027311788141274 ], [ -161.087922215924493, -10.027291850199896 ], [ -161.087895222605653, -10.027268794837584 ], [ -161.087878295609272, -10.027255887996262 ], [ -161.08783829759102, -10.027221798886631 ], [ -161.08782429625515, -10.027207789189804 ], [ -161.087806999077287, -10.027195788376801 ], [ -161.087783271561733, -10.027177773199472 ], [ -161.087765229382313, -10.027166861515763 ], [ -161.087743256815799, -10.027152811592618 ], [ -161.087715180734705, -10.027136811915907 ], [ -161.087695064351607, -10.027130793279511 ], [ -161.087667349749097, -10.027100783907148 ], [ -161.087650058947077, -10.027089777118261 ], [ -161.087635995738935, -10.027077846319838 ], [ -161.08762122915968, -10.027061762905397 ], [ -161.087607172318911, -10.027050826140009 ], [ -161.087590257495634, -10.027039816981903 ], [ -161.087577341309782, -10.027030861188985 ], [ -161.087562237530022, -10.027020834711333 ], [ -161.087544194208078, -10.027009742278659 ], [ -161.087527260872577, -10.02699584137889 ], [ -161.087512150730845, -10.026984820863488 ], [ -161.087487325963821, -10.026959854036702 ], [ -161.087474000828621, -10.026945749695782 ], [ -161.087464305298226, -10.026934785488715 ], [ -161.087450248467718, -10.026923848714416 ], [ -161.08743624658203, -10.026909748628187 ], [ -161.087427183255869, -10.026891821918735 ], [ -161.087414221371318, -10.026875727139657 ], [ -161.087404193243685, -10.026859794647516 ], [ -161.087397310570992, -10.026841854220393 ], [ -161.087388321865575, -10.026823836669207 ], [ -161.087380078745241, -10.026804820353052 ], [ -161.087377181400711, -10.026786854857868 ], [ -161.087371062829817, -10.026770807402869 ], [ -161.087368182824378, -10.026743804753538 ], [ -161.087368198407603, -10.026722748341097 ], [ -161.087370352423676, -10.026706829593971 ], [ -161.087374316900394, -10.026691803163974 ], [ -161.087377203192915, -10.026672807215801 ], [ -161.087379331173224, -10.026652821962291 ], [ -161.087380043181184, -10.026634833764803 ], [ -161.087391201477203, -10.026615876158242 ], [ -161.08739516537409, -10.026600759361521 ], [ -161.087404218214971, -10.026581814997696 ], [ -161.087406371651184, -10.026565805883928 ], [ -161.087401323728727, -10.026540805020359 ], [ -161.087397373083263, -10.026522755779411 ], [ -161.087388309195632, -10.026504738699101 ], [ -161.087377152584452, -10.02648872293069 ], [ -161.087368189928696, -10.026474771882878 ], [ -161.087356287736412, -10.026459754877715 ], [ -161.087343382557719, -10.026440767880374 ], [ -161.087320274602092, -10.026413802081843 ], [ -161.087307375791454, -10.026395809117204 ], [ -161.087298324640813, -10.026379780102506 ], [ -161.087285063165382, -10.026363867937839 ], [ -161.08726234853728, -10.026327862613815 ], [ -161.087248314292424, -10.026308701970537 ], [ -161.087238198273184, -10.026290781870593 ], [ -161.087227060768441, -10.026277748199004 ], [ -161.087218084820535, -10.026261718707653 ], [ -161.087208357505119, -10.026245784311657 ], [ -161.087199368832387, -10.026227766749326 ], [ -161.087186032173946, -10.026211855051221 ], [ -161.087180289601832, -10.026195805223638 ], [ -161.087168005092963, -10.026179796537066 ], [ -161.087159016424806, -10.026161778972735 ], [ -161.087153273855307, -10.026145729144194 ], [ -161.087135290739582, -10.026108790345264 ], [ -161.087127354801169, -10.02609076615899 ], [ -161.087118366138469, -10.026072748592542 ], [ -161.087112247600061, -10.026056701126837 ], [ -161.087107182944408, -10.026040827774388 ], [ -161.087107233830949, -10.026001787413207 ], [ -161.087117256108314, -10.02596982361325 ], [ -161.087130260138991, -10.025933774391442 ], [ -161.087135270987091, -10.025917747308089 ], [ -161.087144267728149, -10.02590178552957 ], [ -161.087153251163983, -10.025883745313957 ], [ -161.087171319836841, -10.025851821283633 ], [ -161.087172345368288, -10.025835819262461 ], [ -161.087182066280235, -10.025803766987245 ], [ -161.087189307510329, -10.025783749577418 ], [ -161.087195070300425, -10.025767717765348 ], [ -161.087198263748007, -10.025749713960861 ], [ -161.087203350364604, -10.02573377677151 ], [ -161.087209101005783, -10.025715847256171 ], [ -161.087212307178874, -10.025699831521868 ], [ -161.08721810004144, -10.025676750624745 ], [ -161.087221368682435, -10.025658746347503 ], [ -161.087221328762752, -10.025640762876758 ], [ -161.087222053514949, -10.025624762747384 ], [ -161.087227107735686, -10.025603765016061 ], [ -161.087233193849443, -10.025567759299014 ], [ -161.087242206186204, -10.025530741104976 ], [ -161.087245091327901, -10.025499816263729 ], [ -161.087245080865614, -10.025380708061983 ], [ -161.087244377501776, -10.025364807283953 ], [ -161.087244395979496, -10.025273713742488 ], [ -161.08724226392215, -10.025257821948674 ], [ -161.087235380731215, -10.025239791141091 ], [ -161.087231067457083, -10.025223822693063 ], [ -161.087227129577315, -10.025207761513807 ], [ -161.087227089662434, -10.025189778042654 ], [ -161.087226435466619, -10.025169810284137 ], [ -161.087222046421601, -10.025153751941669 ], [ -161.087221385863899, -10.025132790147952 ], [ -161.087221345950212, -10.025114806676651 ], [ -161.087218084823235, -10.025098741241163 ], [ -161.087218132819743, -10.02494176744268 ], [ -161.08721636343742, -10.024923794846455 ], [ -161.087213076864145, -10.024903753269898 ], [ -161.087208443155191, -10.024884714239333 ], [ -161.087208403245086, -10.024866730767634 ], [ -161.087207297888909, -10.024846765845371 ], [ -161.087204112540775, -10.024830790302804 ], [ -161.087195109464716, -10.024798765399575 ], [ -161.087190407506, -10.024780811242936 ], [ -161.087180366170259, -10.024762800289768 ], [ -161.087175300387855, -10.024746746200179 ], [ -161.087166262030166, -10.024732705240108 ], [ -161.087154416033314, -10.024714705633183 ], [ -161.087148285386377, -10.024696760458633 ], [ -161.087136390225027, -10.02468282783088 ], [ -161.087127414341126, -10.024666798325843 ], [ -161.087116269968448, -10.02465268023523 ], [ -161.08709609476449, -10.024625695949622 ], [ -161.087086386605677, -10.024612743643111 ], [ -161.087077348256258, -10.024598702678986 ], [ -161.087065139600668, -10.024582783868007 ], [ -161.087055424504257, -10.024568747158 ], [ -161.087033068676106, -10.024541776577109 ], [ -161.087010437521513, -10.024518784026043 ], [ -161.086999224905185, -10.024505750804211 ], [ -161.086986277037511, -10.024491824787015 ], [ -161.086963287280298, -10.02445979743789 ], [ -161.086948157624875, -10.02444570439482 ], [ -161.086938449477856, -10.0244327520816 ], [ -161.086929411140574, -10.024418711110988 ], [ -161.086915366593701, -10.024409671990705 ], [ -161.086901309903254, -10.024398735165816 ], [ -161.086874342944583, -10.024379746161834 ], [ -161.086856332187239, -10.024373714199461 ], [ -161.086842287643947, -10.024364675075232 ], [ -161.086833325085308, -10.024350723994866 ], [ -161.086810292542708, -10.024323757646417 ], [ -161.086795163478314, -10.024309754960496 ], [ -161.086786125729134, -10.024295804350805 ], [ -161.086776417015017, -10.024282761663661 ], [ -161.086748339527816, -10.024254742577998 ], [ -161.086736074790025, -10.024241806327804 ], [ -161.086721321125623, -10.024227710906677 ], [ -161.086707326922152, -10.024214785526921 ], [ -161.086676348673507, -10.024191755045013 ], [ -161.086657248177545, -10.024191694372183 ], [ -161.086641407632214, -10.024195770249012 ], [ -161.086623435627644, -10.024195792851025 ], [ -161.086606144445909, -10.024184695600709 ], [ -161.086591347974121, -10.024175661189389 ], [ -161.086564387409595, -10.024157666188156 ], [ -161.086538116894303, -10.024141745368325 ], [ -161.086523345865942, -10.024136687095515 ], [ -161.08650644453752, -10.024127756280397 ], [ -161.08649128481909, -10.024120712297924 ], [ -161.086474352816708, -10.024118740202844 ], [ -161.086456410912149, -10.024111713705972 ], [ -161.08644127085239, -10.02410774219466 ], [ -161.086425385210219, -10.024104769444445 ], [ -161.086408126414796, -10.024098732726655 ], [ -161.08638944528883, -10.024093699023167 ], [ -161.086375414065259, -10.024086738312219 ], [ -161.086333278118531, -10.024082755727523 ], [ -161.086315286460632, -10.02407970583751 ], [ -161.086294369164847, -10.024077758780127 ], [ -161.0862544392877, -10.024077738622889 ], [ -161.086231366794806, -10.024079781409434 ], [ -161.086213394213956, -10.024079713621042 ], [ -161.08619613075399, -10.024084702124455 ], [ -161.086176304329911, -10.024088712658473 ], [ -161.086153238193475, -10.024091749475669 ], [ -161.086128435651631, -10.024093712757342 ], [ -161.086108239612798, -10.024098719686203 ], [ -161.086087347748872, -10.024100748759269 ], [ -161.086070064630775, -10.024102664782175 ], [ -161.086052092624897, -10.024102687352178 ], [ -161.086037311148289, -10.024107750621233 ], [ -161.08601936399748, -10.024111658966271 ], [ -161.086001299405552, -10.024120719168931 ], [ -161.08596927989197, -10.024134747072599 ], [ -161.085937210613679, -10.024152751590105 ], [ -161.085917102476657, -10.024159746108074 ], [ -161.085904088611471, -10.024170762720287 ], [ -161.085886117702643, -10.024182714186521 ], [ -161.085872050537375, -10.024193647046001 ], [ -161.085858422398815, -10.024202679364963 ], [ -161.085845114110555, -10.024214691901614 ], [ -161.085822412313945, -10.02422766716855 ], [ -161.085802211578851, -10.024243699317273 ], [ -161.085789260184725, -10.024252727381796 ], [ -161.085769108631553, -10.024264692545453 ], [ -161.085737039326887, -10.024282697048305 ], [ -161.085724119717412, -10.024296695291405 ], [ -161.085709376370232, -10.024307722765174 ], [ -161.08569529647778, -10.024316667547165 ], [ -161.085678372493049, -10.024327708721476 ], [ -161.085664367793015, -10.024336653030019 ], [ -161.085642424857923, -10.024350707966168 ], [ -161.08561031212875, -10.024373683113033 ], [ -161.085597373437992, -10.024384699244473 ], [ -161.085580079831431, -10.024396736813513 ], [ -161.085553123717204, -10.02441470917687 ], [ -161.085534351648619, -10.02443073233778 ], [ -161.085521036403094, -10.024441660462411 ], [ -161.08550629939873, -10.024453681966005 ], [ -161.085457318770324, -10.024484715688519 ], [ -161.08543318188606, -10.024496705875261 ], [ -161.085415191868634, -10.024505675214057 ], [ -161.085394314344484, -10.024521711596913 ], [ -161.085373116392532, -10.024534677392667 ], [ -161.085350032799994, -10.02454675132798 ], [ -161.085336404051901, -10.024555693264295 ], [ -161.08532127199291, -10.024564735015007 ], [ -161.085300381168821, -10.024578692953975 ], [ -161.085280223217325, -10.024589664059079 ], [ -161.085264338632896, -10.024598620164721 ], [ -161.085246368250921, -10.024610661972449 ], [ -161.085232364102609, -10.024619696634408 ], [ -161.085214298876906, -10.024628666437108 ], [ -161.085197048653953, -10.024635733337092 ], [ -161.085182291980828, -10.024644682354163 ], [ -161.085159276631941, -10.024655671403389 ], [ -161.085138354013196, -10.024664659152457 ], [ -161.085120351841709, -10.024671730772738 ], [ -161.085102361803479, -10.024680700098157 ], [ -161.08506635629999, -10.024694662600734 ], [ -161.085047313536307, -10.024703638536515 ], [ -161.085029311359875, -10.024710710152661 ], [ -161.085008012760312, -10.024719700256588 ], [ -161.08499324394333, -10.024726751560927 ], [ -161.084974168818974, -10.02473066694361 ], [ -161.084958347278018, -10.024737724859124 ], [ -161.084932059839645, -10.024742679618765 ], [ -161.084914069790614, -10.024751648935785 ], [ -161.084896047963298, -10.024755648069075 ], [ -161.084881341047236, -10.024760620456748 ], [ -161.084855066893027, -10.02476765365107 ], [ -161.084840279003515, -10.024771722839821 ], [ -161.084823328383919, -10.024778607100354 ], [ -161.084805313485987, -10.024783690632846 ], [ -161.084790211528741, -10.024785683268492 ], [ -161.084769351371733, -10.024792682452343 ], [ -161.084728318871868, -10.024796645360011 ], [ -161.084707070029822, -10.024801658828295 ], [ -161.084688315314651, -10.024808644784153 ], [ -161.084673213354506, -10.02481063741484 ], [ -161.084652334127782, -10.024814654481927 ], [ -161.084632150714697, -10.024821649407828 ], [ -161.08461631644974, -10.024826719235879 ], [ -161.084596188587852, -10.024830641210325 ], [ -161.084571343112998, -10.024837665411949 ], [ -161.08455406050922, -10.024839671732451 ], [ -161.084535305786943, -10.024846657680763 ], [ -161.084517352785838, -10.0248496622864 ], [ -161.084499343652595, -10.024855649473844 ], [ -161.084476290132187, -10.024860674262124 ], [ -161.084449263432219, -10.024867621782819 ], [ -161.084431260650177, -10.024874603003894 ], [ -161.084392065143419, -10.024883615091408 ], [ -161.084369024325753, -10.024890627946773 ], [ -161.084351002478286, -10.024894627053307 ], [ -161.084319313710239, -10.024901603840233 ], [ -161.084299143565914, -10.024910677189277 ], [ -161.084278283384521, -10.02491767634595 ], [ -161.084251257250145, -10.024924714219281 ], [ -161.084230033800679, -10.024933703808157 ], [ -161.084212073857657, -10.024935623994768 ], [ -161.0841890330301, -10.024942636839118 ], [ -161.084166336407321, -10.024944677136135 ], [ -161.084148307621348, -10.024947591828678 ], [ -161.084128193602453, -10.024953682585501 ], [ -161.084092156242065, -10.024962674811178 ], [ -161.08407632080187, -10.024967563882463 ], [ -161.084054000725388, -10.024969692178637 ], [ -161.084035258685532, -10.024978666176528 ], [ -161.084003212982537, -10.024988627408266 ], [ -161.083981293709655, -10.024994639120965 ], [ -161.083963265494845, -10.024997644171366 ], [ -161.083927283680765, -10.025003563430316 ], [ -161.083901009471901, -10.025010596557065 ], [ -161.08388621519876, -10.02501367167061 ], [ -161.083868268528079, -10.025017670281368 ], [ -161.083851286103879, -10.025019584312702 ], [ -161.083832231148023, -10.025026662481645 ], [ -161.083810255729531, -10.025035656768052 ], [ -161.08378616215677, -10.025042676196588 ], [ -161.083765301949853, -10.025049675324878 ], [ -161.083747236645905, -10.02505864506041 ], [ -161.083729277265434, -10.025060655589858 ], [ -161.083707308192658, -10.02507064390778 ], [ -161.08369215699625, -10.025076703485873 ], [ -161.083675268816563, -10.025081599148979 ], [ -161.083660136674467, -10.025090640837865 ], [ -161.083627001711307, -10.025106663709655 ], [ -161.083581334073358, -10.025126651189806 ], [ -161.083563995298135, -10.025131640047306 ], [ -161.083549225842376, -10.025138600930219 ], [ -161.083532000946917, -10.025149643905888 ], [ -161.083517244769865, -10.025158683229582 ], [ -161.083500294089959, -10.025165567432078 ], [ -161.083485161937944, -10.025174609114705 ], [ -161.083468261622869, -10.025177607061012 ], [ -161.083453109837848, -10.025183576262988 ], [ -161.083438052877966, -10.025192617471896 ], [ -161.08342325325728, -10.025206627451814 ], [ -161.083406002370936, -10.02521360390541 ], [ -161.083387950324578, -10.025224652067203 ], [ -161.083373180859638, -10.025231612943836 ], [ -161.083356263081697, -10.025243648062137 ], [ -161.083342258263627, -10.025252592292974 ], [ -161.083332190125532, -10.025265668865019 ], [ -161.083318129164013, -10.025277595679844 ], [ -161.083302257755861, -10.025288630151023 ], [ -161.083291123033234, -10.025299544520655 ], [ -161.083279213130197, -10.025318597116474 ], [ -161.083270272330481, -10.025331576240951 ], [ -161.08326699133832, -10.025347682814902 ], [ -161.083261998766176, -10.025366601622713 ], [ -161.083261211322679, -10.025384590330003 ], [ -161.083261226655793, -10.025457609741103 ], [ -161.08326194310726, -10.025475589008964 ], [ -161.083266256780774, -10.025491647914089 ], [ -161.083270206605818, -10.025509606886995 ], [ -161.083275961682148, -10.025527644899434 ], [ -161.083285012047753, -10.025543583702405 ], [ -161.083294000499137, -10.025561601419092 ], [ -161.083302311621765, -10.025579533016124 ], [ -161.083314145350414, -10.025595635088385 ], [ -161.083320282179074, -10.025614574409714 ], [ -161.08332925158129, -10.025629610011972 ], [ -161.083336121882837, -10.025645652867199 ], [ -161.083347278285885, -10.025661668818296 ], [ -161.083356253464871, -10.02567760808976 ], [ -161.083365241925065, -10.025695625802825 ], [ -161.083374292300931, -10.025711564601401 ], [ -161.083387209945357, -10.025732539881545 ], [ -161.083405236662799, -10.02576459868224 ], [ -161.083414225128735, -10.025782616392863 ], [ -161.083419980220469, -10.025800654399941 ], [ -161.083423240604617, -10.025816629541509 ], [ -161.083428300914932, -10.025843618605535 ], [ -161.083429023732435, -10.025862591908071 ], [ -161.083429001531442, -10.025882654335328 ], [ -161.083414918350798, -10.025914643585873 ], [ -161.083414192834795, -10.025930553377545 ], [ -161.083405948415134, -10.025946600738759 ], [ -161.083402002802615, -10.02596460926951 ], [ -161.083400162644807, -10.025982604583588 ], [ -161.0833969562768, -10.025998620319191 ], [ -161.083396976417191, -10.026060614470467 ], [ -161.083400162187985, -10.026076680450817 ], [ -161.083405239956534, -10.026094632338175 ], [ -161.083405956424485, -10.026112611603196 ], [ -161.083414205659182, -10.026132622106735 ], [ -161.083419239994242, -10.026155544652768 ], [ -161.083426080161985, -10.02617863660368 ], [ -161.083432198536372, -10.026194684173513 ], [ -161.083435082954594, -10.026210661673915 ], [ -161.083444115903177, -10.026235637642447 ], [ -161.083455254310195, -10.026260600393037 ], [ -161.083462074850473, -10.026280619862829 ], [ -161.083471082395675, -10.02630161968011 ], [ -161.083480115350767, -10.026326595646463 ], [ -161.08348623373189, -10.026342643214061 ], [ -161.083500229553522, -10.026367588023229 ], [ -161.083504242479364, -10.026383648807961 ], [ -161.08351718615333, -10.026408690591708 ], [ -161.083526187354664, -10.026428696368527 ], [ -161.083535146158084, -10.026465601724045 ], [ -161.083540946320397, -10.026490688353004 ], [ -161.083549240044306, -10.026517657110563 ], [ -161.083558185114356, -10.026540645469483 ], [ -161.083590948135907, -10.026654668282861 ], [ -161.083594221250621, -10.026672631493193 ], [ -161.083603209761407, -10.026690649190606 ], [ -161.083606106902636, -10.026708614761095 ], [ -161.083612181869512, -10.026729632981883 ], [ -161.083617272372265, -10.026749572935501 ], [ -161.083626260887172, -10.02676759063154 ], [ -161.083629145902961, -10.026783658493828 ], [ -161.083635220873646, -10.026804676713525 ], [ -161.083643156661566, -10.026822701018157 ], [ -161.083647106537711, -10.026840659977802 ], [ -161.083653224363729, -10.026856617171246 ], [ -161.083657914062769, -10.026872673701806 ], [ -161.083661174479602, -10.026888648835568 ], [ -161.083670182061383, -10.026909648640727 ], [ -161.08367587413278, -10.026929584814921 ], [ -161.083684907707323, -10.026954651135144 ], [ -161.083693915293196, -10.026975650938915 ], [ -161.083706162620416, -10.026997624477342 ], [ -161.083711184872016, -10.027018649303573 ], [ -161.083720160695407, -10.027034678919843 ], [ -161.083725915261823, -10.027052626545434 ], [ -161.083734916500674, -10.027072632309688 ], [ -161.083741053397659, -10.027091571611104 ], [ -161.083747184519638, -10.027109607242062 ], [ -161.083756173055065, -10.027127624930779 ], [ -161.083765211372537, -10.027141665998187 ], [ -161.083770213993603, -10.027159618343612 ], [ -161.083777084362737, -10.027175661177441 ], [ -161.083782100270184, -10.027195691963732 ], [ -161.083788218112574, -10.027211649151687 ], [ -161.083796160276421, -10.0272306674857 ], [ -161.083797252756682, -10.027248644382983 ], [ -161.08380517586113, -10.027264680605061 ], [ -161.083806255057283, -10.027280579060891 ], [ -161.083809077603746, -10.027298635464868 ], [ -161.08381090932923, -10.027314619565837 ], [ -161.083815235778928, -10.027332666526007 ], [ -161.083819902183706, -10.027368604737601 ], [ -161.08382421592745, -10.027384663623142 ], [ -161.083828153118503, -10.027400634502452 ], [ -161.083828136737736, -10.027421600593156 ], [ -161.083828929019631, -10.027439669745432 ], [ -161.083828877197675, -10.02747861981541 ], [ -161.083832137634687, -10.027494594944027 ], [ -161.083832115479055, -10.027514657364476 ], [ -161.083833195257455, -10.027530646186595 ], [ -161.083833172524749, -10.027550618239975 ], [ -161.083837889296206, -10.027582670196297 ], [ -161.083841093602757, -10.027601627907913 ], [ -161.083846911256416, -10.027617677348095 ], [ -161.083851895409737, -10.027632737945201 ], [ -161.083873182176319, -10.027680681446995 ], [ -161.083882170740253, -10.027698699127118 ], [ -161.08388791262567, -10.027714658670932 ], [ -161.083900140939534, -10.027733650081901 ], [ -161.08390912950685, -10.02775166776062 ], [ -161.083917078051229, -10.027771680124122 ], [ -161.083927138417181, -10.027792673301832 ], [ -161.083945164759712, -10.027824641668724 ], [ -161.083953100599729, -10.027842665956438 ], [ -161.083962063177836, -10.027856617117422 ], [ -161.083971107884366, -10.02787165220975 ], [ -161.083977226332479, -10.027887699756182 ], [ -161.083986220686654, -10.027906621100936 ], [ -161.083995948507862, -10.027922645978792 ], [ -161.084003145111097, -10.027942663060616 ], [ -161.084008887586464, -10.027958712967051 ], [ -161.084017876167934, -10.02797673064013 ], [ -161.084022941309968, -10.027992694429358 ], [ -161.08403516328957, -10.028010691794401 ], [ -161.084040905190562, -10.028026651332674 ], [ -161.084053159525382, -10.02804970924822 ], [ -161.08406108209104, -10.028065655089961 ], [ -161.084071123413139, -10.028083666148524 ], [ -161.084080173909882, -10.028099604905293 ], [ -161.084088034571266, -10.02811762965894 ], [ -161.084106043531818, -10.028158635180947 ], [ -161.084115032125908, -10.028176652849005 ], [ -161.084121225784713, -10.028192699917611 ], [ -161.084129105517405, -10.028213706779882 ], [ -161.084138080826335, -10.028229646005954 ], [ -161.084139913159959, -10.028245720466929 ], [ -161.084147083783108, -10.028261671027611 ], [ -161.084152851695734, -10.028281697076125 ], [ -161.084156124875079, -10.028299660269715 ], [ -161.084161886433833, -10.028318692280909 ], [ -161.084166200215748, -10.028334751155189 ], [ -161.084166146806979, -10.028361681933777 ], [ -161.084152877747954, -10.02843867067104 ], [ -161.084152165576882, -10.028456658896612 ], [ -161.084152149230874, -10.028477624981893 ], [ -161.084152879061037, -10.028497682674178 ], [ -161.084161122072629, -10.02851669909818 ], [ -161.084166187812826, -10.028532753248603 ], [ -161.084172995180893, -10.02855069424217 ], [ -161.084175879678725, -10.02856667172248 ], [ -161.084184204245275, -10.028586681709706 ], [ -161.084191018549575, -10.028605707106218 ], [ -161.084202872020512, -10.028636629770297 ], [ -161.08420899050131, -10.028652677306541 ], [ -161.084215108982818, -10.028668724842547 ], [ -161.084224159507983, -10.028684663590166 ], [ -161.084238200586981, -10.028716656957581 ], [ -161.084247176497342, -10.028732686543364 ], [ -161.084282052259766, -10.02880069727513 ], [ -161.084287869389328, -10.028816656330793 ], [ -161.084300110490545, -10.028837635786223 ], [ -161.084305113762582, -10.028855678477656 ], [ -161.084310178940257, -10.028871642256103 ], [ -161.084314838596015, -10.028894747859498 ], [ -161.084337907552197, -10.028962652006417 ], [ -161.084341105560497, -10.028980615666422 ], [ -161.08435512983786, -10.029021736559885 ], [ -161.084359098872739, -10.029042677605538 ], [ -161.084367034777159, -10.029060701871501 ], [ -161.084373148005227, -10.029087684276792 ], [ -161.084380000476301, -10.029112673884475 ], [ -161.084386088858253, -10.029135770509402 ], [ -161.084394025852902, -10.029165723686015 ], [ -161.084395125836778, -10.029196623520189 ], [ -161.084400161485263, -10.029219726757818 ], [ -161.084403047670918, -10.02924772351111 ], [ -161.08440809545732, -10.029272724454559 ], [ -161.08441199566326, -10.029294660007029 ], [ -161.084417080505801, -10.029313696257843 ], [ -161.084422109224448, -10.029335715090705 ], [ -161.084422813078078, -10.029351706264251 ], [ -161.084426030747977, -10.029372742398149 ], [ -161.084431095944467, -10.029388706171455 ], [ -161.084435059214343, -10.029408743544254 ], [ -161.084436860306766, -10.02943168635989 ], [ -161.084440810285912, -10.029449645292216 ], [ -161.084444071369262, -10.029465710769989 ], [ -161.084454152580292, -10.029501705300518 ], [ -161.08445487550901, -10.029520678583211 ], [ -161.084458136016536, -10.029536653693516 ], [ -161.084463139315488, -10.029554696377925 ], [ -161.084467129689642, -10.029590729173922 ], [ -161.084476119449562, -10.029620675729973 ], [ -161.084481122173742, -10.029638628046595 ], [ -161.084481883828005, -10.029663655915032 ], [ -161.084490165622952, -10.02968872690607 ], [ -161.084494102896087, -10.029704697763194 ], [ -161.084497000723786, -10.029722753674458 ], [ -161.08449913330287, -10.029738735870085 ], [ -161.084503089649957, -10.029757688836462 ], [ -161.0845059741863, -10.029773666307399 ], [ -161.084514970893537, -10.02980469726382 ], [ -161.084520005412486, -10.029827619761308 ], [ -161.084526136657331, -10.029845655355992 ], [ -161.084529021774387, -10.029861723193212 ], [ -161.084530058788459, -10.029882773024456 ], [ -161.084538008543291, -10.029914714263057 ], [ -161.084539051916551, -10.029936758130582 ], [ -161.084546994219693, -10.029955776421414 ], [ -161.084548838737788, -10.029973748578575 ], [ -161.084553151420437, -10.029989626704154 ], [ -161.08455777875804, -10.030007671746565 ], [ -161.084562092597878, -10.030023730605711 ], [ -161.08457002796959, -10.030041664491776 ], [ -161.084575815612425, -10.030064762995677 ], [ -161.08458477361404, -10.030089739360992 ], [ -161.084598858219948, -10.030116762036423 ], [ -161.084607101315754, -10.030135778434067 ], [ -161.084616841391124, -10.030153700978044 ], [ -161.084625872915524, -10.030166657591751 ], [ -161.084649991508456, -10.03019876833714 ], [ -161.084656108898685, -10.030214635119449 ], [ -161.084667955038384, -10.030232634797573 ], [ -161.084679144070833, -10.030253711203725 ], [ -161.084688145491867, -10.030273716908846 ], [ -161.084701815409232, -10.030294687353621 ], [ -161.084708986701173, -10.030310728252605 ], [ -161.084719090628568, -10.03032675072278 ], [ -161.084728787314191, -10.030349643915214 ], [ -161.084737802037125, -10.030371728057339 ], [ -161.084775925960656, -10.030453725703801 ], [ -161.084782089031506, -10.030476731469488 ], [ -161.084787863407001, -10.030497751524978 ], [ -161.084793976719766, -10.030524733907846 ], [ -161.084802917369217, -10.030558747426886 ], [ -161.084811925168395, -10.030579747161354 ], [ -161.084817003131434, -10.030597698992672 ], [ -161.084818083576948, -10.030613778163911 ], [ -161.084826006264564, -10.030629723964916 ], [ -161.084830992225733, -10.030656803801191 ], [ -161.084835017450189, -10.030674762247607 ], [ -161.084841073541043, -10.030692798301455 ], [ -161.08484576223313, -10.030708674054919 ], [ -161.084854797170067, -10.030745669206292 ], [ -161.084863033943776, -10.030763691554441 ], [ -161.084872037089042, -10.030795716523325 ], [ -161.084877072239834, -10.030818729372866 ], [ -161.084884994937056, -10.030834675170702 ], [ -161.084890054410835, -10.030849735257247 ], [ -161.084899062227066, -10.030870734986244 ], [ -161.084904849340688, -10.030893743108724 ], [ -161.084910962676929, -10.030920725485371 ], [ -161.084919952537007, -10.030950672011505 ], [ -161.084922837693796, -10.030966739838385 ], [ -161.084928918657994, -10.030988661666107 ], [ -161.084935082335136, -10.031011757790957 ], [ -161.084942987660583, -10.031036740750935 ], [ -161.084953048230375, -10.031057733859937 ], [ -161.084960984236744, -10.031075758093097 ], [ -161.084975025533112, -10.031107751389568 ], [ -161.084985062368787, -10.031136787625439 ], [ -161.084989074893031, -10.031152757994322 ], [ -161.084994066665956, -10.031180741492179 ], [ -161.084998756533338, -10.031196797973982 ], [ -161.085005997827039, -10.031223773256228 ], [ -161.085007767195577, -10.031241745875631 ], [ -161.085016068173417, -10.031269798943393 ], [ -161.085020026289044, -10.031300771165151 ], [ -161.085025035446478, -10.031319717496741 ], [ -161.085029025943214, -10.031355750265483 ], [ -161.085034737885252, -10.031378758854117 ], [ -161.085039803739306, -10.031394812970927 ], [ -161.085039768408649, -10.031412796932985 ], [ -161.085048094259179, -10.031444735775707 ], [ -161.085048768073051, -10.03146777603113 ], [ -161.085054881441181, -10.031494758399669 ], [ -161.085057089272368, -10.031510740109583 ], [ -161.085057053943956, -10.031528724071327 ], [ -161.085057757855367, -10.031544715234313 ], [ -161.085061050811817, -10.031565750874126 ], [ -161.085066040897658, -10.031581715095275 ], [ -161.08506677082994, -10.031601772769267 ], [ -161.085075795952292, -10.031660728008385 ], [ -161.08508191456022, -10.031676775505627 ], [ -161.085084091723189, -10.031699715939745 ], [ -161.085086976323765, -10.031715693394638 ], [ -161.085093090282044, -10.031742766127438 ], [ -161.085095918769497, -10.031761726162872 ], [ -161.085099924952374, -10.031776702491134 ], [ -161.085104934705413, -10.031795739185494 ], [ -161.085108907277402, -10.031840718746341 ], [ -161.085113942475488, -10.031863731584291 ], [ -161.085113926814614, -10.031884788020049 ], [ -161.085118992107084, -10.031900751765923 ], [ -161.085120054635553, -10.031925777727972 ], [ -161.085122964685212, -10.031945731325671 ], [ -161.085129039911465, -10.031966749472993 ], [ -161.085131949962545, -10.03198670307037 ], [ -161.085136973023111, -10.032007818201915 ], [ -161.085142740528511, -10.032027753836386 ], [ -161.08515174840781, -10.032048753547247 ], [ -161.08515998466595, -10.032066685509802 ], [ -161.085168986186858, -10.03208669118372 ], [ -161.08517480574136, -10.032114759838484 ], [ -161.085183794542871, -10.032132777439573 ], [ -161.085192018083433, -10.032148721328525 ], [ -161.085196031218345, -10.032164782056352 ], [ -161.085201786009549, -10.032182729616421 ], [ -161.085216880722214, -10.032214806635016 ], [ -161.085219026099651, -10.032232776885209 ], [ -161.085225878169524, -10.032257676077638 ], [ -161.085230926689036, -10.032282767349052 ], [ -161.085237057466372, -10.032300712543917 ], [ -161.085243852865887, -10.03231675577895 ], [ -161.085249990584657, -10.032335785376088 ], [ -161.085257938796332, -10.03235570729613 ], [ -161.085266947274192, -10.03237679736705 ], [ -161.085273058971609, -10.0323917604527 ], [ -161.085280925628922, -10.032410688808444 ], [ -161.085307936619046, -10.032471699843342 ], [ -161.085316983274964, -10.032498754126634 ], [ -161.085331024693318, -10.032530747385994 ], [ -161.085340019880647, -10.032549759014202 ], [ -161.085348991346251, -10.03257681376828 ], [ -161.085357992319956, -10.032596729064407 ], [ -161.085363734986487, -10.032612778913135 ], [ -161.08537493631826, -10.032635752972135 ], [ -161.085378873697977, -10.032651723800129 ], [ -161.085387894919251, -10.032674801935789 ], [ -161.085392880413309, -10.032701791377812 ], [ -161.085401944444868, -10.032719808493901 ], [ -161.085402968259217, -10.032738779867342 ], [ -161.085410918222721, -10.032770721048502 ], [ -161.085417030515742, -10.032785774495233 ], [ -161.085421719863774, -10.03280174059382 ], [ -161.085424950400636, -10.032824764765568 ], [ -161.08543395832919, -10.03284576445969 ], [ -161.08544867191506, -10.032888778685841 ], [ -161.08545698399351, -10.032906800526661 ], [ -161.085470993637841, -10.03293382359435 ], [ -161.085480740811789, -10.032952830486233 ], [ -161.085489729082781, -10.032970757703202 ], [ -161.085498730658514, -10.032990763358001 ], [ -161.085522831080425, -10.033031730402385 ], [ -161.085536909570749, -10.033057758956408 ], [ -161.085545866613046, -10.033070806359008 ], [ -161.085554930666603, -10.033088823466729 ], [ -161.085564959548265, -10.033104846355645 ], [ -161.085577907784796, -10.03311877236472 ], [ -161.085586971841877, -10.033136789470889 ], [ -161.085606702796866, -10.033164770626966 ], [ -161.085619013027383, -10.033184755469923 ], [ -161.085628709314591, -10.033195810068946 ], [ -161.085639865571011, -10.033211735494227 ], [ -161.085654965013589, -10.033232787241319 ], [ -161.085678043380653, -10.033266802164531 ], [ -161.085689920367855, -10.03327784304728 ], [ -161.085703953762248, -10.033296822973146 ], [ -161.085712923545799, -10.0333118584395 ], [ -161.085723014334263, -10.033325802409616 ], [ -161.085735949859952, -10.033337740338101 ], [ -161.0857449821155, -10.033350787259058 ], [ -161.085759717738938, -10.0333737390672 ], [ -161.085772002533474, -10.033389747758665 ], [ -161.08579504910665, -10.033418792491222 ], [ -161.085816986829343, -10.033450826421527 ], [ -161.08582885169244, -10.033471717757735 ], [ -161.085840009126599, -10.033487823905855 ], [ -161.085852940049534, -10.03351078705734 ], [ -161.085888960943237, -10.033557824279869 ], [ -161.085903696587906, -10.033580776077413 ], [ -161.08591598139833, -10.03359678476034 ], [ -161.085925677130376, -10.033607748979039 ], [ -161.08593969146159, -10.033623746782729 ], [ -161.085951964125343, -10.033637857759686 ], [ -161.085963885687107, -10.033655856875425 ], [ -161.085977912751446, -10.033673842747408 ], [ -161.085987941675199, -10.033689865615154 ], [ -161.085996979738127, -10.03370381619346 ], [ -161.086009928597377, -10.033717832543489 ], [ -161.086020032142187, -10.033733764569815 ], [ -161.086033670501536, -10.033749764732278 ], [ -161.086050943752781, -10.033769718331794 ], [ -161.086060659746636, -10.033783845384107 ], [ -161.086077933001491, -10.033803798981468 ], [ -161.086092022545756, -10.033819796302319 ], [ -161.086101737964441, -10.033833832985891 ], [ -161.086140934518966, -10.033871813142344 ], [ -161.086152830061621, -10.033885745739385 ], [ -161.086180934548594, -10.03391783121063 ], [ -161.086190988952353, -10.033937830209357 ], [ -161.086245732823187, -10.034019813338592 ], [ -161.086266967826646, -10.034047784970831 ], [ -161.086281008236512, -10.034067849259928 ], [ -161.086292903793037, -10.034081781849137 ], [ -161.086315894367829, -10.0341138091035 ], [ -161.086330686749477, -10.034133868658591 ], [ -161.086342883097018, -10.034147799352757 ], [ -161.08636095349641, -10.034174796809337 ], [ -161.086375702517699, -10.034199827009729 ], [ -161.086395852962823, -10.034222835076593 ], [ -161.086406996564648, -10.034236772390322 ], [ -161.086416692912508, -10.034247826953896 ], [ -161.086428965043666, -10.034261847536936 ], [ -161.086483680012009, -10.034315815942144 ], [ -161.086501680401852, -10.034331879001568 ], [ -161.086518990133271, -10.034345777514146 ], [ -161.086528686488265, -10.034356832072946 ], [ -161.086548824220841, -10.034377852056242 ], [ -161.086569017473579, -10.034395799092929 ], [ -161.086581934552413, -10.034404845234796 ], [ -161.0866049858586, -10.034422864656111 ], [ -161.086621920194716, -10.034436855893896 ], [ -161.086640972771562, -10.034452821952033 ], [ -161.08666874873694, -10.034468823488988 ], [ -161.08669495831009, -10.03448682302929 ], [ -161.086713710685444, -10.034502881341373 ], [ -161.08672883973199, -10.034516793561174 ], [ -161.086752943806232, -10.03453480634435 ], [ -161.086774929642274, -10.034550844304885 ], [ -161.086796896377564, -10.034563900159101 ], [ -161.086828927944055, -10.034586833423573 ], [ -161.086842972407453, -10.034595782087342 ], [ -161.086860947358076, -10.03460786898129 ], [ -161.086874992401988, -10.034616908010118 ], [ -161.086896977669795, -10.034632855593339 ], [ -161.086914945677279, -10.034643858082017 ], [ -161.086928990723948, -10.034652897107911 ], [ -161.086947021193851, -10.034661911051773 ], [ -161.086963910399561, -10.03466885365683 ], [ -161.086981897515471, -10.034682838245013 ], [ -161.08699595530183, -10.034693865336667 ], [ -161.087010676543457, -10.03470280973219 ], [ -161.087031953210897, -10.034713791389937 ], [ -161.087049970949266, -10.034720817257652 ], [ -161.087067958650152, -10.034734892206549 ], [ -161.08708598912736, -10.034743906141099 ], [ -161.087104709112651, -10.034754903884194 ], [ -161.087122663816046, -10.03476382792282 ], [ -161.087143934121372, -10.034773815537182 ], [ -161.087166953057732, -10.034786774367939 ], [ -161.087190730910322, -10.034800812865074 ], [ -161.087205828723341, -10.034809845250138 ], [ -161.087228854612164, -10.034823888476829 ], [ -161.087246897835712, -10.03483489046967 ], [ -161.087270989219633, -10.03485091513533 ], [ -161.087287916655129, -10.03486382192723 ], [ -161.087302657597746, -10.03487583877666 ], [ -161.087340856511474, -10.034898913898719 ], [ -161.087360955530926, -10.034913879241367 ], [ -161.087373966954317, -10.034925906973383 ], [ -161.087385843479581, -10.034936857403693 ], [ -161.087406024648715, -10.03495290667048 ], [ -161.087428687310734, -10.034968940314876 ], [ -161.087442731804003, -10.034977888946367 ], [ -161.087460718954901, -10.034991873500694 ], [ -161.087481920455787, -10.035002855595817 ], [ -161.087502840860168, -10.03501691205253 ], [ -161.087522989030617, -10.035027810404907 ], [ -161.087538838828692, -10.035036838036879 ], [ -161.087566903503927, -10.035050939883673 ], [ -161.087581637514802, -10.035061872315776 ], [ -161.087599668020488, -10.035070886215662 ], [ -161.087616946559848, -10.035079904848425 ], [ -161.08765293817001, -10.035098836783256 ], [ -161.087678890975354, -10.035111957839822 ], [ -161.087696845709786, -10.03512088183999 ], [ -161.087712018745492, -10.035129913722535 ], [ -161.087737888829139, -10.035141860479241 ], [ -161.087755932084008, -10.035152862437137 ], [ -161.087783983454784, -10.035164885826539 ], [ -161.087802690161453, -10.035173805085309 ], [ -161.087820701564283, -10.035179836868302 ], [ -161.087840856702968, -10.035191819597882 ], [ -161.087856017002622, -10.035198863404183 ], [ -161.087881894045722, -10.035211894548228 ], [ -161.087922937184999, -10.035232873159755 ], [ -161.087946682658725, -10.035241851052257 ], [ -161.087973030582248, -10.035257951815556 ], [ -161.087993856129145, -10.035268936238246 ], [ -161.088009015855278, -10.03527588966937 ], [ -161.088021933002551, -10.035284935739536 ], [ -161.088052910112822, -10.035295856234363 ], [ -161.088070927896666, -10.035302882035351 ], [ -161.088099712139012, -10.035311918556006 ], [ -161.088117742668459, -10.035320932421889 ], [ -161.088134976046973, -10.035322902417903 ], [ -161.088150844988604, -10.035334912115765 ], [ -161.088174966457018, -10.035343887621417 ], [ -161.088207016026473, -10.035357873938297 ], [ -161.088247664097395, -10.035375872767736 ], [ -161.088264929920484, -10.035382903292009 ], [ -161.088288011384947, -10.035393873485557 ], [ -161.088312842073663, -10.035407905252942 ], [ -161.088372962179562, -10.035436896985459 ], [ -161.088391682238012, -10.035447894638569 ], [ -161.088423714564414, -10.035470918074132 ], [ -161.08843881185561, -10.035479860022763 ], [ -161.088456862100003, -10.035491946334067 ], [ -161.088471959972338, -10.035500978647486 ], [ -161.08848600451114, -10.035509927224059 ], [ -161.088513024159028, -10.035536958515543 ], [ -161.088526675460571, -10.035554946601003 ], [ -161.088538898024836, -10.035572943684679 ], [ -161.088585029642331, -10.035636906427909 ], [ -161.088597991433829, -10.035652910704366 ], [ -161.088609825274574, -10.035668922084898 ], [ -161.088636827115153, -10.035704900136961 ], [ -161.08864800389, -10.035723988245623 ], [ -161.088659893231437, -10.035736926682313 ], [ -161.088670693445437, -10.035755926791365 ], [ -161.08868402485632, -10.03577093466064 ], [ -161.088696961161929, -10.035782962796997 ], [ -161.088714986649705, -10.035802911463705 ], [ -161.088729001210453, -10.035818909100662 ], [ -161.088741950268314, -10.035832925301436 ], [ -161.088756008156651, -10.035843952295631 ], [ -161.088771814117024, -10.035857860127575 ], [ -161.088786925342674, -10.035868970854837 ], [ -161.088813918968583, -10.035891935609758 ], [ -161.08883083376233, -10.03590285423191 ], [ -161.088845994110386, -10.035909897981584 ], [ -161.088864701460324, -10.035918907532123 ], [ -161.088882017018932, -10.035921961408237 ], [ -161.088897847185763, -10.035927916491502 ], [ -161.088918020225094, -10.035930952363666 ], [ -161.08893383764277, -10.035934919378294 ], [ -161.088954023432507, -10.035939943314784 ], [ -161.088979875066428, -10.035948998218418 ], [ -161.088994658854801, -10.035955953962301 ], [ -161.0890177085017, -10.035961953924975 ], [ -161.089035713584764, -10.035966991594975 ], [ -161.08905295974472, -10.035970949601694 ], [ -161.08907171679698, -10.035975982531813 ], [ -161.089091895634709, -10.035979922059038 ], [ -161.089106980793019, -10.035986966268645 ], [ -161.08912499862916, -10.03599399199971 ], [ -161.089145841488374, -10.035995939192768 ], [ -161.089160988513896, -10.03600090449266 ], [ -161.089177921716583, -10.036002966687642 ], [ -161.089215009569159, -10.036016921139916 ], [ -161.089230827571555, -10.036020978505425 ], [ -161.089242692020832, -10.036030031148126 ], [ -161.089260031929911, -10.036036880401813 ], [ -161.089285928788286, -10.036052983876759 ], [ -161.08931292056144, -10.036063929342827 ], [ -161.089330938404288, -10.036070955060897 ], [ -161.08935395112249, -10.036082919669543 ], [ -161.089368703619698, -10.036084995595125 ], [ -161.089395695397087, -10.036095941053322 ], [ -161.089415893951809, -10.036102953024253 ], [ -161.089437835368045, -10.036112032527541 ], [ -161.089483946863197, -10.036125930080885 ], [ -161.089501883137842, -10.03613196222909 ], [ -161.089533982511512, -10.036141971784053 ], [ -161.089563862335439, -10.03614594051418 ], [ -161.089586905621729, -10.03615094639941 ], [ -161.089605988983152, -10.036159953531524 ], [ -161.089622846415807, -10.036161925808766 ], [ -161.089646968548521, -10.036170991552844 ], [ -161.089669661361995, -10.036179975932743 ], [ -161.089701014571546, -10.036190893874934 ], [ -161.08971685171673, -10.036197933312756 ], [ -161.089736987839444, -10.036206933800955 ], [ -161.089752824985965, -10.036213973236746 ], [ -161.089767972605671, -10.036219028871535 ], [ -161.089785983504981, -10.036224970161651 ], [ -161.089804665378608, -10.036230003518916 ], [ -161.089831719617422, -10.036238960396625 ], [ -161.089862985462275, -10.03624798109627 ], [ -161.089880989985886, -10.03625292834781 ], [ -161.089899001467813, -10.0362589599976 ], [ -161.089917006571994, -10.036263997613553 ], [ -161.089938990732861, -10.036268016074498 ], [ -161.089964904266594, -10.036274991984362 ], [ -161.089980038554046, -10.03627796917625 ], [ -161.089998714053166, -10.036282008488666 ], [ -161.090028989007351, -10.036288956900988 ], [ -161.090046931674237, -10.036295983048385 ], [ -161.090072914608982, -10.036302054808854 ], [ -161.090094842711721, -10.036309055830339 ], [ -161.090109970621967, -10.03631103898314 ], [ -161.090131917862266, -10.03632102209958 ], [ -161.09015496754111, -10.03632702197352 ], [ -161.09017366160046, -10.036333953006084 ], [ -161.09019384741984, -10.036338976858042 ], [ -161.090208945368147, -10.036348009074173 ], [ -161.090226930761361, -10.036349974207198 ], [ -161.090244935872363, -10.036355011803256 ], [ -161.090261894026696, -10.036360959700994 ], [ -161.09028603532164, -10.036373007489249 ], [ -161.090308652962108, -10.036381992292936 ], [ -161.090329929818637, -10.036392973693138 ], [ -161.090352999222432, -10.036402046015361 ], [ -161.09036704384053, -10.0364109944934 ], [ -161.090385695188871, -10.03642298651477 ], [ -161.090402973855049, -10.036432004971399 ], [ -161.090424959968459, -10.03644804262572 ], [ -161.090441862072254, -10.036456973083764 ], [ -161.090459892710328, -10.036465986795656 ], [ -161.090482931585058, -10.036482017807463 ], [ -161.09049771599831, -10.036489063839229 ], [ -161.0905117606234, -10.03649801230952 ], [ -161.090529019575399, -10.036503958294535 ], [ -161.090541943208478, -10.036513998274089 ], [ -161.090562831334154, -10.036522993962016 ], [ -161.09059197392753, -10.036540974623502 ], [ -161.090618979107688, -10.036553998396821 ], [ -161.090644937913453, -10.036568022837972 ], [ -161.090664034079794, -10.036579017962486 ], [ -161.090681995912774, -10.036589026165979 ], [ -161.090697826129883, -10.036594981149779 ], [ -161.090715818495454, -10.036598030651614 ], [ -161.090736010134464, -10.03660395813106 ], [ -161.090754002500489, -10.036607007630645 ], [ -161.090772013429671, -10.036612948859021 ], [ -161.090790006376238, -10.036616088723026 ], [ -161.09080871380209, -10.036625098144349 ], [ -161.090829964581388, -10.036632013010685 ], [ -161.090847976092732, -10.036638044600943 ], [ -161.090874955182045, -10.036647001854773 ], [ -161.090897999086906, -10.036652098003948 ], [ -161.090915997256786, -10.036656051159374 ], [ -161.090934015151731, -10.036663076776374 ], [ -161.090965718886906, -10.036670016081345 ], [ -161.090982952905421, -10.036672076277675 ], [ -161.091001678903012, -10.036683977415782 ], [ -161.091027981805922, -10.036693029290269 ], [ -161.091045993322297, -10.036699060868287 ], [ -161.091063997877001, -10.036704008046732 ], [ -161.091081953343519, -10.036713022192636 ], [ -161.091099958479333, -10.036718059735371 ], [ -161.091136696582339, -10.036736082804293 ], [ -161.091168739406953, -10.03674898438166 ], [ -161.091190003542806, -10.036757977651924 ], [ -161.091208008681804, -10.036763015187951 ], [ -161.091225951389248, -10.036770041260869 ], [ -161.09126701901161, -10.036783066644057 ], [ -161.091285036337524, -10.036790001872442 ], [ -161.091310907219622, -10.036802038662355 ], [ -161.091345840033114, -10.036819982720919 ], [ -161.091363870708307, -10.036828996374279 ], [ -161.091378955937614, -10.036836040462191 ], [ -161.091395888595287, -10.036838012165539 ], [ -161.091413906506062, -10.036845037752224 ], [ -161.091429047784146, -10.036849099267998 ], [ -161.091463909810557, -10.036856018596653 ], [ -161.091483713299596, -10.036860050699406 ], [ -161.091505691116737, -10.03686307501253 ], [ -161.091525870590914, -10.036867104740702 ], [ -161.091546713490374, -10.036869051768386 ], [ -161.091566898768264, -10.036873985159019 ], [ -161.0915899235398, -10.036876099159727 ], [ -161.091616952319953, -10.036881079744147 ], [ -161.091635990493188, -10.036883038151398 ], [ -161.091663709394538, -10.036890092891761 ], [ -161.091685003476186, -10.036892037063829 ], [ -161.091708723592347, -10.036897038514262 ], [ -161.091737940049825, -10.036903089727998 ], [ -161.09176092038561, -10.036909993615094 ], [ -161.091782937091295, -10.036919072463983 ], [ -161.09180598043713, -10.036924078176634 ], [ -161.09182574065585, -10.036933080888932 ], [ -161.091843758576772, -10.036940106449276 ], [ -161.091864990232665, -10.036944039146196 ], [ -161.091892019598703, -10.036949110072641 ], [ -161.091915043212197, -10.036951043316268 ], [ -161.091933041980781, -10.036955086777018 ], [ -161.091955709344745, -10.036960094850608 ], [ -161.091973694763539, -10.03696205987973 ], [ -161.091990960718363, -10.036969090175875 ], [ -161.092014016838249, -10.036976083935352 ], [ -161.092032766997335, -10.036980032278754 ], [ -161.092053955965099, -10.036989025960064 ], [ -161.092072023547757, -10.036992074906658 ], [ -161.092090022318899, -10.036996118358012 ], [ -161.092111917979992, -10.036998058704629 ], [ -161.092144680045607, -10.036994146790052 ], [ -161.092167014116711, -10.036994096223415 ], [ -161.092185719577799, -10.03699108633905 ], [ -161.092270018823882, -10.036991096580328 ], [ -161.092291990260776, -10.036993126806829 ], [ -161.09231502026006, -10.036996054052668 ], [ -161.092332993487531, -10.036996121365661 ], [ -161.092347758210707, -10.037000094842012 ], [ -161.092365744210298, -10.03700215021539 ], [ -161.09244492947829, -10.037002102315814 ], [ -161.092462964548133, -10.037000090718562 ], [ -161.092477746990369, -10.036995117434884 ], [ -161.092495706862337, -10.03699310631054 ], [ -161.092518071419164, -10.036986097028626 ], [ -161.092531713132445, -10.036979142799883 ], [ -161.092548996230391, -10.036977135944356 ], [ -161.092563778088959, -10.036972072290864 ], [ -161.092585021655736, -10.036966154521618 ], [ -161.092608032490944, -10.036966099654107 ], [ -161.092630016697427, -10.036970117919974 ], [ -161.092646949356634, -10.036972089556402 ], [ -161.092665994496997, -10.036975132299467 ], [ -161.092740886552008, -10.036974026987473 ], [ -161.092765045662418, -10.036977127814566 ], [ -161.092783031078085, -10.036979092798564 ], [ -161.092799901315061, -10.036983052963208 ], [ -161.092815074541704, -10.036992084564883 ], [ -161.092831964522901, -10.036999117186536 ], [ -161.092846723440744, -10.037002186975032 ], [ -161.09286400160201, -10.037011114916531 ], [ -161.092884870633156, -10.037017128346019 ], [ -161.09290000553645, -10.037020195758432 ], [ -161.092920873987737, -10.037026118818972 ], [ -161.0929360088914, -10.037029186229555 ], [ -161.092954026248918, -10.037036121357115 ], [ -161.092971992502811, -10.037035104237802 ], [ -161.092990736858553, -10.03703814885966 ], [ -161.093008735052734, -10.037042101891812 ], [ -161.093031778989712, -10.037047197880025 ], [ -161.093053029816303, -10.037054112588432 ], [ -161.093076054008407, -10.037056136114867 ], [ -161.09310302038179, -10.037063105106338 ], [ -161.093123939060717, -10.037065141921968 ], [ -161.093143009178959, -10.03707207039159 ], [ -161.093174004824647, -10.037074133953686 ], [ -161.093214988881044, -10.037074146307956 ], [ -161.093233049496746, -10.037076110791091 ], [ -161.093256769627857, -10.037081112123087 ], [ -161.093335948481837, -10.037080069976209 ], [ -161.093355024099395, -10.03707615398897 ], [ -161.093377045173838, -10.037074207544345 ], [ -161.093391751819098, -10.037069144330442 ], [ -161.093427789985469, -10.037060150880665 ], [ -161.093490055334286, -10.037060119194672 ], [ -161.093510942061982, -10.037057185833582 ], [ -161.093530719424109, -10.037057151318471 ], [ -161.093548780037167, -10.037059115784219 ], [ -161.09359803632023, -10.037059166225227 ], [ -161.093620026341057, -10.037064088085533 ], [ -161.093636959581715, -10.03706615003555 ], [ -161.093656029704903, -10.037073078473385 ], [ -161.093679054474364, -10.037075192323273 ], [ -161.093697039890827, -10.03707715725541 ], [ -161.093715087723552, -10.037077133651177 ], [ -161.09374278050899, -10.037080121717761 ], [ -161.093764739160093, -10.037080163783077 ], [ -161.093784905285901, -10.037082114938443 ], [ -161.093805058630522, -10.037082078032162 ], [ -161.093823045208637, -10.037084223690004 ], [ -161.093841049796964, -10.037089170704526 ], [ -161.093859097628751, -10.03708914709231 ], [ -161.093876030288754, -10.037091118663138 ], [ -161.093908035440734, -10.037098146131909 ], [ -161.093926723774047, -10.037104173263481 ], [ -161.093946922436572, -10.037111184925301 ], [ -161.09396490785366, -10.037113149842156 ], [ -161.093996925790378, -10.037122165361611 ], [ -161.094012060117763, -10.037125142353704 ], [ -161.094032978213562, -10.03712708874361 ], [ -161.094111111254307, -10.037127137455355 ], [ -161.094129823073729, -10.037125121493295 ], [ -161.094147789896738, -10.037124194676323 ], [ -161.094169058409022, -10.037122162562818 ], [ -161.094185965502277, -10.037120157997323 ], [ -161.094203981372715, -10.037115164216354 ], [ -161.094237099609472, -10.037108177266525 ], [ -161.094259734446439, -10.037108124657294 ], [ -161.094277757287443, -10.037104215268897 ], [ -161.094300824128368, -10.037101177717286 ], [ -161.094356944694709, -10.037081122538549 ], [ -161.094372103659367, -10.037076237166705 ], [ -161.09439800240682, -10.037069205438568 ], [ -161.094416037446251, -10.037067193736661 ], [ -161.09443397811097, -10.037062200419523 ], [ -161.094448754115035, -10.037056233023675 ], [ -161.094466769394046, -10.037051148863604 ], [ -161.094484772468121, -10.037044167009491 ], [ -161.094507094305499, -10.037042218591354 ], [ -161.094529082228831, -10.037035121190712 ], [ -161.094549900128072, -10.037033182271099 ], [ -161.094572954171895, -10.037028156642663 ], [ -161.094592774751078, -10.037023151441042 ], [ -161.094615126449412, -10.037014153966949 ], [ -161.094633825467412, -10.037010149919041 ], [ -161.094650023810232, -10.037003179459154 ], [ -161.094669831599504, -10.036996186194205 ], [ -161.094687082696026, -10.036989209081501 ], [ -161.094705117726107, -10.036987197365105 ], [ -161.094727043810025, -10.036982178853572 ], [ -161.094745078839054, -10.036980167135139 ], [ -161.094761985915483, -10.036978162542452 ], [ -161.094779988976228, -10.036971180674382 ], [ -161.094795072147775, -10.036966205394254 ], [ -161.09481310717473, -10.036964193672375 ], [ -161.094829995068324, -10.036959206987873 ], [ -161.094849835398747, -10.036957274227396 ], [ -161.094867825086823, -10.036948213929815 ], [ -161.094885088962172, -10.036943224867164 ], [ -161.09492108381329, -10.036939201888556 ], [ -161.094936918947838, -10.036934221851237 ], [ -161.094950998398417, -10.036925186257635 ], [ -161.094965059247329, -10.036913258941565 ], [ -161.094983005702289, -10.036909169261186 ], [ -161.094997788078985, -10.036904195873669 ], [ -161.095028005558476, -10.036902197530843 ], [ -161.095074854894477, -10.036902172596138 ], [ -161.095092840875253, -10.036904227819045 ], [ -161.095116980202675, -10.036904256016753 ], [ -161.095141086975644, -10.036899223699713 ], [ -161.095159785974687, -10.03689521962473 ], [ -161.095181022479238, -10.036888217303964 ], [ -161.095209809092637, -10.036874208780874 ], [ -161.09522781213343, -10.036867226891546 ], [ -161.0952580600364, -10.036858269848649 ], [ -161.095281088467488, -10.036849268058583 ], [ -161.095301980374899, -10.036847147887192 ], [ -161.095321111943917, -10.036840249231345 ], [ -161.095344090754907, -10.036835224029605 ], [ -161.095364983241581, -10.036833194220797 ], [ -161.095380128798979, -10.036826230383475 ], [ -161.095411817638563, -10.036819161990525 ], [ -161.09542977803153, -10.036817241079035 ], [ -161.095452819243604, -10.036810227336842 ], [ -161.095474055151328, -10.036803134633386 ], [ -161.095491025193695, -10.036799231839005 ], [ -161.0955241433455, -10.036792244772487 ], [ -161.095546807987489, -10.03678514303464 ], [ -161.095568070636403, -10.036782207174729 ], [ -161.095591775819969, -10.036773201088305 ], [ -161.09561807025139, -10.036769239351868 ], [ -161.095650122848866, -10.036760270870019 ], [ -161.095672124087457, -10.036755251826609 ], [ -161.09569512207068, -10.036753208689779 ], [ -161.095717091326406, -10.03674321949874 ], [ -161.095739023761496, -10.036739194955601 ], [ -161.095780068554262, -10.036725289645217 ], [ -161.095798070987399, -10.03671821736274 ], [ -161.095816093771958, -10.036714307898686 ], [ -161.095843133181262, -10.03670925699733 ], [ -161.095857846728336, -10.03670527808012 ], [ -161.095884146962021, -10.03670221998691 ], [ -161.095906079971599, -10.036698285799961 ], [ -161.095928080617142, -10.036693176374925 ], [ -161.096001117129106, -10.036684219885782 ], [ -161.0960191201344, -10.036677237958953 ], [ -161.096037831894478, -10.036675221896701 ], [ -161.09605914355177, -10.036668219050878 ], [ -161.096104141169661, -10.036649227999188 ], [ -161.096140797767617, -10.036631193375362 ], [ -161.096162110000279, -10.036624280890203 ], [ -161.096176803762717, -10.036617229508055 ], [ -161.096203837336589, -10.036611274917554 ], [ -161.09623298281295, -10.03660630104172 ], [ -161.096256036777618, -10.036601275307437 ], [ -161.09628018030412, -10.036590278268347 ], [ -161.096296014806967, -10.036585207807374 ], [ -161.096311147529377, -10.036576255876566 ], [ -161.096356871488098, -10.036553283927239 ], [ -161.096378107930207, -10.036546281539335 ], [ -161.096392808080964, -10.036540224177797 ], [ -161.096415172470444, -10.03653321465592 ], [ -161.096431020345364, -10.036530222612779 ], [ -161.09644610985535, -10.036526241295148 ], [ -161.096464112838021, -10.036519259347774 ], [ -161.096481019862438, -10.036517254674298 ], [ -161.096500163589695, -10.036512253650004 ], [ -161.096517051417635, -10.03650726688937 ], [ -161.096535086389792, -10.036505255080993 ], [ -161.096554161316845, -10.036501248557839 ], [ -161.096576074518424, -10.036494241879305 ], [ -161.096595156424314, -10.036491319748677 ], [ -161.096613854784408, -10.03648722523368 ], [ -161.096631871138982, -10.036482321701401 ], [ -161.096652086809229, -10.036480296097203 ], [ -161.096683036395916, -10.036475220406873 ], [ -161.096743121386623, -10.036475292288618 ], [ -161.0967669342742, -10.03647134616136 ], [ -161.096784887062398, -10.036468250421141 ], [ -161.096802170061835, -10.036466243354477 ], [ -161.096842176393466, -10.036466261457631 ], [ -161.096865157313488, -10.036473255341303 ], [ -161.096880572492324, -10.036473284732141 ], [ -161.096887115881287, -10.036473297207875 ], [ -161.09690511404645, -10.036477250025182 ], [ -161.096927104612604, -10.036482262030175 ], [ -161.096968163695323, -10.036482273459574 ], [ -161.096986117061761, -10.03647926807492 ], [ -161.097090193206014, -10.036479242400997 ], [ -161.097107087417413, -10.036475249640558 ], [ -161.097125116559056, -10.036472334139273 ], [ -161.097144880458075, -10.036470220993319 ], [ -161.097166162252705, -10.036470267122079 ], [ -161.097180944557351, -10.036465293647815 ], [ -161.097214006610699, -10.036461288986256 ], [ -161.097234176882296, -10.036452214785152 ], [ -161.097252193218708, -10.036447311221407 ], [ -161.097273066441971, -10.03644229921567 ], [ -161.097305118348544, -10.036433240223129 ], [ -161.097319888428359, -10.036426369053673 ], [ -161.09733715803273, -10.036422283538117 ], [ -161.09735192694734, -10.036415231635104 ], [ -161.097368112375477, -10.036406273003994 ], [ -161.097391154072596, -10.036399349507413 ], [ -161.097421050874402, -10.036394280411534 ], [ -161.097436140357019, -10.036390299052524 ], [ -161.0974541689055, -10.036387293168685 ], [ -161.097471075906725, -10.036385288447301 ], [ -161.097486233601018, -10.036380222216462 ], [ -161.097507113796894, -10.036376294591586 ], [ -161.097530154905115, -10.03636928072018 ], [ -161.097548114655552, -10.036367269335182 ], [ -161.097562896946499, -10.036362295845992 ], [ -161.097585205291409, -10.036358268811796 ], [ -161.097603960193595, -10.036351282052035 ], [ -161.097621236771346, -10.036348280917124 ], [ -161.097648207298249, -10.036344224383679 ], [ -161.0976730665015, -10.036339277507372 ], [ -161.097693207528891, -10.036337342684643 ], [ -161.097714067928877, -10.036330342598456 ], [ -161.097738174581934, -10.036325310109028 ], [ -161.097755156771797, -10.036323304898398 ], [ -161.097783193430331, -10.036321320115597 ], [ -161.097810232744536, -10.036316269066383 ], [ -161.097835079136019, -10.036309334123541 ], [ -161.097867088401273, -10.036305336062485 ], [ -161.09789015510205, -10.036302298279084 ], [ -161.097908115424673, -10.03630037724189 ], [ -161.097927202530258, -10.036298268334544 ], [ -161.097944166089434, -10.036293371398136 ], [ -161.097962112441053, -10.036289281570761 ], [ -161.097985179720496, -10.03628633414729 ], [ -161.098003201849281, -10.036282334208201 ], [ -161.098024032441458, -10.036282383139213 ], [ -161.098039202923445, -10.036279304940825 ], [ -161.098083119418646, -10.036279298155973 ], [ -161.098101079154645, -10.036277286742694 ], [ -161.098142138181487, -10.036277298031827 ], [ -161.098161978410474, -10.036275365085327 ] ] ] ] } },
{ "type": "Feature", "properties": { "eaid": "3702", "ea_name": "yato", "cdid": "37", "gid": "3" }, "geometry": { "type": "MultiPolygon", "coordinates": [ [ [ [ -165.84753898971519, -10.851648386945749 ], [ -165.845975816598866, -10.850954074102896 ], [ -165.845335239133789, -10.850194229619962 ], [ -165.844411764516053, -10.852585115696845 ], [ -165.844411478306426, -10.85258585669385 ], [ -165.844436377799781, -10.852576857328405 ], [ -165.844461547156953, -10.852569827970791 ], [ -165.844475572416599, -10.852563766148831 ], [ -165.844491451771262, -10.85255685452373 ], [ -165.844511570839188, -10.852551824213643 ], [ -165.844525258491444, -10.852540829838306 ], [ -165.844543233067583, -10.852533781580995 ], [ -165.844557267539614, -10.852524845314512 ], [ -165.844571317424936, -10.852519860779058 ], [ -165.84458032213945, -10.85251382130331 ], [ -165.8446145402676, -10.852492847327834 ], [ -165.844628537825855, -10.852488851979002 ], [ -165.844637602025387, -10.852478859098714 ], [ -165.844648392126402, -10.852478797665617 ], [ -165.844660245194177, -10.852472784370963 ], [ -165.844673528577488, -10.852463775063747 ], [ -165.844682587662987, -10.8524568361736 ], [ -165.844698405462083, -10.852453788173603 ], [ -165.844719298171782, -10.85244981840933 ], [ -165.844735485371643, -10.852449816030173 ], [ -165.844746247778914, -10.852451821069872 ], [ -165.844758503129867, -10.852456846628654 ], [ -165.844771495234482, -10.852467873656698 ], [ -165.844783374019727, -10.852472817807367 ], [ -165.844792319325819, -10.852483845429321 ], [ -165.844799569559939, -10.852492845066156 ], [ -165.844817575040366, -10.852506813953566 ], [ -165.844842373086323, -10.852522876570509 ], [ -165.844865448280331, -10.85252586397962 ], [ -165.844883433144901, -10.852525821425086 ], [ -165.84489921608801, -10.852527804103444 ], [ -165.84494032335698, -10.852532813750861 ], [ -165.84497232648468, -10.852555900953835 ], [ -165.844988539414999, -10.852566856001474 ], [ -165.844997514471061, -10.852575906910399 ], [ -165.845011201238748, -10.852587816596953 ], [ -165.845020183456029, -10.852593903290359 ], [ -165.845036380968196, -10.852600906605712 ], [ -165.845052201914285, -10.852607828513783 ], [ -165.845071322685783, -10.852614856329861 ], [ -165.845084252166998, -10.85261986680564 ], [ -165.845100484526682, -10.852621839428057 ], [ -165.845118481757936, -10.852628892344153 ], [ -165.8451393704552, -10.852637856687382 ], [ -165.84515946291009, -10.852644772964442 ], [ -165.845175350495339, -10.85264477724993 ], [ -165.845187201599828, -10.852651787850267 ], [ -165.845205224575523, -10.852669798197772 ], [ -165.845217417404058, -10.852681920888154 ], [ -165.845235457749084, -10.852690859045566 ], [ -165.8452494533486, -10.852699887579007 ], [ -165.845258454047382, -10.852706782225527 ], [ -165.845271430748681, -10.85271385748881 ], [ -165.845285443828317, -10.852726927518551 ], [ -165.845301339683431, -10.852733847732392 ], [ -165.845310342436903, -10.852740832149914 ], [ -165.845328294509898, -10.852745910020525 ], [ -165.845349202629166, -10.852745891930418 ], [ -165.84537221007605, -10.852745916749242 ], [ -165.845390240100244, -10.852747849182069 ], [ -165.845411430468545, -10.852756896575633 ], [ -165.8454384878832, -10.852766890703498 ], [ -165.845472321503735, -10.852784817187903 ], [ -165.845488146564406, -10.852791918608899 ], [ -165.845502140118043, -10.85280085734931 ], [ -165.845511144928594, -10.85280793153065 ], [ -165.845520192852575, -10.852816890962455 ], [ -165.845529138190955, -10.852827918539841 ], [ -165.845539264490242, -10.852834877839367 ], [ -165.845548239566227, -10.852843928716933 ], [ -165.845561192763086, -10.852859806818527 ], [ -165.845575218110383, -10.852866858627751 ], [ -165.845591408483784, -10.852876826107163 ], [ -165.84559828423383, -10.852885834073327 ], [ -165.845612309582577, -10.852892885879539 ], [ -165.845628118292524, -10.852905825934652 ], [ -165.845653346402798, -10.852930860800424 ], [ -165.845669162267569, -10.852940836640981 ], [ -165.845682154414305, -10.85295186359674 ], [ -165.845698369431204, -10.852962908351337 ], [ -165.845719221265909, -10.852976813537508 ], [ -165.845733283504643, -10.852978924426285 ], [ -165.845744383546986, -10.852985861953252 ], [ -165.845765267171544, -10.852997880210161 ], [ -165.84577824183549, -10.853004865662951 ], [ -165.845790138128052, -10.853013851246162 ], [ -165.84580126995931, -10.853018901845761 ], [ -165.845819250859819, -10.853031793340321 ], [ -165.845833331725288, -10.853047825856358 ], [ -165.845845195244749, -10.853061931889357 ], [ -165.845849192917456, -10.853072890372852 ], [ -165.845861418558513, -10.853079892557565 ], [ -165.845874368740027, -10.853098914385896 ], [ -165.845888377751351, -10.853111804813141 ], [ -165.845899190585442, -10.853125844501452 ], [ -165.845906406037273, -10.853139874761611 ], [ -165.845909245346775, -10.853155889030205 ], [ -165.845911033965848, -10.853171836959353 ], [ -165.845918306987841, -10.853194937717754 ], [ -165.845918260468551, -10.853251884424242 ], [ -165.845920087273839, -10.853285885251761 ], [ -165.845918290302961, -10.853426852463322 ], [ -165.845920073840659, -10.853445854373422 ], [ -165.845920052566782, -10.853467860666564 ], [ -165.845923266404981, -10.853483866562899 ], [ -165.845923262054185, -10.853545932047778 ], [ -165.84592723322038, -10.853568837132503 ], [ -165.845930107371544, -10.8535798207183 ], [ -165.845934054801972, -10.853591858153742 ], [ -165.845939141216945, -10.853607822199434 ], [ -165.845943104090566, -10.853623811354272 ], [ -165.845957158654102, -10.853664904116982 ], [ -165.845969390744898, -10.853691846101269 ], [ -165.845982330628601, -10.853703862202849 ], [ -165.845992007554798, -10.853710831506682 ], [ -165.846003229764591, -10.853719832126409 ], [ -165.846012204889661, -10.853728882965425 ], [ -165.846030217636553, -10.853739887492981 ], [ -165.846042061657755, -10.853749862229117 ], [ -165.846076242260608, -10.85376984665637 ], [ -165.846085245064643, -10.853776831020827 ], [ -165.846106165634495, -10.853783908308378 ], [ -165.846131336295514, -10.853799872569235 ], [ -165.846140311426154, -10.853808923400658 ], [ -165.84617205113733, -10.853836866488805 ], [ -165.846181036629872, -10.853852923016346 ], [ -165.846188192674077, -10.853870906642964 ], [ -165.846190028563626, -10.853888919354254 ], [ -165.846197196837238, -10.853900884792198 ], [ -165.846199022367614, -10.853911891804493 ], [ -165.846204079082696, -10.853929832529701 ], [ -165.846209057863319, -10.853950918682811 ], [ -165.846211268271901, -10.853968923022444 ], [ -165.84621804981029, -10.853986915015986 ], [ -165.846220253081754, -10.854007883561829 ], [ -165.846227064349904, -10.854023898858397 ], [ -165.846232093399038, -10.854043906050483 ], [ -165.846238230543662, -10.854059936412886 ], [ -165.846241127308616, -10.854071907496678 ], [ -165.846259115637849, -10.854094948366523 ], [ -165.846270278418615, -10.854107902354041 ], [ -165.846282185144986, -10.8541238935794 ], [ -165.846300136617998, -10.854151875344824 ], [ -165.846305185037494, -10.854162900138864 ], [ -165.846314187860429, -10.854169884486016 ], [ -165.846327145286864, -10.854185942042298 ], [ -165.846339004789797, -10.85419986846671 ], [ -165.846378246105843, -10.85422485942215 ], [ -165.84638728902712, -10.854236872765483 ], [ -165.846396269264744, -10.854242869597153 ], [ -165.846405264955848, -10.854252818144513 ], [ -165.846414285290166, -10.854263843975383 ], [ -165.846423213215274, -10.854270829990073 ], [ -165.846439053823161, -10.854281883015668 ], [ -165.846455281163287, -10.854286909484319 ], [ -165.846476159618874, -10.854288867946023 ], [ -165.84649415695813, -10.854295920699601 ], [ -165.846510037454181, -10.85429888906693 ], [ -165.846524050458214, -10.854298845309987 ], [ -165.846540225484716, -10.854304860957113 ], [ -165.846558250494382, -10.854309847237147 ], [ -165.846572275926775, -10.854316898944459 ], [ -165.846585959594904, -10.85431883857555 ], [ -165.846597126287634, -10.854318858435525 ], [ -165.846611149666785, -10.854325820366597 ], [ -165.846629147007093, -10.854332873108877 ], [ -165.846639939184882, -10.854332901338203 ], [ -165.846661166316579, -10.854323894007321 ], [ -165.846693241180986, -10.85432389561471 ], [ -165.846706165439144, -10.854318846291116 ], [ -165.84671806570006, -10.854314897690401 ], [ -165.846732106590139, -10.854325901101396 ], [ -165.846743266147769, -10.854328885159472 ], [ -165.846756911764061, -10.854325885558767 ], [ -165.846774936770885, -10.854330871822981 ], [ -165.846814131508353, -10.854330893907585 ], [ -165.846830029512489, -10.854337903741417 ], [ -165.846841166478811, -10.854339900285439 ], [ -165.846862067515218, -10.854342846226354 ], [ -165.846873176813517, -10.854346909235893 ], [ -165.846885073191714, -10.854355894723493 ], [ -165.846905207916137, -10.854367929558748 ], [ -165.846921065816389, -10.854369910390334 ], [ -165.846932197706423, -10.854374960906009 ], [ -165.846941947516967, -10.854381838704869 ], [ -165.84696387870963, -10.854383953233581 ], [ -165.846980093607925, -10.854381884204583 ], [ -165.846999209179131, -10.854378852139803 ], [ -165.847031193662104, -10.854374903671141 ], [ -165.847044185919259, -10.854385930499904 ], [ -165.847062895438626, -10.854397907358781 ], [ -165.847071898276027, -10.854404891668372 ], [ -165.847085207423731, -10.854406839644357 ], [ -165.84709493162427, -10.854415873675093 ], [ -165.847115055964139, -10.854420902803483 ], [ -165.847133053305157, -10.854427955505177 ], [ -165.847152144469902, -10.854436959781681 ], [ -165.847162979770076, -10.85443887323436 ], [ -165.847177032872708, -10.854443858435673 ], [ -165.847197127494042, -10.854450864248708 ], [ -165.84721513196277, -10.854454952742445 ], [ -165.847268040060385, -10.854454937662304 ], [ -165.847283872095403, -10.854445961078685 ], [ -165.847297968327922, -10.854452831516715 ], [ -165.847323121802873, -10.854477867753065 ], [ -165.847329990523292, -10.85448983982573 ], [ -165.847341110220668, -10.854500908493042 ], [ -165.847350113064209, -10.854507892788536 ], [ -165.847379986004455, -10.854509919561664 ], [ -165.847391145561943, -10.854512903587805 ], [ -165.847404858939569, -10.85451286648204 ], [ -165.84747107822605, -10.854514889090682 ], [ -165.847485120929377, -10.854512868592359 ], [ -165.847508173600005, -10.854514868182871 ], [ -165.847521105214895, -10.85451996825334 ], [ -165.847533020922015, -10.854519971329383 ], [ -165.847545940081375, -10.854517975945774 ], [ -165.847571839056229, -10.854519911900052 ], [ -165.847583043798693, -10.85452487093378 ], [ -165.847609995519377, -10.854526962988068 ], [ -165.847633058590077, -10.854535968245848 ], [ -165.847648935792478, -10.854528966663045 ], [ -165.847679135991228, -10.854528920242505 ], [ -165.847697105401153, -10.854524925742533 ], [ -165.84771801354492, -10.854524907413721 ], [ -165.847737808552495, -10.854531919878077 ], [ -165.84775903383354, -10.854535936326561 ], [ -165.847780995955276, -10.854545954195844 ], [ -165.847804018902508, -10.854549930450801 ], [ -165.847828883469276, -10.854545961430123 ], [ -165.847845056441912, -10.854551887210166 ], [ -165.847860891734257, -10.854552880475488 ], [ -165.847883965750867, -10.854545987443689 ], [ -165.847901940216559, -10.854538938962582 ], [ -165.847913810726055, -10.854536967008523 ], [ -165.847933959423017, -10.854529959736585 ], [ -165.84794803688871, -10.854522908559431 ], [ -165.847958790973905, -10.854517997526806 ], [ -165.847989088649939, -10.854518936908715 ], [ -165.848009926942211, -10.854515866265263 ], [ -165.848027973291721, -10.854511959847635 ], [ -165.848039097779008, -10.854506860893386 ], [ -165.848069000394702, -10.85450691090729 ], [ -165.848083008300449, -10.854509921041537 ], [ -165.848093770740462, -10.85451192590374 ], [ -165.84811508132708, -10.854522946321701 ], [ -165.848133076608832, -10.854529909172639 ], [ -165.848180882066885, -10.854532882222564 ], [ -165.848192055847846, -10.854529937824021 ], [ -165.848210098080756, -10.854525851849804 ], [ -165.848245021222311, -10.85452587941627 ], [ -165.848264760611102, -10.854523911156594 ], [ -165.848278792867802, -10.854514884955856 ], [ -165.848289966644955, -10.85451194055468 ], [ -165.848304056564899, -10.854511984808308 ], [ -165.848319832419861, -10.85451693142536 ], [ -165.848333892628347, -10.854518952365069 ], [ -165.848345059289073, -10.854518972156118 ], [ -165.848363084278077, -10.854523958302813 ], [ -165.848381069135201, -10.854523915468238 ], [ -165.848394756582167, -10.854512920950409 ], [ -165.848406991167082, -10.854503934939277 ], [ -165.848417743179994, -10.854498934122068 ], [ -165.848433970502498, -10.85450396045753 ], [ -165.848453755073621, -10.854503967199587 ], [ -165.848469987455303, -10.854505939566039 ], [ -165.848484037236403, -10.854500954832707 ], [ -165.848494773763292, -10.854492002314391 ], [ -165.848507053535059, -10.85448499131377 ], [ -165.848522865902169, -10.854471883441621 ], [ -165.848568947298219, -10.854465014868486 ], [ -165.848581930898604, -10.85445601210729 ], [ -165.848604915421845, -10.854441935499473 ], [ -165.848613927127246, -10.85443293172623 ], [ -165.848620766656552, -10.854423976520637 ], [ -165.848628008353558, -10.854412946481704 ], [ -165.848637020057481, -10.854403942708698 ], [ -165.848660053874909, -10.854392020658819 ], [ -165.848669035867886, -10.854384993572141 ], [ -165.848675873340312, -10.854375948593715 ], [ -165.848684885041479, -10.854366944820848 ], [ -165.848702846020331, -10.854356034385981 ], [ -165.848711857719906, -10.85434703061318 ], [ -165.848720856938087, -10.854330931404762 ], [ -165.848732741328348, -10.854309917451507 ], [ -165.848741772308358, -10.854291931331058 ], [ -165.848745718286779, -10.854280974983 ], [ -165.848752892186837, -10.854266982429168 ], [ -165.848761863747512, -10.854252949681477 ], [ -165.848768750206915, -10.854232945670933 ], [ -165.848782765197456, -10.854232991585045 ], [ -165.848788888405835, -10.854218932705377 ], [ -165.84879894036257, -10.854202989599415 ], [ -165.848807986822635, -10.854188955178076 ], [ -165.84881196250808, -10.85417602214574 ], [ -165.848829945756307, -10.854152985629009 ], [ -165.848836762367625, -10.854129929331508 ], [ -165.848844004053035, -10.854118899296537 ], [ -165.848858038318241, -10.854109962864364 ], [ -165.848870936564111, -10.854093956119877 ], [ -165.848877826332085, -10.854083921964502 ], [ -165.848886792826448, -10.854072943183974 ], [ -165.848894006854493, -10.854063979608364 ], [ -165.848907694257434, -10.854052985091593 ], [ -165.848934706717273, -10.854024986277636 ], [ -165.848943697547412, -10.854001971189629 ], [ -165.848957738603673, -10.853976956981462 ], [ -165.848964935088958, -10.853963951938157 ], [ -165.848971764173768, -10.853947991078609 ], [ -165.848975742857561, -10.853931914313689 ], [ -165.84898290126057, -10.853913970070604 ], [ -165.848993702226807, -10.853898010223091 ], [ -165.849005981958385, -10.853890999224166 ], [ -165.849015000749858, -10.853879031266356 ], [ -165.849023937526312, -10.853870029173443 ], [ -165.849034736435073, -10.853853979553568 ], [ -165.849048822675371, -10.853830940360014 ], [ -165.849056036694805, -10.853821976787019 ], [ -165.849059924988779, -10.853801950004744 ], [ -165.849068926237635, -10.853785940580417 ], [ -165.849078648855027, -10.853771980866696 ], [ -165.849087679811475, -10.853753994758325 ], [ -165.849094916114353, -10.853732905108572 ], [ -165.849100998223406, -10.853717050774165 ], [ -165.849107807708549, -10.853696958678634 ], [ -165.849112914032531, -10.853681036343419 ], [ -165.849121915277919, -10.8536650269214 ], [ -165.849130893616064, -10.853634916413228 ], [ -165.84913771763479, -10.853622009522255 ], [ -165.84914675364584, -10.853600969454613 ], [ -165.849157892288787, -10.853589942113175 ], [ -165.849162893999875, -10.853575998138881 ], [ -165.849166862253497, -10.853552915724441 ], [ -165.849171938866846, -10.853538970075892 ], [ -165.849180924624363, -10.853519008962854 ], [ -165.849182701428305, -10.853504957457133 ], [ -165.849189951953377, -10.853477939434821 ], [ -165.84919173255858, -10.853450953895685 ], [ -165.849196732215262, -10.853436920150054 ], [ -165.849200749771995, -10.853415992293579 ], [ -165.849209693340327, -10.853390912438467 ], [ -165.849216888555588, -10.853368027333172 ], [ -165.849221992823601, -10.853352015229843 ], [ -165.849228785074445, -10.853340995253976 ], [ -165.849234937973364, -10.853324959704912 ], [ -165.849243883594454, -10.853299969625326 ], [ -165.849250757859721, -10.853285983786845 ], [ -165.849264772978074, -10.853250012252275 ], [ -165.84926477141741, -10.853227018603908 ], [ -165.849266924789021, -10.853213048500622 ], [ -165.8492687313055, -10.853197020313969 ], [ -165.849275992254093, -10.853177007953397 ], [ -165.849282817713828, -10.853137963686962 ], [ -165.849282791809372, -10.853127006339381 ], [ -165.84928783510091, -10.853091953959829 ], [ -165.84928782848587, -10.853072014274037 ], [ -165.849291788379077, -10.853042015986373 ], [ -165.849296847455747, -10.853024028878393 ], [ -165.849305859110927, -10.853015025123049 ], [ -165.849314865404665, -10.852995961752237 ], [ -165.849321676940122, -10.852975959443485 ], [ -165.849327767410472, -10.852967021001836 ], [ -165.849332812257018, -10.852954962271596 ], [ -165.84933683157206, -10.852921010619697 ], [ -165.84933969053148, -10.852892024960283 ], [ -165.849339693429187, -10.852748044940771 ], [ -165.849343989256198, -10.852736002959467 ], [ -165.849343991015814, -10.852722979156416 ], [ -165.849353039492286, -10.852709034534403 ], [ -165.849362014826028, -10.852682067784727 ], [ -165.849366672691247, -10.852662922004338 ], [ -165.84936672169664, -10.852651962983879 ], [ -165.849375695490949, -10.852602002592121 ], [ -165.849377840216277, -10.852568003038314 ], [ -165.849377847559509, -10.852529021404917 ], [ -165.849386865017578, -10.852458042381915 ], [ -165.849386873900016, -10.852442054392117 ], [ -165.84938180310786, -10.85239402475071 ], [ -165.849380040475864, -10.852353016851636 ], [ -165.849380002118693, -10.852334964079622 ], [ -165.849389029766485, -10.852307008158276 ], [ -165.849398050295974, -10.852282016425409 ], [ -165.849404870725948, -10.852246026138586 ], [ -165.849406983986853, -10.852227027072761 ], [ -165.849413840718228, -10.852208999784821 ], [ -165.849427918030244, -10.852201948626421 ], [ -165.849447725531746, -10.85218003903352 ], [ -165.849459956711712, -10.852161083217297 ], [ -165.849465670327135, -10.852138949812193 ], [ -165.849470717227348, -10.852126980864465 ], [ -165.849470766241012, -10.852116021846255 ], [ -165.849477940106993, -10.852102029326971 ], [ -165.84948871131715, -10.852088046200242 ], [ -165.849497712540142, -10.852072036808055 ], [ -165.849504914063459, -10.852055977833471 ], [ -165.849515763998227, -10.852029059007412 ], [ -165.849520758589478, -10.852018079239944 ], [ -165.849525785903751, -10.852001979056498 ], [ -165.849545972963512, -10.851977007136577 ], [ -165.849554936112185, -10.851956058551581 ], [ -165.849556749482815, -10.851923952619355 ], [ -165.849561818974536, -10.851912971178551 ], [ -165.849561834984428, -10.851894019007524 ], [ -165.849563944954411, -10.85186505011054 ], [ -165.84956947041718, -10.851843669926192 ], [ -165.84753898971519, -10.851648386945749 ] ] ] ] } },
{ "type": "Feature", "properties": { "eaid": "0801", "ea_name": "arorangi-akaoa", "cdid": "08", "gid": "1" }, "geometry": { "type": "MultiPolygon", "coordinates": [ [ [ [ -159.823359631746627, -21.230152409255037 ], [ -159.82378036857358, -21.2306071121283 ], [ -159.824465224882118, -21.230665913493858 ], [ -159.82449176359944, -21.23105184865604 ], [ -159.824921987286473, -21.231215770075135 ], [ -159.825259310500343, -21.23167696476737 ], [ -159.825321714887195, -21.232124960722171 ], [ -159.825727734935953, -21.232365145397598 ], [ -159.825763635191151, -21.233090308777101 ], [ -159.825762310698309, -21.234065503283173 ], [ -159.826232026633789, -21.233999522027723 ], [ -159.827508428664714, -21.233850366742487 ], [ -159.827398837689287, -21.234944151325944 ], [ -159.827001811385401, -21.238370183762875 ], [ -159.826976177035192, -21.238632352614001 ], [ -159.826826460275868, -21.239257527899269 ], [ -159.826637716662617, -21.240151802422446 ], [ -159.827619524048174, -21.240547494422763 ], [ -159.827723075229329, -21.240031305541411 ], [ -159.827761353226151, -21.239828427744893 ], [ -159.827802979694098, -21.239788833912428 ], [ -159.827778772058565, -21.239669371709155 ], [ -159.827838430859742, -21.239658313906009 ], [ -159.827817300294811, -21.239573287446952 ], [ -159.827860771680122, -21.23951207599249 ], [ -159.827883768901074, -21.23942708591386 ], [ -159.827844727992641, -21.239329799576097 ], [ -159.82784888741719, -21.239268389414555 ], [ -159.827910141417362, -21.239247900266335 ], [ -159.827940398194102, -21.239185405398633 ], [ -159.827946578568145, -21.239117762448881 ], [ -159.827926737826232, -21.239021072961268 ], [ -159.827823679477063, -21.238954783594032 ], [ -159.827766949642012, -21.238924819810244 ], [ -159.827826861292522, -21.238881760635316 ], [ -159.827775328042122, -21.238754428709271 ], [ -159.827832251102109, -21.238728568660193 ], [ -159.827925657899272, -21.238768159262897 ], [ -159.827967639069129, -21.238704829127037 ], [ -159.828004502356947, -21.238632462445388 ], [ -159.828012096008194, -21.238473857614022 ], [ -159.828074750949554, -21.238427834835452 ], [ -159.828146214370094, -21.238218506204564 ], [ -159.828140204278242, -21.237980378451638 ], [ -159.828216263998769, -21.237968919297561 ], [ -159.828281284681509, -21.23767153277214 ], [ -159.828216146445158, -21.2375511866084 ], [ -159.828289820242134, -21.23740174714214 ], [ -159.828267050151055, -21.237193174109635 ], [ -159.828228645723897, -21.236907789305398 ], [ -159.828114781626965, -21.236886151930214 ], [ -159.82810885816869, -21.236847663021482 ], [ -159.828213927389697, -21.236798677401957 ], [ -159.828264899829833, -21.236766538385261 ], [ -159.828195139212937, -21.236696998483382 ], [ -159.828228301724153, -21.236580895649805 ], [ -159.828278716563318, -21.236534686068914 ], [ -159.828301346330107, -21.236300772532452 ], [ -159.828153254725635, -21.236173848893117 ], [ -159.828325613509293, -21.236202418512804 ], [ -159.828311589145784, -21.235912740849617 ], [ -159.828241083866914, -21.23586837807024 ], [ -159.828283717723963, -21.235806204491524 ], [ -159.828276778159108, -21.235659624396327 ], [ -159.828324290404424, -21.235476476884219 ], [ -159.828300203145346, -21.235344258419932 ], [ -159.828362021003244, -21.235272101379806 ], [ -159.828307771665635, -21.235153575237764 ], [ -159.828420000892265, -21.235062353850665 ], [ -159.828455172453744, -21.234849823292624 ], [ -159.828330716259615, -21.234788904879956 ], [ -159.828358118556167, -21.234630116303197 ], [ -159.828429557402188, -21.234605805294631 ], [ -159.8284375647508, -21.234344984687535 ], [ -159.828342516244788, -21.234290224027355 ], [ -159.828425361347485, -21.234082646982792 ], [ -159.828435850812781, -21.233944555161699 ], [ -159.828438001059453, -21.233891442126644 ], [ -159.828512160007818, -21.233886193783594 ], [ -159.828495771805336, -21.233785652690088 ], [ -159.828475344462078, -21.233642347510457 ], [ -159.828446963285018, -21.233522283489808 ], [ -159.828519690073023, -21.233516787868677 ], [ -159.828603549692701, -21.233422587105018 ], [ -159.82860754849969, -21.233361362617636 ], [ -159.828544116223242, -21.233326287835268 ], [ -159.828555942579897, -21.233224069850518 ], [ -159.828613277790083, -21.233093885759665 ], [ -159.828593103536491, -21.232880072104155 ], [ -159.828627507483048, -21.232778855950578 ], [ -159.82857794116677, -21.232618137091379 ], [ -159.828619445622365, -21.232441608130902 ], [ -159.828636004806071, -21.23207207540321 ], [ -159.82865923314327, -21.231696265414286 ], [ -159.828699221948824, -21.231584613435526 ], [ -159.828761717640162, -21.231367902066346 ], [ -159.828858454928735, -21.231132187089834 ], [ -159.828913326659517, -21.230973640459514 ], [ -159.828960201424422, -21.230880298475157 ], [ -159.828846205662217, -21.230766476926753 ], [ -159.828923209187735, -21.230708150752246 ], [ -159.828909097285134, -21.23052960574551 ], [ -159.827772270850204, -21.230617204871205 ], [ -159.826737785515832, -21.230563429594451 ], [ -159.825745851990263, -21.230421410752584 ], [ -159.825616031709927, -21.230148479482118 ], [ -159.825045816413166, -21.230271986108626 ], [ -159.823456450147745, -21.229902056925386 ], [ -159.823359631746627, -21.230152409255037 ] ] ] ] } },
{ "type": "Feature", "properties": { "eaid": "0803", "ea_name": "akaoa arorangi", "cdid": "08", "gid": "1" }, "geometry": { "type": "MultiPolygon", "coordinates": [ [ [ [ -159.825401717407885, -21.239289526347935 ], [ -159.825323544254559, -21.238793101580086 ], [ -159.825392352883512, -21.238577963516956 ], [ -159.825892343413329, -21.237824524450268 ], [ -159.825957862821923, -21.237618254473034 ], [ -159.825847552669245, -21.236430883042726 ], [ -159.826088747776652, -21.235737514023938 ], [ -159.826165310857277, -21.23493213047713 ], [ -159.826232026633789, -21.233999522027723 ], [ -159.825762310698309, -21.234065503283173 ], [ -159.825763635191151, -21.233090308777101 ], [ -159.825727734935953, -21.232365145397598 ], [ -159.825321714887195, -21.232124960722171 ], [ -159.825259310500343, -21.23167696476737 ], [ -159.824921987286473, -21.231215770075135 ], [ -159.82449176359944, -21.23105184865604 ], [ -159.824465224882118, -21.230665913493858 ], [ -159.82378036857358, -21.2306071121283 ], [ -159.823359631746627, -21.230152409255037 ], [ -159.821952393256424, -21.230627423084396 ], [ -159.820977763042208, -21.230731434465902 ], [ -159.819461800526824, -21.230873764681331 ], [ -159.819032815613326, -21.230804466558688 ], [ -159.818886713536813, -21.231153754424771 ], [ -159.818805788978921, -21.231264483905107 ], [ -159.818616214446905, -21.231523879367032 ], [ -159.818542508968392, -21.231917064533071 ], [ -159.818531541154954, -21.231975572733724 ], [ -159.818242056571052, -21.2326927420491 ], [ -159.817885628347852, -21.233432185297385 ], [ -159.818271223778481, -21.233889185835437 ], [ -159.818675056892232, -21.234108532283603 ], [ -159.818766354471052, -21.234640757907155 ], [ -159.818040219177277, -21.234750777820736 ], [ -159.817876475629021, -21.235317029707431 ], [ -159.817957602026013, -21.235791946304236 ], [ -159.817584972051094, -21.235900250127617 ], [ -159.817342818263256, -21.236340511552811 ], [ -159.817630742029422, -21.23646241512203 ], [ -159.820158911807056, -21.235922985026264 ], [ -159.82016838256061, -21.23781643389696 ], [ -159.820170931512905, -21.238326031310148 ], [ -159.820235327535158, -21.238891988721623 ], [ -159.82022529403622, -21.238916877895154 ], [ -159.821969571508731, -21.239389748959127 ], [ -159.823887080657727, -21.239503693023266 ], [ -159.825175492974637, -21.239875872067568 ], [ -159.825210454742233, -21.239832704628405 ], [ -159.8252125096584, -21.239830707346691 ], [ -159.82535778307755, -21.239562262667611 ], [ -159.825401717407885, -21.239289526347935 ] ] ] ] } },
{ "type": "Feature", "properties": { "eaid": "0902", "ea_name": "kavera", "cdid": "09", "gid": "1" }, "geometry": { "type": "MultiPolygon", "coordinates": [ [ [ [ -159.816147473223566, -21.249857429283022 ], [ -159.818163674491899, -21.251478872771123 ], [ -159.819877099921058, -21.253029605309127 ], [ -159.82051601889944, -21.25325247798126 ], [ -159.820761479704288, -21.253325911731721 ], [ -159.82090656993077, -21.252984814340216 ], [ -159.821009826020799, -21.252943188564593 ], [ -159.821177385113941, -21.252585091237048 ], [ -159.821183637677109, -21.252509052756562 ], [ -159.821231888989189, -21.252453059135355 ], [ -159.821299397213068, -21.252424988157394 ], [ -159.821422056743529, -21.252295202571048 ], [ -159.821426971114903, -21.252182929476607 ], [ -159.82153636523023, -21.252034178880368 ], [ -159.821610234447405, -21.251868219869973 ], [ -159.821767382995063, -21.251816230164518 ], [ -159.82184076486098, -21.251716897852262 ], [ -159.821973417883726, -21.251598619027678 ], [ -159.822045409905513, -21.25146225489333 ], [ -159.821980608568055, -21.251381952099926 ], [ -159.822027998969475, -21.251326594698707 ], [ -159.82211461371412, -21.251225418731075 ], [ -159.822187754155351, -21.251090296628607 ], [ -159.822311120145201, -21.251017827171466 ], [ -159.822286674734187, -21.250891546059677 ], [ -159.822472567343596, -21.250598745229141 ], [ -159.822463222162384, -21.250492742830076 ], [ -159.822582444593081, -21.250489898320403 ], [ -159.82264771908774, -21.250403663156561 ], [ -159.822215536077209, -21.250459685531538 ], [ -159.820910332901718, -21.249801095211652 ], [ -159.820391092765789, -21.249553839335771 ], [ -159.820049585136189, -21.249444574151667 ], [ -159.819425621863928, -21.249499743456262 ], [ -159.81887123869754, -21.249056730942154 ], [ -159.818500620964187, -21.248767433943602 ], [ -159.818192562554771, -21.249065960968181 ], [ -159.817926183178173, -21.249254638497401 ], [ -159.817677022053033, -21.249303082000164 ], [ -159.817371460407998, -21.249254034602334 ], [ -159.81723978626701, -21.249030550891799 ], [ -159.816867372543442, -21.248922614597291 ], [ -159.816622645544101, -21.248730065661963 ], [ -159.816443894359764, -21.248662631236112 ], [ -159.815863172908394, -21.248835108575413 ], [ -159.815306167039921, -21.248021519275568 ], [ -159.814072831457366, -21.247456420286682 ], [ -159.813419358205323, -21.246987195337272 ], [ -159.813417944141293, -21.247337677540319 ], [ -159.813678888602084, -21.24804821880069 ], [ -159.815466691905812, -21.249198715583759 ], [ -159.816147473223566, -21.249857429283022 ] ] ] ] } },
{ "type": "Feature", "properties": { "eaid": "0903", "ea_name": "aroa", "cdid": "09", "gid": "1" }, "geometry": { "type": "MultiPolygon", "coordinates": [ [ [ [ -159.82051601889944, -21.25325247798126 ], [ -159.819877099921058, -21.253029605309127 ], [ -159.818163674491899, -21.251478872771123 ], [ -159.816147473223566, -21.249857429283022 ], [ -159.815466691905812, -21.249198715583759 ], [ -159.813678888602084, -21.24804821880069 ], [ -159.813417944141293, -21.247337677540319 ], [ -159.812716877423071, -21.246683916262732 ], [ -159.810730294408103, -21.245754872252839 ], [ -159.810664407661704, -21.245724115881519 ], [ -159.810480302704775, -21.246105284872154 ], [ -159.810541752619116, -21.246632509514662 ], [ -159.810670820549461, -21.247579437738782 ], [ -159.810793747981791, -21.24794259573364 ], [ -159.810824611672757, -21.24803377455866 ], [ -159.811105368894289, -21.248701489287786 ], [ -159.811186683684838, -21.249561569555539 ], [ -159.814072984149021, -21.251373795355963 ], [ -159.8155561626875, -21.252952014215257 ], [ -159.81650852872292, -21.253601640425725 ], [ -159.817273428603954, -21.254555867582035 ], [ -159.817607965460525, -21.255558265439284 ], [ -159.817910224900743, -21.255828625606146 ], [ -159.818596422895297, -21.25623673617023 ], [ -159.818827957329177, -21.256036888334052 ], [ -159.818852974535332, -21.255978498554054 ], [ -159.818892109585761, -21.255896382479857 ], [ -159.818962866406395, -21.255943872026553 ], [ -159.819022519816372, -21.255882375775293 ], [ -159.819019272270907, -21.255794197691266 ], [ -159.819257357149525, -21.255573705921559 ], [ -159.819236906276274, -21.255448183783358 ], [ -159.819369745908858, -21.255409898352962 ], [ -159.819546911807237, -21.255187641584907 ], [ -159.819702018881515, -21.255019240312233 ], [ -159.81983572777952, -21.254827083854881 ], [ -159.820035499600237, -21.254652295909199 ], [ -159.820161571326452, -21.254336541988948 ], [ -159.820216788145103, -21.254166523693108 ], [ -159.820492034245575, -21.253774412692508 ], [ -159.820527963223412, -21.25362967371311 ], [ -159.820628981296068, -21.25350462087221 ], [ -159.820654338135853, -21.253378824105514 ], [ -159.820761479704288, -21.253325911731721 ], [ -159.82051601889944, -21.25325247798126 ] ] ] ] } },
{ "type": "Feature", "properties": { "eaid": "0904", "ea_name": "aroa", "cdid": "09", "gid": "1" }, "geometry": { "type": "MultiPolygon", "coordinates": [ [ [ [ -159.818596422895297, -21.25623673617023 ], [ -159.817910224900743, -21.255828625606146 ], [ -159.817607965460525, -21.255558265439284 ], [ -159.817273428603954, -21.254555867582035 ], [ -159.81650852872292, -21.253601640425725 ], [ -159.8155561626875, -21.252952014215257 ], [ -159.814072984149021, -21.251373795355963 ], [ -159.811186683684838, -21.249561569555539 ], [ -159.8109100533743, -21.249967934101015 ], [ -159.810396276548317, -21.250822836301335 ], [ -159.809983830555041, -21.251447544324424 ], [ -159.812335021571698, -21.2538998570726 ], [ -159.812859822321542, -21.254692400302737 ], [ -159.813442849298525, -21.255565956488088 ], [ -159.813627564374428, -21.255845174132915 ], [ -159.813667000055716, -21.256007575297783 ], [ -159.813912190755246, -21.256792431174059 ], [ -159.813901414794685, -21.257397862741282 ], [ -159.813945483534127, -21.257427732083194 ], [ -159.814171803065449, -21.257471201269144 ], [ -159.81424168854565, -21.257641259821533 ], [ -159.814857594342044, -21.257643523522702 ], [ -159.815191149705583, -21.25766559383959 ], [ -159.815510468440692, -21.257493627118507 ], [ -159.815743455385359, -21.257441562771319 ], [ -159.815980443776795, -21.25741978023094 ], [ -159.816208267413487, -21.257330789350441 ], [ -159.816418140956046, -21.257226454705421 ], [ -159.816435783092288, -21.257136451762641 ], [ -159.816685845788101, -21.257016902570459 ], [ -159.816710778441347, -21.256861181760364 ], [ -159.816800122316437, -21.256949583750448 ], [ -159.816914411665209, -21.256949613206146 ], [ -159.816936771558346, -21.256760517786265 ], [ -159.816954254550609, -21.256670520244473 ], [ -159.817063155001676, -21.256773019322257 ], [ -159.817211870909233, -21.256738118449963 ], [ -159.817408876284333, -21.256648793630806 ], [ -159.81760975969857, -21.256593004945451 ], [ -159.817865712473946, -21.256565605410398 ], [ -159.818034452540331, -21.256600516294295 ], [ -159.818122353090928, -21.256474954354044 ], [ -159.818259486029746, -21.256413454143342 ], [ -159.818409360620876, -21.256359376848305 ], [ -159.818596422895297, -21.25623673617023 ] ] ] ] } },
{ "type": "Feature", "properties": { "eaid": "0906", "ea_name": "rutaki", "cdid": "09", "gid": "1" }, "geometry": { "type": "MultiPolygon", "coordinates": [ [ [ [ -159.804782821743515, -21.252591984443811 ], [ -159.805385772325536, -21.250649655807251 ], [ -159.802370966031759, -21.251076289939551 ], [ -159.801720998849163, -21.251019583975452 ], [ -159.799636122232641, -21.251401820001224 ], [ -159.798060310663203, -21.251561670846705 ], [ -159.796528279454463, -21.252681767759309 ], [ -159.795696914789801, -21.254008379912975 ], [ -159.796152516266744, -21.254170176013126 ], [ -159.796255005885428, -21.254312863318685 ], [ -159.796463349534037, -21.254721340125609 ], [ -159.796521016835356, -21.254952490330119 ], [ -159.796554072783948, -21.255202996848173 ], [ -159.79680120140597, -21.255449059185757 ], [ -159.79702204167603, -21.25571285955294 ], [ -159.797321325361054, -21.256036447645617 ], [ -159.797487377106194, -21.256397248682514 ], [ -159.798431605203007, -21.257256232693777 ], [ -159.798773088682623, -21.257578624483067 ], [ -159.799469879762199, -21.258236528273926 ], [ -159.800411109262569, -21.25878631913719 ], [ -159.801260147375871, -21.260304054289634 ], [ -159.801385215941792, -21.260224621525737 ], [ -159.801438726148803, -21.260304673981288 ], [ -159.801582128965634, -21.260248974927674 ], [ -159.801540689070919, -21.260175209278895 ], [ -159.801621943333174, -21.260138048162631 ], [ -159.801725462164285, -21.260249119167792 ], [ -159.802321650186229, -21.260044785961668 ], [ -159.802403590749805, -21.260089382245837 ], [ -159.802462556899286, -21.260002981255216 ], [ -159.802536931877484, -21.260083995525044 ], [ -159.802661115819717, -21.260053459698636 ], [ -159.802915702237698, -21.259950864947054 ], [ -159.803111702636301, -21.25981006763659 ], [ -159.803288632077397, -21.259734359792525 ], [ -159.803341680410796, -21.259640871605598 ], [ -159.803637782614004, -21.259558923891948 ], [ -159.803630993720219, -21.259461917034887 ], [ -159.803831976553369, -21.259390906893071 ], [ -159.803840611485754, -21.259306542519273 ], [ -159.803936533555117, -21.259348033112694 ], [ -159.804048447293241, -21.25927851017347 ], [ -159.804035597553792, -21.2591822571158 ], [ -159.804113915301457, -21.259128108445751 ], [ -159.804233677016043, -21.259051886356705 ], [ -159.804507452624563, -21.258956335167209 ], [ -159.804774004223532, -21.258897289182407 ], [ -159.805077088082555, -21.258868649554611 ], [ -159.805124871430877, -21.258735046000346 ], [ -159.805172177342001, -21.258855340023086 ], [ -159.80590677415509, -21.258768233789016 ], [ -159.806022511363352, -21.258649802947023 ], [ -159.806090120180841, -21.25870797762235 ], [ -159.806213326354367, -21.258646787091404 ], [ -159.806230798948178, -21.258741895404498 ], [ -159.806716175938959, -21.258698151310295 ], [ -159.806494549744428, -21.257647724585585 ], [ -159.806237264636451, -21.256838706713488 ], [ -159.805861127886004, -21.255773180890078 ], [ -159.805437943174894, -21.255028003847404 ], [ -159.805055370029606, -21.254165384894808 ], [ -159.804782821743515, -21.252591984443811 ] ] ] ] } },
{ "type": "Feature", "properties": { "eaid": "0905", "ea_name": "rutaki", "cdid": "09", "gid": "1" }, "geometry": { "type": "MultiPolygon", "coordinates": [ [ [ [ -159.809983830555041, -21.251447544324424 ], [ -159.808494523972257, -21.249573505636182 ], [ -159.806874832725271, -21.248645096228209 ], [ -159.806422753890558, -21.249246319430146 ], [ -159.806278183680604, -21.249695854570238 ], [ -159.80631398756725, -21.250156540879722 ], [ -159.805385772325536, -21.250649655807251 ], [ -159.804782821743515, -21.252591984443811 ], [ -159.805055370029606, -21.254165384894808 ], [ -159.805437943174894, -21.255028003847404 ], [ -159.805861127886004, -21.255773180890078 ], [ -159.806237264636451, -21.256838706713488 ], [ -159.806494549744428, -21.257647724585585 ], [ -159.806716175938959, -21.258698151310295 ], [ -159.806871737128745, -21.258690743500988 ], [ -159.806994150121085, -21.258596734364161 ], [ -159.807185502241452, -21.258580094174221 ], [ -159.807420283224019, -21.258462074108756 ], [ -159.807481737368562, -21.258366768864036 ], [ -159.807393018335915, -21.258125070559299 ], [ -159.807429435323968, -21.258104992544496 ], [ -159.80748445064981, -21.258222334568444 ], [ -159.807577134193593, -21.258384200438034 ], [ -159.807946606592992, -21.258176556516638 ], [ -159.808238052383899, -21.258168586269829 ], [ -159.808259082146748, -21.258068923925116 ], [ -159.80848931503931, -21.258130176389002 ], [ -159.808608422607819, -21.258046715305333 ], [ -159.808686497255707, -21.258090997950017 ], [ -159.809471507978287, -21.257955318859953 ], [ -159.809664294629329, -21.257862108745126 ], [ -159.809664863470033, -21.257862540229336 ], [ -159.809910687297418, -21.257850819902238 ], [ -159.810059455656102, -21.257777260516526 ], [ -159.810206250388859, -21.257766295457152 ], [ -159.810233015307233, -21.257690531714648 ], [ -159.810395427181589, -21.257675722894728 ], [ -159.810458800246778, -21.257585436227728 ], [ -159.810604921964853, -21.257660122772183 ], [ -159.811062952623956, -21.257522243389321 ], [ -159.811497983644671, -21.257465052596295 ], [ -159.811880904989579, -21.257463546654495 ], [ -159.812306324151763, -21.257495738729073 ], [ -159.81276362450015, -21.257530462896391 ], [ -159.813243890499734, -21.257616674418536 ], [ -159.813781748130793, -21.257655199904402 ], [ -159.813901414794685, -21.257397862741282 ], [ -159.813912190755246, -21.256792431174059 ], [ -159.813667000055716, -21.256007575297783 ], [ -159.813627564374428, -21.255845174132915 ], [ -159.813442849298525, -21.255565956488088 ], [ -159.812859822321542, -21.254692400302737 ], [ -159.812335021571698, -21.2538998570726 ], [ -159.809983830555041, -21.251447544324424 ] ] ] ] } },
{ "type": "Feature", "properties": { "eaid": "2502", "ea_name": "teenui", "cdid": "25", "gid": "2" }, "geometry": { "type": "MultiPolygon", "coordinates": [ [ [ [ -158.123204737379439, -19.992714897571613 ], [ -158.122559271517019, -19.9927934648716 ], [ -158.121339860291187, -19.992851638671308 ], [ -158.120488819233287, -19.992942323847466 ], [ -158.120097077670323, -19.993077536867215 ], [ -158.119713704374561, -19.993290510815871 ], [ -158.119424976152203, -19.993477718364034 ], [ -158.119136819096951, -19.993703545070176 ], [ -158.118758086266894, -19.994030457921134 ], [ -158.118627829973548, -19.994169868506386 ], [ -158.118507394615875, -19.994298767839872 ], [ -158.118703168525542, -19.994396940888137 ], [ -158.118920661557638, -19.994249872628306 ], [ -158.119233442300413, -19.994286218341333 ], [ -158.119757025625717, -19.993708857001486 ], [ -158.119577911794977, -19.993589435946912 ], [ -158.119877220428378, -19.993370955594688 ], [ -158.12022391714018, -19.993163010208566 ], [ -158.12061776962932, -19.99302124752024 ], [ -158.121206743790026, -19.992955078419282 ], [ -158.122304724094192, -19.992854978184095 ], [ -158.122315204630468, -19.993095815239062 ], [ -158.122308297245951, -19.993349123680087 ], [ -158.122388166498069, -19.993965908862503 ], [ -158.122775104899432, -19.993890958231937 ], [ -158.122726220434544, -19.993328712002253 ], [ -158.122994731478997, -19.993374496797816 ], [ -158.122974176847606, -19.993286674650712 ], [ -158.124049284570617, -19.993208191648165 ], [ -158.124002322043083, -19.992724640969058 ], [ -158.124172347939009, -19.992707238224746 ], [ -158.124140839026808, -19.992627362208818 ], [ -158.123204737379439, -19.992714897571613 ] ] ] ] } },
{ "type": "Feature", "properties": { "eaid": "2702", "ea_name": "areora", "cdid": "27", "gid": "2" }, "geometry": { "type": "MultiPolygon", "coordinates": [ [ [ [ -158.115744734937635, -19.999295073854583 ], [ -158.115579177172265, -19.999759916730127 ], [ -158.115423089734151, -20.000024740974425 ], [ -158.115434000792305, -20.000023882121681 ], [ -158.115786561435414, -20.000184075123986 ], [ -158.115974788255215, -20.00028675593882 ], [ -158.116650503294011, -20.000399980253857 ], [ -158.116688968724418, -20.000067641472455 ], [ -158.117110811805503, -20.000127867420758 ], [ -158.117192531580599, -20.000102801572869 ], [ -158.117218539546911, -19.999948812937447 ], [ -158.117382110620895, -19.999931384631083 ], [ -158.117668872499735, -19.999900842127815 ], [ -158.117605506964026, -19.999450182363599 ], [ -158.117504593424798, -19.999103224694018 ], [ -158.117381633909304, -19.998906661951246 ], [ -158.117338898785562, -19.998544096145192 ], [ -158.117372488728392, -19.998345156417372 ], [ -158.117475993452359, -19.998117748909262 ], [ -158.117714876055231, -19.99771359317366 ], [ -158.117557656391995, -19.997624904838322 ], [ -158.117627605609783, -19.997520009986744 ], [ -158.117813155150657, -19.997223181033714 ], [ -158.118589555274355, -19.997498540212092 ], [ -158.118806099974989, -19.996888387304853 ], [ -158.118671448032813, -19.996823301186989 ], [ -158.118576504686871, -19.997042441143879 ], [ -158.118032562768065, -19.996890114673644 ], [ -158.118054189781901, -19.99685652639614 ], [ -158.117856764937073, -19.996767166281145 ], [ -158.117435093628472, -19.997390007223441 ], [ -158.116412805479456, -19.998476837879533 ], [ -158.11593189687855, -19.999029881362514 ], [ -158.115744734937635, -19.999295073854583 ] ] ] ] } },
{ "type": "Feature", "properties": { "eaid": "0304", "ea_name": "parekura", "cdid": "03", "gid": "1" }, "geometry": { "type": "MultiPolygon", "coordinates": [ [ [ [ -159.777106625366997, -21.207450943813253 ], [ -159.776883644016237, -21.206863200528407 ], [ -159.77688356457233, -21.206863200893824 ], [ -159.776726552107419, -21.20696427936576 ], [ -159.776688704010184, -21.206988571455931 ], [ -159.77658909597821, -21.207052621614476 ], [ -159.776495823077028, -21.207112758412109 ], [ -159.776474444489963, -21.207126496487824 ], [ -159.77643765941508, -21.207141389344628 ], [ -159.776391159016896, -21.207151900697525 ], [ -159.77634896995977, -21.207151281663474 ], [ -159.776392770615161, -21.207399396740591 ], [ -159.776430742352915, -21.207626672426425 ], [ -159.776501319403366, -21.207875296662351 ], [ -159.776604363024603, -21.208209855784038 ], [ -159.776635036767033, -21.208363184914052 ], [ -159.776395975979085, -21.208529226137479 ], [ -159.777489365100081, -21.209372120922183 ], [ -159.777586835123714, -21.209536794826601 ], [ -159.777786054279488, -21.20975772711861 ], [ -159.778312181453543, -21.210338832809857 ], [ -159.778588015501299, -21.210731217959733 ], [ -159.778895484484849, -21.211186687444485 ], [ -159.77938397489433, -21.210967913461324 ], [ -159.779372067667992, -21.210642253596514 ], [ -159.779119799249088, -21.210360130016372 ], [ -159.7790414353058, -21.209476344857496 ], [ -159.778910158025695, -21.209561408623728 ], [ -159.77862994233891, -21.209772536627092 ], [ -159.778487768851136, -21.209612947243293 ], [ -159.778186372053028, -21.209329888189536 ], [ -159.778112972311845, -21.209134572308507 ], [ -159.778097629625137, -21.20895082209719 ], [ -159.77794244437095, -21.208415159330062 ], [ -159.777544541302035, -21.207391930267356 ], [ -159.777134981565922, -21.207525696670601 ], [ -159.777106625366997, -21.207450943813253 ] ] ] ] } },
{ "type": "Feature", "properties": { "eaid": "0305", "ea_name": "tauae", "cdid": "03", "gid": "1" }, "geometry": { "type": "MultiPolygon", "coordinates": [ [ [ [ -159.777270081414201, -21.211616648555456 ], [ -159.776599973786261, -21.212064695636737 ], [ -159.776192143915949, -21.212942316952343 ], [ -159.776352534182564, -21.213288445522913 ], [ -159.776624448252136, -21.213538853541777 ], [ -159.777161858132217, -21.213951355321193 ], [ -159.777343356336758, -21.213760827600542 ], [ -159.777414659928411, -21.213570716744403 ], [ -159.777425889379828, -21.213484851880139 ], [ -159.777469260928342, -21.213361984527868 ], [ -159.777484491502605, -21.213236085202709 ], [ -159.777496322492084, -21.213204415350816 ], [ -159.777580574198311, -21.213059499958078 ], [ -159.777628918729164, -21.213036694913995 ], [ -159.777788163055959, -21.213026928512924 ], [ -159.777822802559285, -21.2130420346626 ], [ -159.777972509285718, -21.213107375953207 ], [ -159.778132489065626, -21.213192451956978 ], [ -159.778230756921886, -21.213205548528865 ], [ -159.77831632164731, -21.213205154151815 ], [ -159.778371339675118, -21.21318231813656 ], [ -159.778456627090293, -21.213159342559024 ], [ -159.778664548943254, -21.213144834428594 ], [ -159.778689169202551, -21.213158270336919 ], [ -159.778707901984518, -21.213185282836939 ], [ -159.778696133933977, -21.213244051365081 ], [ -159.778665998717287, -21.213284928996643 ], [ -159.778617725331571, -21.213321283451137 ], [ -159.778599506708559, -21.213362015791905 ], [ -159.778539591967473, -21.213466171124615 ], [ -159.778534100180138, -21.21352491070353 ], [ -159.778541200058783, -21.213606174631909 ], [ -159.778560249157522, -21.213678350500373 ], [ -159.778746910572153, -21.213957601875958 ], [ -159.778753836388319, -21.21402080066682 ], [ -159.778742029300844, -21.214056986969219 ], [ -159.778705720229937, -21.214102319233248 ], [ -159.778645900505495, -21.21422463041565 ], [ -159.778610780115315, -21.214360286796289 ], [ -159.778611500570491, -21.214437063648315 ], [ -159.778649504347072, -21.214563349857393 ], [ -159.778680655361228, -21.214594911893759 ], [ -159.778742939728232, -21.214684954253666 ], [ -159.778762361197607, -21.214797776691338 ], [ -159.778489275117153, -21.215006794131739 ], [ -159.778416720997058, -21.215079482661704 ], [ -159.778362985625478, -21.215210708327255 ], [ -159.778273226354912, -21.215396297798719 ], [ -159.778273780919449, -21.215441460048201 ], [ -159.778305818117076, -21.215581413594702 ], [ -159.778313853007091, -21.215734936890055 ], [ -159.778278366851652, -21.215861561920459 ], [ -159.778291259655759, -21.215911183772697 ], [ -159.778401724420604, -21.21594689669967 ], [ -159.778438335011629, -21.215928661987437 ], [ -159.778461981204856, -21.215847165990727 ], [ -159.778534488767036, -21.215765535022474 ], [ -159.778740971716218, -21.215642637820604 ], [ -159.7788271803866, -21.215673855537961 ], [ -159.778882530974414, -21.21571424852603 ], [ -159.778913895085509, -21.215786367513815 ], [ -159.778933912512514, -21.215921859889299 ], [ -159.778928143439003, -21.215958018343024 ], [ -159.778941131260581, -21.216025705619735 ], [ -159.779164288066227, -21.216264049338012 ], [ -159.77917138014007, -21.216358862675694 ], [ -159.779220764552804, -21.216412922841691 ], [ -159.779356770426091, -21.216516174102132 ], [ -159.779433145716951, -21.216777777310707 ], [ -159.779427226148897, -21.216800387033583 ], [ -159.779434398351469, -21.216895290308884 ], [ -159.779465715566289, -21.216958376429549 ], [ -159.779558755455582, -21.217079891779779 ], [ -159.779634069328949, -21.217260293480962 ], [ -159.779653721940946, -21.217386664123708 ], [ -159.779695720962906, -21.217305173554493 ], [ -159.779695507459394, -21.217264526234349 ], [ -159.779730793034616, -21.217160393938844 ], [ -159.779754923025507, -21.217110601230896 ], [ -159.779870094724515, -21.21702877265129 ], [ -159.779931175767388, -21.217010424578763 ], [ -159.779768343979754, -21.216685899926198 ], [ -159.779762139779479, -21.21665431322953 ], [ -159.779803661853521, -21.216572824836295 ], [ -159.779845836016108, -21.216464234548702 ], [ -159.779963485241524, -21.216052601187471 ], [ -159.780054966942032, -21.215469372105254 ], [ -159.780066445225799, -21.214841438124626 ], [ -159.779998031019886, -21.214204840222511 ], [ -159.779910911590349, -21.214060624960293 ], [ -159.779909730330928, -21.213956751376244 ], [ -159.779939580007067, -21.213906932219718 ], [ -159.779982109286351, -21.213866087447261 ], [ -159.780091771749312, -21.213824932523451 ], [ -159.780182986830994, -21.213765796847635 ], [ -159.780334939471885, -21.21368370771328 ], [ -159.78042629680948, -21.213651670131171 ], [ -159.780487178243106, -21.213610740412296 ], [ -159.78053530878239, -21.213547287215789 ], [ -159.780558882722943, -21.213452332167158 ], [ -159.780539419929966, -21.213362092540002 ], [ -159.780377662212089, -21.213105310504655 ], [ -159.780339410817987, -21.212992575276907 ], [ -159.780313965960289, -21.212897846778354 ], [ -159.780319687129463, -21.212852655537162 ], [ -159.780337587428249, -21.212811924493391 ], [ -159.780512846373142, -21.212357479205746 ], [ -159.780526778268808, -21.212196628105708 ], [ -159.780530556142793, -21.211993369019993 ], [ -159.780627172728884, -21.211888953023497 ], [ -159.780887586993202, -21.211643859033451 ], [ -159.780946647895092, -21.211528867303365 ], [ -159.779994120563515, -21.211524688403468 ], [ -159.77938397489433, -21.210967913461324 ], [ -159.778895484484849, -21.211186687444485 ], [ -159.778588015501299, -21.210731217959733 ], [ -159.778312181453543, -21.210338832809857 ], [ -159.777786054279488, -21.20975772711861 ], [ -159.777586835123714, -21.209536794826601 ], [ -159.777489365100081, -21.209372120922183 ], [ -159.777301691177115, -21.209504956505935 ], [ -159.777576580127175, -21.210081801012269 ], [ -159.77701095315453, -21.210286742953418 ], [ -159.777098739891187, -21.210680899064148 ], [ -159.777454668248737, -21.210893703455017 ], [ -159.777748900145554, -21.211128109026983 ], [ -159.777327898152294, -21.211415218252291 ], [ -159.777270081414201, -21.211616648555456 ] ] ] ] } },
{ "type": "Feature", "properties": { "eaid": "3902", "ea_name": "tauhunu", "cdid": "39", "gid": "3" }, "geometry": { "type": "MultiPolygon", "coordinates": [ [ [ [ -161.03379309200983, -10.441500805626996 ], [ -161.03417942318012, -10.44160136754757 ], [ -161.035740500468819, -10.44185530084777 ], [ -161.036756527799326, -10.44174417041566 ], [ -161.03724869254205, -10.441342041504168 ], [ -161.037539682726049, -10.440839347743834 ], [ -161.037724924766252, -10.440008468304269 ], [ -161.037851917549148, -10.439251793843029 ], [ -161.038037170793928, -10.438526829339297 ], [ -161.03810738200923, -10.437179490268413 ], [ -161.03793646473423, -10.436174569609765 ], [ -161.037704374908316, -10.434979446096069 ], [ -161.03732868910862, -10.433366457771449 ], [ -161.037087587551696, -10.432405451656916 ], [ -161.03673597916702, -10.431066313295178 ], [ -161.036684937526104, -10.430338336976211 ], [ -161.036639993443572, -10.429795311615855 ], [ -161.036331916569139, -10.428526293555478 ], [ -161.035757194466782, -10.426592213519326 ], [ -161.035412493023102, -10.425027189156516 ], [ -161.035292307806458, -10.424503167977395 ], [ -161.035046643121717, -10.423555561467325 ], [ -161.034910981644714, -10.423094536830995 ], [ -161.034942746704559, -10.422745320557643 ], [ -161.034879271343215, -10.422385413875126 ], [ -161.034762855428369, -10.422163208436373 ], [ -161.034740358945072, -10.421701825015896 ], [ -161.032514032105667, -10.422216367882513 ], [ -161.032688439005739, -10.422290177381571 ], [ -161.03277311550255, -10.422575935976338 ], [ -161.032720181914357, -10.422819371674025 ], [ -161.032783718818962, -10.422956965031648 ], [ -161.032942484259934, -10.422882845289093 ], [ -161.033005952679304, -10.423009865557693 ], [ -161.033037744920733, -10.423221584486326 ], [ -161.032910713017515, -10.423359124071716 ], [ -161.033058911125124, -10.423327365254766 ], [ -161.033058838666363, -10.423443854506676 ], [ -161.032804865691901, -10.423454415859071 ], [ -161.032730772076093, -10.423581406900372 ], [ -161.033069466464184, -10.423666100687084 ], [ -161.03307875191939, -10.424006380497103 ], [ -161.032898833665115, -10.424011681466075 ], [ -161.032441750262052, -10.424038987349682 ], [ -161.032554853214322, -10.424191628815887 ], [ -161.033046960801698, -10.42415461104631 ], [ -161.033047003485393, -10.424567337140376 ], [ -161.033147537203376, -10.42562567032809 ], [ -161.033311579958564, -10.426086063563346 ], [ -161.033359167870231, -10.426747550759087 ], [ -161.033480929492953, -10.427456643639468 ], [ -161.033578214975478, -10.427782084754524 ], [ -161.033721447666665, -10.428284090263885 ], [ -161.033815382870728, -10.429021103768854 ], [ -161.034004788283795, -10.429710968295208 ], [ -161.034179417974258, -10.430409511860436 ], [ -161.034218002456811, -10.431133231115112 ], [ -161.034385767852712, -10.431319683632839 ], [ -161.034465193655279, -10.432314527774709 ], [ -161.034327555699747, -10.43285962028061 ], [ -161.034052438384805, -10.433534005780306 ], [ -161.033925396113887, -10.434110751184937 ], [ -161.033890979976263, -10.434364823409854 ], [ -161.03382224913608, -10.434645231426598 ], [ -161.033586725154919, -10.435341144348087 ], [ -161.033449130890375, -10.435812132111854 ], [ -161.033319469722898, -10.436055514275212 ], [ -161.0332321945518, -10.436309561541087 ], [ -161.033097266304992, -10.436576744877394 ], [ -161.032790291569057, -10.436984195198539 ], [ -161.032419897547527, -10.437330867511129 ], [ -161.03191982980124, -10.437664266655354 ], [ -161.031692239038932, -10.437762140928415 ], [ -161.031538837228396, -10.437886473826687 ], [ -161.031673746173112, -10.438288672240107 ], [ -161.031962164663526, -10.438756949359279 ], [ -161.032417234087006, -10.43916976179897 ], [ -161.033295691156241, -10.438746382589116 ], [ -161.033846006071428, -10.438312439440697 ], [ -161.034116758097753, -10.437545269907215 ], [ -161.034239548330788, -10.437044192217028 ], [ -161.034145657591921, -10.436396195251026 ], [ -161.033996819001459, -10.43569306006548 ], [ -161.034052444068067, -10.434531434214268 ], [ -161.034086795357865, -10.434383277613323 ], [ -161.034166220746471, -10.433975829770416 ], [ -161.034256139399872, -10.433676851090373 ], [ -161.034488975275167, -10.433216462890316 ], [ -161.034835569725487, -10.433205851108889 ], [ -161.034944082120148, -10.433219077161992 ], [ -161.03497053887105, -10.434370058167071 ], [ -161.034766839907405, -10.435050044120556 ], [ -161.034634537383027, -10.435674539187222 ], [ -161.034872680335582, -10.436076710727724 ], [ -161.03539651946744, -10.436632319288462 ], [ -161.035460014157877, -10.437156248647744 ], [ -161.035587072204379, -10.437658897044194 ], [ -161.035714060396259, -10.438278034263625 ], [ -161.035994514349937, -10.438944812589526 ], [ -161.036100364557143, -10.439347012516814 ], [ -161.03606332755399, -10.439579864165415 ], [ -161.036142711277932, -10.439733350492421 ], [ -161.03608449135433, -10.439881478663734 ], [ -161.036031583192766, -10.440024331432125 ], [ -161.036058022486145, -10.440257230170065 ], [ -161.035999804750958, -10.440463557388806 ], [ -161.035745806224156, -10.440495360975639 ], [ -161.035354160761813, -10.440654109751611 ], [ -161.035174308474666, -10.440844584003496 ], [ -161.035109377143073, -10.440725075249293 ], [ -161.035216630368666, -10.440590642137813 ], [ -161.035153134533573, -10.440437144644003 ], [ -161.034952050495093, -10.440315431033671 ], [ -161.034708591044847, -10.44028896752066 ], [ -161.034459910117363, -10.440304830846941 ], [ -161.034285271020508, -10.440220181220758 ], [ -161.034279985460756, -10.439997901505494 ], [ -161.034274654704035, -10.43984972653916 ], [ -161.034298849429689, -10.439621836721438 ], [ -161.034316301893199, -10.439457159397692 ], [ -161.034274638670752, -10.4393840433329 ], [ -161.034125679159359, -10.439369267678027 ], [ -161.033965507615477, -10.439309287339308 ], [ -161.033793134571198, -10.439283544984185 ], [ -161.033576131129422, -10.439214708520447 ], [ -161.033390900725863, -10.439272912425018 ], [ -161.033306267877037, -10.439331108273652 ], [ -161.03319510437575, -10.439431676461711 ], [ -161.033020490689665, -10.439872264204416 ], [ -161.032949580500627, -10.440049210972589 ], [ -161.033036371737325, -10.440601188865193 ], [ -161.033173953720166, -10.441008610536555 ], [ -161.033284250749801, -10.441203290963358 ], [ -161.03379309200983, -10.441500805626996 ] ] ] ] } },
{ "type": "Feature", "properties": { "eaid": "4002", "ea_name": "tukao", "cdid": "40", "gid": "3" }, "geometry": { "type": "MultiPolygon", "coordinates": [ [ [ [ -161.003989643581207, -10.372690091173089 ], [ -161.003407517735468, -10.373441469894702 ], [ -161.002825477573936, -10.374076537101597 ], [ -161.002153117402969, -10.374951926993642 ], [ -161.001677202404579, -10.375583891398671 ], [ -161.001443231581817, -10.375869844668973 ], [ -161.001108020208079, -10.376584798301577 ], [ -161.000710957325481, -10.377162860033291 ], [ -161.000481957839412, -10.377425827139398 ], [ -161.000305896610342, -10.378010826249524 ], [ -160.999860924379334, -10.378987732607827 ], [ -160.999098076614729, -10.380091785401667 ], [ -160.998216088402245, -10.381249718484513 ], [ -160.997650916560531, -10.381936640282236 ], [ -160.997307093962036, -10.382518706579138 ], [ -160.996922983496944, -10.383158681682943 ], [ -160.996632116356636, -10.383413627485226 ], [ -160.996133146713134, -10.384117578084769 ], [ -160.996225955301782, -10.384802665029403 ], [ -160.995638790634473, -10.385940595693132 ], [ -160.994924921373524, -10.387079584911332 ], [ -160.994556960986586, -10.387774586387598 ], [ -160.993872990873967, -10.388429528128219 ], [ -160.993370013502982, -10.389441495194067 ], [ -160.992402733407602, -10.390833475954029 ], [ -160.991814812190142, -10.391760476110543 ], [ -160.991057767189801, -10.392731363016958 ], [ -160.990341670144574, -10.393618308603365 ], [ -160.989584998066761, -10.39467323891431 ], [ -160.989077711017131, -10.395507283750742 ], [ -160.988685702321874, -10.396010296565699 ], [ -160.988182782402305, -10.396714175209532 ], [ -160.98762691236513, -10.397391179214164 ], [ -160.987083717793496, -10.398144198954919 ], [ -160.986549789854251, -10.398958072839878 ], [ -160.985821889387182, -10.399947027890983 ], [ -160.985032734534087, -10.40103703819933 ], [ -160.984181021433301, -10.402010038931021 ], [ -160.983695036873655, -10.402584935444215 ], [ -160.983290027222353, -10.403308989827366 ], [ -160.98286196394605, -10.40388795543293 ], [ -160.982582981898048, -10.404133963431509 ], [ -160.982136926463738, -10.404522892541198 ], [ -160.981536890908103, -10.405041828140066 ], [ -160.980772976228963, -10.405959784601619 ], [ -160.979969827311663, -10.406781824301293 ], [ -160.979130994461258, -10.407700783749149 ], [ -160.978202990105387, -10.408580708728888 ], [ -160.976084048574137, -10.410604623623636 ], [ -160.97516499582207, -10.411330489270011 ], [ -160.973980991145879, -10.412261510417347 ], [ -160.972978128438172, -10.413107453881498 ], [ -160.972373329028272, -10.413568386491477 ], [ -160.971574120484917, -10.414293235059729 ], [ -160.970584195003539, -10.415103214751172 ], [ -160.969709456618205, -10.415492240603051 ], [ -160.968904180623525, -10.415876137576692 ], [ -160.968136311888429, -10.416366083608894 ], [ -160.966965328724882, -10.417231031790667 ], [ -160.965674374441278, -10.418093008504888 ], [ -160.964570710443468, -10.418912891274299 ], [ -160.963435647597009, -10.419817826116899 ], [ -160.962202669202213, -10.420634791080962 ], [ -160.961230790660579, -10.421219694798953 ], [ -160.960412844550689, -10.421881646508448 ], [ -160.959445586569984, -10.4225805712708 ], [ -160.958123747259549, -10.423399514571861 ], [ -160.956984002238187, -10.424175495410347 ], [ -160.9560429956814, -10.42502933590813 ], [ -160.955428871407122, -10.425512353232989 ], [ -160.955119995496034, -10.42582531446361 ], [ -160.954577821653771, -10.426834327826631 ], [ -160.954482002299642, -10.427431301469028 ], [ -160.954284028859405, -10.42800829407196 ], [ -160.954391911202492, -10.428934254313219 ], [ -160.954330746083315, -10.429425367170895 ], [ -160.954415604547648, -10.429871303128326 ], [ -160.954433576532182, -10.430229351222968 ], [ -160.954306496493587, -10.430619375522715 ], [ -160.954488602920918, -10.430926351811538 ], [ -160.954448664268313, -10.431271378476495 ], [ -160.954409784293375, -10.431665382172664 ], [ -160.954508689461676, -10.432057368235453 ], [ -160.954300616953589, -10.432488376227933 ], [ -160.954354592170205, -10.432739380261017 ], [ -160.95490751488046, -10.432570339621396 ], [ -160.955588604690689, -10.432571413622858 ], [ -160.956093263084313, -10.432752509559391 ], [ -160.956190435868507, -10.4327824615259 ], [ -160.956300280802395, -10.432237458172859 ], [ -160.956298495515171, -10.431433489821419 ], [ -160.956275554724726, -10.430726442962253 ], [ -160.9565024358605, -10.42938948685943 ], [ -160.956606536179976, -10.428262501386357 ], [ -160.957003602154828, -10.427590479667545 ], [ -160.957617729985543, -10.426758519921034 ], [ -160.958575654851046, -10.4257805761737 ], [ -160.959971699393947, -10.424713636974102 ], [ -160.961845446340504, -10.423434725298522 ], [ -160.963479412602993, -10.422308836341163 ], [ -160.965468307588253, -10.421001998564115 ], [ -160.966776089037609, -10.420095994945731 ], [ -160.968031036976555, -10.41927906037342 ], [ -160.970483239745846, -10.41740622285092 ], [ -160.971500157809686, -10.416984325519266 ], [ -160.972445101272143, -10.416444387959464 ], [ -160.973394104264258, -10.415413418043192 ], [ -160.974202967444739, -10.414751496707172 ], [ -160.974909974940971, -10.414487488749756 ], [ -160.975434846505124, -10.413757548323201 ], [ -160.976150819718896, -10.413100625120604 ], [ -160.976631784345898, -10.412644608416151 ], [ -160.9772639595501, -10.412072701046252 ], [ -160.978098758906242, -10.411502703989717 ], [ -160.979365919000685, -10.410340792055095 ], [ -160.980151785776684, -10.40935582383338 ], [ -160.981087747154191, -10.408293921264724 ], [ -160.982155838254471, -10.407350945055075 ], [ -160.983047553745763, -10.406307026053836 ], [ -160.983758533237165, -10.405579992021813 ], [ -160.984993663645753, -10.403932051402911 ], [ -160.985589497185344, -10.403369124582298 ], [ -160.986410623632111, -10.40244113541508 ], [ -160.987040655270619, -10.401703121206635 ], [ -160.988069494258781, -10.400108237420199 ], [ -160.988899644164377, -10.399026281869064 ], [ -160.989565673285881, -10.398327263695586 ], [ -160.990418461585534, -10.397516377115103 ], [ -160.990625507716601, -10.397112385822906 ], [ -160.990955597723968, -10.396450426570528 ], [ -160.991710552102063, -10.395457409860329 ], [ -160.992257758853327, -10.394698485753388 ], [ -160.992886691260082, -10.393518454097176 ], [ -160.993494716605966, -10.392817532336506 ], [ -160.994329585801779, -10.391725598642244 ], [ -160.995054613891085, -10.390670677158967 ], [ -160.995416803577001, -10.389979687144118 ], [ -160.995851657783419, -10.389397596892254 ], [ -160.996323621544434, -10.38881464277954 ], [ -160.997052632359811, -10.387902755483836 ], [ -160.997630733818397, -10.387163787550813 ], [ -160.998299658119976, -10.385777812188874 ], [ -160.998899788942254, -10.38475086659861 ], [ -160.999119800118081, -10.384138843034945 ], [ -160.999798750808282, -10.38289884759584 ], [ -161.00020376986609, -10.382244822363266 ], [ -161.000952118580329, -10.381500904541582 ], [ -161.001777682293749, -10.380717733991149 ], [ -161.002012763014164, -10.38002599700796 ], [ -161.002391536754288, -10.380040353956058 ], [ -161.002645484911682, -10.379722915529879 ], [ -161.002899798889928, -10.3789780092873 ], [ -161.003204705885594, -10.378612083853955 ], [ -161.003424648827945, -10.378132998845176 ], [ -161.003609690689814, -10.377848072458281 ], [ -161.003617662171337, -10.377137056677988 ], [ -161.004169561657704, -10.376272627597695 ], [ -161.004783430247045, -10.375256616998769 ], [ -161.005481915501633, -10.37464278028652 ], [ -161.006476768439484, -10.374155873166391 ], [ -161.007154176255597, -10.374346395174499 ], [ -161.007062862426977, -10.374110911324379 ], [ -161.006665995839825, -10.372094727341841 ], [ -161.006570737286836, -10.371724340759215 ], [ -161.006364359617351, -10.371306298359709 ], [ -161.006222750740903, -10.371081340164569 ], [ -161.005051951634726, -10.371719000839052 ], [ -161.003989643581207, -10.372690091173089 ] ] ] ] } },
{ "type": "Feature", "properties": { "eaid": "0102", "ea_name": "kiikii-ooa", "cdid": "01", "gid": "1" }, "geometry": { "type": "MultiPolygon", "coordinates": [ [ [ [ -159.74869442040918, -21.208019141563724 ], [ -159.748282166244934, -21.207540777430825 ], [ -159.747670201451427, -21.208077605002536 ], [ -159.746624765025246, -21.209218314481689 ], [ -159.745649116091471, -21.210077631714125 ], [ -159.744882427755385, -21.21076961974742 ], [ -159.74339072916834, -21.21181550696997 ], [ -159.741253920580988, -21.212946564347341 ], [ -159.740977832043484, -21.213109079483317 ], [ -159.741559863082841, -21.214167613141711 ], [ -159.74227596759988, -21.21506437015972 ], [ -159.742179458867525, -21.21533135667265 ], [ -159.742726519779495, -21.215841255385079 ], [ -159.743907512602334, -21.216874942780603 ], [ -159.744958557175863, -21.217513736624046 ], [ -159.7456051505456, -21.217860320303814 ], [ -159.746429702433261, -21.217558193628935 ], [ -159.748543180177222, -21.217502983083232 ], [ -159.748465392840274, -21.218431740239513 ], [ -159.748831542598992, -21.21854628520931 ], [ -159.74970226176967, -21.218546214638614 ], [ -159.749680204333288, -21.217293706037285 ], [ -159.750858661589859, -21.21678099498153 ], [ -159.751477933020425, -21.216503726812711 ], [ -159.751943716879566, -21.216003080683215 ], [ -159.752089081625996, -21.215846835553197 ], [ -159.75262341361622, -21.215052350662102 ], [ -159.754099209085126, -21.216741891990068 ], [ -159.754895731763298, -21.216152542584059 ], [ -159.754128965030787, -21.215530072700012 ], [ -159.753926349904759, -21.215292325716881 ], [ -159.753619760471963, -21.214762283038826 ], [ -159.753096438114426, -21.214170517485737 ], [ -159.752609620554153, -21.213303171186446 ], [ -159.752444394045398, -21.213010967221813 ], [ -159.751883773059376, -21.21217438859744 ], [ -159.751171209527939, -21.211643347827945 ], [ -159.750717588812705, -21.210229130128955 ], [ -159.750329219556903, -21.209763871808804 ], [ -159.750328224859828, -21.209762782155952 ], [ -159.749682484735047, -21.209389972611817 ], [ -159.749431965924828, -21.208736678428718 ], [ -159.74869442040918, -21.208019141563724 ] ] ] ] } },
{ "type": "Feature", "properties": { "eaid": "0204", "ea_name": "ngatipa", "cdid": "02", "gid": "1" }, "geometry": { "type": "MultiPolygon", "coordinates": [ [ [ [ -159.769665544482535, -21.208354388127599 ], [ -159.769083139449748, -21.207846744287817 ], [ -159.767760897391668, -21.206960409100603 ], [ -159.767529970594893, -21.206787819693943 ], [ -159.767073544139492, -21.207562841026711 ], [ -159.766347128284224, -21.208279112426791 ], [ -159.766486364082311, -21.208672680125737 ], [ -159.766906995500648, -21.209003365107478 ], [ -159.766786191903833, -21.209148712405121 ], [ -159.767093404703928, -21.209485241243883 ], [ -159.766985107662521, -21.2096678381007 ], [ -159.766901918429568, -21.209804794629701 ], [ -159.767335666154565, -21.210089982919321 ], [ -159.767804485769773, -21.210228043953101 ], [ -159.768653028353157, -21.210865164216671 ], [ -159.768919515040523, -21.211328878538964 ], [ -159.768945540336375, -21.211721243014495 ], [ -159.769090980233358, -21.212451619681033 ], [ -159.769500724831602, -21.212257440858668 ], [ -159.769468498211126, -21.212891702771959 ], [ -159.770226755605563, -21.212921306459197 ], [ -159.770352825461629, -21.212351653830989 ], [ -159.770642853829713, -21.212190988753235 ], [ -159.770757985665, -21.212039973893976 ], [ -159.770834514886388, -21.211615345651825 ], [ -159.771049610188925, -21.211406605190263 ], [ -159.771020151288184, -21.21114966117235 ], [ -159.770789204673974, -21.210309654893607 ], [ -159.771047513998695, -21.210130797023066 ], [ -159.770800472486826, -21.208813268162867 ], [ -159.769665544482535, -21.208354388127599 ] ] ] ] } },
{ "type": "Feature", "properties": { "eaid": "0307", "ea_name": "takuvaine valley", "cdid": "03", "gid": "1" }, "geometry": { "type": "MultiPolygon", "coordinates": [ [ [ [ -159.773149024393263, -21.218255017603585 ], [ -159.773105660776537, -21.217922712689262 ], [ -159.773190581168905, -21.217859093023787 ], [ -159.773245742905971, -21.217863356867564 ], [ -159.77338681930911, -21.217903359007142 ], [ -159.773534463601322, -21.21798397928055 ], [ -159.773706872900618, -21.218059969443129 ], [ -159.773754041074568, -21.217978727567857 ], [ -159.773944339834458, -21.217950485403495 ], [ -159.774169933245702, -21.217895253275806 ], [ -159.774462790878573, -21.217803580440961 ], [ -159.774585349630172, -21.217812051142207 ], [ -159.774695048425258, -21.217533422825177 ], [ -159.77448240924474, -21.217360784834206 ], [ -159.774340249397284, -21.217234885070035 ], [ -159.774241846565644, -21.217181138573469 ], [ -159.774075958864046, -21.217136734410314 ], [ -159.773981809107596, -21.217060566501015 ], [ -159.773835365138666, -21.216966210981894 ], [ -159.773682433908931, -21.216953362419289 ], [ -159.773631438825561, -21.216772846430509 ], [ -159.773371396110349, -21.216498532294121 ], [ -159.773327522794801, -21.216403887093573 ], [ -159.773790274348357, -21.215647333429484 ], [ -159.773889135048648, -21.215728177034318 ], [ -159.773975681298509, -21.215809077028876 ], [ -159.774129797431783, -21.21591224959721 ], [ -159.774289233633766, -21.215938617401772 ], [ -159.774304828271454, -21.215699172258031 ], [ -159.774317405255005, -21.215170595655916 ], [ -159.773555177360265, -21.214594714883255 ], [ -159.773703272943408, -21.214198482599475 ], [ -159.773785069641264, -21.213901826363514 ], [ -159.773535689620246, -21.213797463906136 ], [ -159.773438594961107, -21.213948578630262 ], [ -159.773147104974981, -21.21399643337746 ], [ -159.773059337494715, -21.213909576732185 ], [ -159.772860545061206, -21.213465161258672 ], [ -159.772738976675555, -21.213310440855025 ], [ -159.772439613168274, -21.213509271359381 ], [ -159.772382129935579, -21.213669327594666 ], [ -159.77239935802541, -21.213819647774859 ], [ -159.772284845677461, -21.213982765064088 ], [ -159.77226219834867, -21.214149978630083 ], [ -159.772135254190545, -21.214290660580559 ], [ -159.771922467453976, -21.214409062147876 ], [ -159.771935639804781, -21.214512881107584 ], [ -159.77192525999439, -21.214671095902716 ], [ -159.771755862193629, -21.214852529707596 ], [ -159.771714697253003, -21.21498821243987 ], [ -159.771595006524763, -21.215072495104117 ], [ -159.770707957601275, -21.214738442273735 ], [ -159.769698043949148, -21.215255038101112 ], [ -159.769588112896884, -21.215582352236513 ], [ -159.769771075619502, -21.216621936111444 ], [ -159.769873912375516, -21.217745439991546 ], [ -159.769564541917674, -21.218223339768027 ], [ -159.771351311615376, -21.218264144200813 ], [ -159.771710805425414, -21.218197915569473 ], [ -159.772178768394781, -21.218135074267764 ], [ -159.772203764944294, -21.218190241698462 ], [ -159.77202057208001, -21.218546075168838 ], [ -159.7718779661258, -21.218823136062355 ], [ -159.77147446179265, -21.219043668645888 ], [ -159.77133956905385, -21.219322229463025 ], [ -159.771311805006007, -21.21962125722607 ], [ -159.770675946980816, -21.219866515806572 ], [ -159.770237614481147, -21.220710298700524 ], [ -159.771698503031416, -21.220996836685263 ], [ -159.771781361431067, -21.221361299348043 ], [ -159.771815013029112, -21.221415343277744 ], [ -159.771474938678637, -21.221703333186984 ], [ -159.771269511342553, -21.221802821585197 ], [ -159.771092187763941, -21.221943823333149 ], [ -159.771101423114402, -21.222039169261773 ], [ -159.771186333152116, -21.222309318667545 ], [ -159.771054219121055, -21.222404587683567 ], [ -159.77124451006523, -21.222801710763445 ], [ -159.771240100638096, -21.223054021606568 ], [ -159.771371858056568, -21.223272197920881 ], [ -159.771331296631502, -21.223417452680021 ], [ -159.771694500622033, -21.223741430847998 ], [ -159.771857243725663, -21.223959013414841 ], [ -159.771833430695409, -21.223994079873982 ], [ -159.771722451636009, -21.22419647403736 ], [ -159.771698009930958, -21.22446206454789 ], [ -159.771778237380488, -21.22520628474021 ], [ -159.772197915891695, -21.225830981590683 ], [ -159.773810893556259, -21.224707391383507 ], [ -159.772522286632324, -21.223379848587062 ], [ -159.772362600524417, -21.223215366486187 ], [ -159.772000119954384, -21.222358441584152 ], [ -159.772606110067898, -21.222631806642976 ], [ -159.774231179513009, -21.222508106383128 ], [ -159.774368499390818, -21.222253650292657 ], [ -159.773905158380472, -21.221818579942596 ], [ -159.773456507377489, -21.221518483707417 ], [ -159.773083268026568, -21.221082727079974 ], [ -159.773124829167216, -21.220870533082742 ], [ -159.772218480920998, -21.221140883154085 ], [ -159.772222548060654, -21.221097957965803 ], [ -159.772141990876349, -21.221007996817484 ], [ -159.772061813113567, -21.220945132787513 ], [ -159.772043033498477, -21.220909086817169 ], [ -159.772030404122688, -21.220863979751233 ], [ -159.772041754106482, -21.220800606755045 ], [ -159.772046695892897, -21.220696705051274 ], [ -159.772076693907906, -21.220628820610735 ], [ -159.772153501798385, -21.220379972415998 ], [ -159.772049990474073, -21.219879025910057 ], [ -159.77203053184104, -21.219788785237157 ], [ -159.772048682539946, -21.219734504429255 ], [ -159.772144331502432, -21.219548891151657 ], [ -159.772259897253889, -21.219480524947183 ], [ -159.772332874442526, -21.219457608675434 ], [ -159.772454984598625, -21.219425434594381 ], [ -159.772503649810261, -21.219402629493267 ], [ -159.772552703332906, -21.219393372050508 ], [ -159.772698572367744, -21.219315924236863 ], [ -159.772808414501668, -21.21929283902249 ], [ -159.772879491675155, -21.219057656520732 ], [ -159.7729216120388, -21.218998659073204 ], [ -159.772939412107746, -21.218953412746728 ], [ -159.772974065112095, -21.218772594765085 ], [ -159.772979165127197, -21.218668692303705 ], [ -159.77300305040518, -21.218632451073979 ], [ -159.773118023830619, -21.218496339770148 ], [ -159.77312980909403, -21.218455637451729 ], [ -159.773149024393263, -21.218255017603585 ] ] ] ] } },
{ "type": "Feature", "properties": { "eaid": "0503", "ea_name": "avatiu valley", "cdid": "05", "gid": "1" }, "geometry": { "type": "MultiPolygon", "coordinates": [ [ [ [ -159.790650687821739, -21.214064874506519 ], [ -159.790761416282805, -21.214105094547072 ], [ -159.790853298466658, -21.214127246572126 ], [ -159.790963595708831, -21.21413124639891 ], [ -159.791147788738613, -21.214166515225234 ], [ -159.791288841819153, -21.214201986023603 ], [ -159.79131992504287, -21.214265070943245 ], [ -159.791363640467807, -21.214328096651357 ], [ -159.791445746544781, -21.214558142138909 ], [ -159.791507503972809, -21.214607533822097 ], [ -159.791538322503101, -21.214620938760984 ], [ -159.791574134117667, -21.214557540290247 ], [ -159.791597796923583, -21.214480559028928 ], [ -159.791846624156818, -21.214285184060532 ], [ -159.791938003246514, -21.214257656674587 ], [ -159.792029924103076, -21.214257225519574 ], [ -159.792121806546675, -21.214279376845024 ], [ -159.79222659343398, -21.214337599332751 ], [ -159.792282305854087, -21.214400568501709 ], [ -159.792348649364527, -21.214535118972655 ], [ -159.792345227901762, -21.214623477176172 ], [ -159.792353320200846, -21.214725511415445 ], [ -159.792335615864147, -21.214802374480609 ], [ -159.792336788873996, -21.214888181898083 ], [ -159.792319322856201, -21.214965043842454 ], [ -159.79235080963727, -21.215237600508711 ], [ -159.792311130505908, -21.215335523109488 ], [ -159.792299781941495, -21.215412356342448 ], [ -159.792221899953745, -21.215557339140158 ], [ -159.792216278752875, -21.215620596085603 ], [ -159.792209582077703, -21.215720531806941 ], [ -159.792199674907152, -21.215769717477212 ], [ -159.792185025094682, -21.215853250565036 ], [ -159.792201655313221, -21.21593239140433 ], [ -159.792183861517714, -21.215977639584736 ], [ -159.792172178101623, -21.216036408501239 ], [ -159.792172705655474, -21.216090603654894 ], [ -159.792338717492612, -21.216157571687962 ], [ -159.792455357897893, -21.216188639542342 ], [ -159.7926332050084, -21.216210387041485 ], [ -159.792641308372708, -21.21632931278106 ], [ -159.792651021601017, -21.216467019469089 ], [ -159.792725280501344, -21.21655112877739 ], [ -159.792863701843658, -21.216584261972912 ], [ -159.792841854095144, -21.216837377119578 ], [ -159.792824522923695, -21.216909721996647 ], [ -159.792788807803248, -21.216991186135509 ], [ -159.792783059122115, -21.217045410746799 ], [ -159.792795829161975, -21.217085998994015 ], [ -159.792845201123953, -21.217121898888941 ], [ -159.792888359032105, -21.21713976208062 ], [ -159.792973263087703, -21.21708968217132 ], [ -159.793052039505625, -21.217008015729153 ], [ -159.793149258025608, -21.216957877888699 ], [ -159.793277837696849, -21.216948240851373 ], [ -159.793394168138803, -21.216965760085934 ], [ -159.793449737222261, -21.217001630679221 ], [ -159.793450441270693, -21.21707389085087 ], [ -159.793390073099317, -21.217150954500138 ], [ -159.793354310446801, -21.217223476367352 ], [ -159.793355007419137, -21.217309285974437 ], [ -159.793380299443783, -21.217358848262752 ], [ -159.793436110082723, -21.217439882393318 ], [ -159.793586025818172, -21.217705739662232 ], [ -159.793796309925909, -21.21789444267543 ], [ -159.793867729535862, -21.218130769707244 ], [ -159.794003222327632, -21.218358756049327 ], [ -159.793998151000721, -21.218435559829032 ], [ -159.793956767838807, -21.218571338776314 ], [ -159.793884395438852, -21.21866200845237 ], [ -159.793830351736631, -21.218748075447429 ], [ -159.793685016073823, -21.218893285713506 ], [ -159.793654907654201, -21.218938591926602 ], [ -159.793649501673059, -21.21899742173327 ], [ -159.793680921913136, -21.219078570410272 ], [ -159.793805384728131, -21.219249610925523 ], [ -159.793805864622612, -21.219294773329676 ], [ -159.793818956153928, -21.219380524624654 ], [ -159.793813653833354, -21.219443870410803 ], [ -159.793754396610865, -21.219624807682788 ], [ -159.793724543582982, -21.219688178570689 ], [ -159.793651908015391, -21.219774332925009 ], [ -159.79355506457577, -21.219865207843153 ], [ -159.793506547540176, -21.219915117031547 ], [ -159.793458420708561, -21.219978573770483 ], [ -159.793458931668852, -21.220014703096613 ], [ -159.793441258537655, -21.220082533153533 ], [ -159.793472527029422, -21.22015013317165 ], [ -159.793546626510221, -21.220203982449696 ], [ -159.793589498755722, -21.220212813840895 ], [ -159.793748766346653, -21.220221097967457 ], [ -159.793950450429207, -21.220197567196223 ], [ -159.794130015807923, -21.220391020902085 ], [ -159.794130982780814, -21.220467796261527 ], [ -159.79415643785174, -21.220562522278257 ], [ -159.794212823552186, -21.220661619233084 ], [ -159.794237598368454, -21.220688601459305 ], [ -159.794354509104664, -21.220769438050109 ], [ -159.794404048514252, -21.220791787248636 ], [ -159.79443500671951, -21.220845839133172 ], [ -159.794467505520544, -21.220994729518171 ], [ -159.794481710336328, -21.221184444504861 ], [ -159.794461922925422, -21.221391572365686 ], [ -159.793974720243824, -21.221333163374794 ], [ -159.793966237579468, -21.221604010501974 ], [ -159.793942814974429, -21.22174069856251 ], [ -159.79415194112309, -21.221741521405164 ], [ -159.79431303695344, -21.22173480169015 ], [ -159.794424320941033, -21.221682264152335 ], [ -159.794250100093564, -21.221841101557068 ], [ -159.794185947602131, -21.221964294095127 ], [ -159.793949177383155, -21.222425003335051 ], [ -159.793533871633514, -21.222900462398336 ], [ -159.792988933557012, -21.223160371560468 ], [ -159.792909305184025, -21.223722593837142 ], [ -159.79236806310027, -21.223767770978565 ], [ -159.791490942729808, -21.223644792979623 ], [ -159.791494283714769, -21.224017927696721 ], [ -159.792330964634402, -21.224066664116236 ], [ -159.792671788147857, -21.22408936241909 ], [ -159.792749996319202, -21.224391417560049 ], [ -159.793124246482051, -21.224840583094991 ], [ -159.793420260451626, -21.225026986369805 ], [ -159.793776032919851, -21.225452390268316 ], [ -159.794096382072865, -21.226310546770033 ], [ -159.79407999466801, -21.226395985009173 ], [ -159.793667501379559, -21.226760416592608 ], [ -159.793476937508899, -21.227082071806677 ], [ -159.793226492719015, -21.227513396994976 ], [ -159.793064979265665, -21.227785053476268 ], [ -159.79303744505944, -21.228089321427319 ], [ -159.79442605265956, -21.228137168534349 ], [ -159.795407915254515, -21.227961731079752 ], [ -159.795565907290211, -21.227612044637787 ], [ -159.795613914459778, -21.227526005574809 ], [ -159.795618054500608, -21.227349753775517 ], [ -159.795641205896317, -21.227236733120158 ], [ -159.795590796080688, -21.227096960494638 ], [ -159.795504037911797, -21.226979941489201 ], [ -159.795491162036569, -21.226934747244989 ], [ -159.795505158830366, -21.22680370390934 ], [ -159.795547954530775, -21.226264417414995 ], [ -159.795427045369422, -21.226120460553531 ], [ -159.795228355109884, -21.225962778745878 ], [ -159.795063093200667, -21.225860130379548 ], [ -159.79472686227956, -21.225879779816356 ], [ -159.794647474200616, -21.225907252394432 ], [ -159.794629953028789, -21.225988631203855 ], [ -159.794612487589433, -21.226065583616176 ], [ -159.794443592906873, -21.226278652430679 ], [ -159.794178276739416, -21.226365352587845 ], [ -159.794151659166602, -21.226320855193904 ], [ -159.793819138700741, -21.225430327850983 ], [ -159.793453769461024, -21.224993316684667 ], [ -159.793157676066954, -21.224806913840471 ], [ -159.79279470067101, -21.224371154483268 ], [ -159.792726310332085, -21.224107262542766 ], [ -159.79304044408039, -21.22387851839116 ], [ -159.79328807983083, -21.223487493509602 ], [ -159.793575160215823, -21.222925018510768 ], [ -159.793990228022949, -21.222449650797419 ], [ -159.794228572196886, -21.22198613388997 ], [ -159.794310278157695, -21.221921942852141 ], [ -159.794397318959284, -21.221835302880265 ], [ -159.794496332856198, -21.221956781407979 ], [ -159.794540051982693, -21.222019806123384 ], [ -159.794553175806925, -21.222096614565864 ], [ -159.794524732037843, -21.222304505793595 ], [ -159.794519982171522, -21.222426472675565 ], [ -159.794575650332945, -21.222480408202291 ], [ -159.794655516813577, -21.222498098080408 ], [ -159.794764132457829, -21.222498489996951 ], [ -159.794826334952063, -21.222452129179942 ], [ -159.794910671128747, -21.222325271056885 ], [ -159.794958652890756, -21.22223471581913 ], [ -159.794998940726032, -21.222013129030678 ], [ -159.795045858074928, -21.221827733044424 ], [ -159.795062635745467, -21.221696676572254 ], [ -159.795055308060114, -21.22157467623374 ], [ -159.795059667092403, -21.221439161786243 ], [ -159.795120243336953, -21.22137112950244 ], [ -159.795169313205662, -21.221379931286467 ], [ -159.795211937025329, -21.221357148176118 ], [ -159.795332947710932, -21.22123915000595 ], [ -159.795491687592829, -21.221193237376848 ], [ -159.795564789544017, -21.221179343475352 ], [ -159.795760484214583, -21.221164781341919 ], [ -159.795852105046407, -21.221137250625635 ], [ -159.795919248092105, -21.221123384666175 ], [ -159.79590027962891, -21.221082825931603 ], [ -159.79587552867028, -21.221060360311505 ], [ -159.795789448238963, -21.221024634431206 ], [ -159.795525704587362, -21.220958130624428 ], [ -159.795452060245083, -21.220944928279348 ], [ -159.79506555450692, -21.22084738693453 ], [ -159.794962986304483, -21.22081878396309 ], [ -159.794936425677577, -21.220784764573143 ], [ -159.794911443439474, -21.220748750501592 ], [ -159.794854631792077, -21.220599884361285 ], [ -159.794841276992372, -21.220509617952633 ], [ -159.794852121933616, -21.220398281200602 ], [ -159.794876093425273, -21.220319762500914 ], [ -159.794893254123508, -21.220215712678545 ], [ -159.794892238385728, -21.220129904631865 ], [ -159.794915413596982, -21.220021400349314 ], [ -159.794969432904225, -21.219930816674022 ], [ -159.79501195958062, -21.219889968219075 ], [ -159.795042147210495, -21.219844661401741 ], [ -159.795065449627486, -21.219745099100336 ], [ -159.795056467581418, -21.219492219370363 ], [ -159.795080178129751, -21.219424360726467 ], [ -159.795116410252234, -21.219365385704119 ], [ -159.795171030500029, -21.219342546110763 ], [ -159.795381736132555, -21.219297743785816 ], [ -159.795482181280619, -21.219241717989359 ], [ -159.795540900576384, -21.219020134514921 ], [ -159.795537387448576, -21.21898727120648 ], [ -159.795581363117378, -21.218816612587482 ], [ -159.795725400657773, -21.218563011700812 ], [ -159.795815716419781, -21.218440551099008 ], [ -159.795894467699952, -21.218354367019217 ], [ -159.796009534170395, -21.218254462285188 ], [ -159.795691258870903, -21.218255962673936 ], [ -159.795611712384016, -21.218238271711542 ], [ -159.795562149464814, -21.218211406488557 ], [ -159.795525250091629, -21.218175448647479 ], [ -159.795481555950602, -21.218116940487686 ], [ -159.795474982150665, -21.218076323274765 ], [ -159.795496873911532, -21.217832240662108 ], [ -159.795627980611897, -21.217641750637537 ], [ -159.795738311288147, -21.217532925806815 ], [ -159.795955253644024, -21.217229299970722 ], [ -159.795984952660774, -21.217152289709404 ], [ -159.795771055832603, -21.217194036557341 ], [ -159.795710056325419, -21.217212389927596 ], [ -159.795667312712112, -21.217212591377276 ], [ -159.795317442186189, -21.217114787322142 ], [ -159.795231395260487, -21.217070027986139 ], [ -159.795120055841863, -21.216975706595314 ], [ -159.79506936361642, -21.216826901938653 ], [ -159.795075007815257, -21.216768161296308 ], [ -159.795183731016152, -21.216641097869633 ], [ -159.795358513901391, -21.216387352461918 ], [ -159.795455292396895, -21.216314633062783 ], [ -159.795551347894019, -21.216151497362244 ], [ -159.795562190223222, -21.216024985216389 ], [ -159.79556661772952, -21.215857855097614 ], [ -159.795529504334183, -21.215826324377659 ], [ -159.795437053843159, -21.215772562360439 ], [ -159.795351104464032, -21.21574586846577 ], [ -159.795259165431617, -21.215728235672266 ], [ -159.795167298993363, -21.215724151886654 ], [ -159.795087411945616, -21.215701945771045 ], [ -159.794945741730288, -21.215625832917489 ], [ -159.794865181144928, -21.215522333456594 ], [ -159.794721279379644, -21.215251932484279 ], [ -159.794679202248346, -21.215079691802014 ], [ -159.794638673752445, -21.214974106877538 ], [ -159.794623911248777, -21.214902725835824 ], [ -159.794603042876872, -21.214789009059306 ], [ -159.794571179481466, -21.214699190969977 ], [ -159.794422826175719, -21.214546871105554 ], [ -159.794215301650326, -21.214323740225325 ], [ -159.794183899411877, -21.214260657372876 ], [ -159.794115751110382, -21.214175164996082 ], [ -159.793998424912616, -21.214089903850379 ], [ -159.793930876931, -21.214072065270685 ], [ -159.793795709537278, -21.214023019616867 ], [ -159.793728552316878, -21.214018818853614 ], [ -159.793691336662391, -21.21398286204121 ], [ -159.793647475520373, -21.213892738827841 ], [ -159.793640326110477, -21.213788893643823 ], [ -159.793649857919547, -21.213535836240794 ], [ -159.793642439029895, -21.213441025257278 ], [ -159.793586046530606, -21.213310312691924 ], [ -159.793548606811953, -21.213247258075913 ], [ -159.793443332999402, -21.213157333066494 ], [ -159.793243803907842, -21.212824051759217 ], [ -159.793198120962103, -21.212571253708283 ], [ -159.79310405863913, -21.21236393790025 ], [ -159.792879181884359, -21.211940355389785 ], [ -159.792853898109769, -21.211877243515282 ], [ -159.792810158227581, -21.211809611487393 ], [ -159.792705642505808, -21.211742355088646 ], [ -159.792637999783835, -21.211706540844379 ], [ -159.792494768818898, -21.211485906011671 ], [ -159.792414294380364, -21.211427569534802 ], [ -159.792353103473687, -21.211409700449938 ], [ -159.792230566402424, -21.211419308314387 ], [ -159.792059815777577, -21.211460847870807 ], [ -159.792059996152091, -21.211152101022034 ], [ -159.79174242028347, -21.211043569021975 ], [ -159.791280836965768, -21.211283750617081 ], [ -159.791165161039032, -21.210732108679533 ], [ -159.790878395213781, -21.210515938602075 ], [ -159.790876289516461, -21.209494051214477 ], [ -159.790010033452234, -21.209410937795163 ], [ -159.789621674513484, -21.209107982357732 ], [ -159.788823720124782, -21.209259400127291 ], [ -159.788345395582894, -21.209518621118523 ], [ -159.787789412790204, -21.208797495438496 ], [ -159.78703561507001, -21.20909593593132 ], [ -159.786764194325286, -21.209210202864814 ], [ -159.787284594207506, -21.209753910017454 ], [ -159.787613083804104, -21.209958961936092 ], [ -159.787896577202531, -21.210248229571512 ], [ -159.788045392626856, -21.210759161520695 ], [ -159.788677467624183, -21.210981402152207 ], [ -159.788643043269786, -21.211365914901233 ], [ -159.788835225288125, -21.211634560441883 ], [ -159.788790602948552, -21.212566969094421 ], [ -159.788625923244552, -21.212824544975245 ], [ -159.788519417988596, -21.213594197800468 ], [ -159.788838928289351, -21.213468050771258 ], [ -159.789074502332255, -21.213738480416826 ], [ -159.788939179936023, -21.214721445549621 ], [ -159.789401575803083, -21.214646298160368 ], [ -159.78967818872519, -21.215013819774402 ], [ -159.790041828858534, -21.213774153759076 ], [ -159.790650687821739, -21.214064874506519 ] ] ] ] } },
{ "type": "Feature", "properties": { "eaid": "0606", "ea_name": "turamatuitui", "cdid": "06", "gid": "1" }, "geometry": { "type": "MultiPolygon", "coordinates": [ [ [ [ -159.812046711072327, -21.203635300756485 ], [ -159.809829255896659, -21.203555224099674 ], [ -159.809714889261045, -21.204639912901232 ], [ -159.809411551117449, -21.205496332776253 ], [ -159.808568585702375, -21.205179249875901 ], [ -159.808424368203731, -21.206269220305671 ], [ -159.808365689570081, -21.206508512266883 ], [ -159.80816961090224, -21.207470643784347 ], [ -159.807194278736318, -21.20722636071546 ], [ -159.807375634700605, -21.206550734519947 ], [ -159.805902088309779, -21.206053644440274 ], [ -159.805854761223202, -21.208341819847373 ], [ -159.806109626735264, -21.208473929491511 ], [ -159.80632430512776, -21.208520508173244 ], [ -159.80655433710686, -21.208629340418611 ], [ -159.806806223862196, -21.208710156206067 ], [ -159.807035641637327, -21.208749708202262 ], [ -159.807126030783479, -21.208935896392944 ], [ -159.807957768298706, -21.208879709008809 ], [ -159.80754022724426, -21.210331489691882 ], [ -159.807893782076121, -21.210480196737748 ], [ -159.808198085424323, -21.210629861373747 ], [ -159.809277055951924, -21.210701925532092 ], [ -159.809536163495835, -21.210721910967212 ], [ -159.80967349479198, -21.210395254657872 ], [ -159.809779001634467, -21.209812667685767 ], [ -159.80949105420865, -21.209835998162188 ], [ -159.809847587905921, -21.208331030813266 ], [ -159.809933379867573, -21.207761093953593 ], [ -159.80996868901255, -21.207476207049655 ], [ -159.810103593145129, -21.206457640459906 ], [ -159.811342902194212, -21.206596670000057 ], [ -159.811600173806625, -21.20587487817474 ], [ -159.812077611666581, -21.205971945412543 ], [ -159.812207808141977, -21.20599850845392 ], [ -159.812921767967168, -21.206257750823383 ], [ -159.813105211221, -21.20598289951338 ], [ -159.813313828783549, -21.205561322594288 ], [ -159.813362144642753, -21.205041516684481 ], [ -159.813887046141474, -21.203591176224922 ], [ -159.812876435859778, -21.20361393759385 ], [ -159.812046711072327, -21.203635300756485 ] ] ] ] } },
{ "type": "Feature", "properties": { "eaid": "0607", "ea_name": "tepuka", "cdid": "06", "gid": "1" }, "geometry": { "type": "MultiPolygon", "coordinates": [ [ [ [ -159.812921767967168, -21.206257750823383 ], [ -159.812207808141977, -21.20599850845392 ], [ -159.812077611666581, -21.205971945412543 ], [ -159.811600173806625, -21.20587487817474 ], [ -159.811342902194212, -21.206596670000057 ], [ -159.810103593145129, -21.206457640459906 ], [ -159.80996868901255, -21.207476207049655 ], [ -159.809933379867573, -21.207761093953593 ], [ -159.809847587905921, -21.208331030813266 ], [ -159.810012462013532, -21.20834448204382 ], [ -159.810428995274322, -21.208378464845044 ], [ -159.811117732976697, -21.208352847107083 ], [ -159.811278035283067, -21.208363729598386 ], [ -159.811501610055927, -21.208337092314508 ], [ -159.811744578862005, -21.208283082120293 ], [ -159.811981819330072, -21.207849807060384 ], [ -159.812921767967168, -21.206257750823383 ] ] ] ] } },
{ "type": "Feature", "properties": { "eaid": "0609", "ea_name": "pokoinu-i-uta", "cdid": "06", "gid": "1" }, "geometry": { "type": "MultiPolygon", "coordinates": [ [ [ [ -159.821761530198557, -21.209859991769981 ], [ -159.821330826588536, -21.209632167972508 ], [ -159.82108608993758, -21.209455295467894 ], [ -159.820735118395959, -21.209154602570699 ], [ -159.82032768805405, -21.2087996109993 ], [ -159.819729107918789, -21.208324340455452 ], [ -159.817971068523207, -21.207054799167111 ], [ -159.818558795028082, -21.206158837110671 ], [ -159.819579260102927, -21.20521359953165 ], [ -159.820211415139852, -21.205813958256609 ], [ -159.819739638356708, -21.206338597242787 ], [ -159.820069091078608, -21.206624262357725 ], [ -159.820653535264171, -21.205963425300055 ], [ -159.819644871348913, -21.205080052041854 ], [ -159.819205260394142, -21.204770188715706 ], [ -159.818868685123277, -21.204567179739467 ], [ -159.817805861681336, -21.205791831366032 ], [ -159.817174678394196, -21.206341377209121 ], [ -159.81640166303643, -21.207220133284721 ], [ -159.815770382054325, -21.208534942504375 ], [ -159.815744485717005, -21.209837161077207 ], [ -159.815034312156627, -21.211024442750123 ], [ -159.815815158007297, -21.211151453652601 ], [ -159.816057398299137, -21.211190855976007 ], [ -159.816273356333028, -21.210399523439968 ], [ -159.816879079955953, -21.210489543064806 ], [ -159.817307136670991, -21.210936136158981 ], [ -159.817422349791912, -21.211061053948189 ], [ -159.817755434134625, -21.211422194162843 ], [ -159.818035661855419, -21.211165476791923 ], [ -159.818421466883422, -21.211008331864498 ], [ -159.818546840906777, -21.211066014239044 ], [ -159.818949145202311, -21.211251107190165 ], [ -159.81886523049215, -21.211478330224381 ], [ -159.81920645652167, -21.21142040024424 ], [ -159.819460617932691, -21.211018829008115 ], [ -159.819937931411317, -21.210499649675498 ], [ -159.821045155614854, -21.210327123999491 ], [ -159.821277511738998, -21.21039246259533 ], [ -159.821600309485746, -21.210170050011904 ], [ -159.821761530198557, -21.209859991769981 ] ] ] ] } },
{ "type": "Feature", "properties": { "eaid": "1006", "ea_name": "kaure to tepuna", "cdid": "10", "gid": "1" }, "geometry": { "type": "MultiPolygon", "coordinates": [ [ [ [ -159.760834066377072, -21.272017401333418 ], [ -159.760487445742285, -21.271062195141493 ], [ -159.759927703680489, -21.271175130545558 ], [ -159.759825133772011, -21.270924152418701 ], [ -159.759568359856758, -21.270331476881594 ], [ -159.758555392450091, -21.268607493672601 ], [ -159.757646024507068, -21.267179884597617 ], [ -159.757370521829614, -21.266600648950003 ], [ -159.757211454925056, -21.265948689728759 ], [ -159.756385161121841, -21.266002533373072 ], [ -159.756284917252231, -21.26590479519983 ], [ -159.756104957136358, -21.265729189363903 ], [ -159.755815378314139, -21.266047996343378 ], [ -159.755732377915223, -21.2663855683533 ], [ -159.755713671068833, -21.266940365254197 ], [ -159.755773465838018, -21.267677456130649 ], [ -159.755612322715933, -21.268126531558277 ], [ -159.756070388173896, -21.269735645509055 ], [ -159.755380308592834, -21.269977604846169 ], [ -159.756234769006682, -21.271388784782726 ], [ -159.756383996846637, -21.271711152105389 ], [ -159.757095563774101, -21.27163485472084 ], [ -159.757265083857476, -21.272501086963597 ], [ -159.75741122888553, -21.27245538139579 ], [ -159.757431018693296, -21.272367841728524 ], [ -159.757468380439008, -21.272454210017017 ], [ -159.757673767883887, -21.272413463140609 ], [ -159.758011995325319, -21.272348372500829 ], [ -159.758388516703207, -21.272310733873294 ], [ -159.758692677693972, -21.272311662854328 ], [ -159.759178927636327, -21.272236292796933 ], [ -159.759247536180254, -21.272272086860298 ], [ -159.759260832020061, -21.272180233601262 ], [ -159.759364823360642, -21.27223569921161 ], [ -159.759440323143906, -21.272275175831346 ], [ -159.759536372306741, -21.272263880422813 ], [ -159.759685546852666, -21.272048913403015 ], [ -159.759677727021995, -21.271881695288634 ], [ -159.759612280090465, -21.271734764459033 ], [ -159.759626079463601, -21.27170796433257 ], [ -159.759707860854206, -21.271770926001398 ], [ -159.759736149355263, -21.272087385558095 ], [ -159.759823436980184, -21.272136255077729 ], [ -159.760170206834516, -21.272120570914819 ], [ -159.760288020936002, -21.272144165322764 ], [ -159.760322869761694, -21.272092561434199 ], [ -159.760450558546495, -21.27207172383385 ], [ -159.760598282423274, -21.272110282530921 ], [ -159.760736595099871, -21.272052830542862 ], [ -159.760834066377072, -21.272017401333418 ] ] ] ] } },
{ "type": "Feature", "properties": { "eaid": "1007", "ea_name": "te puna", "cdid": "10", "gid": "1" }, "geometry": { "type": "MultiPolygon", "coordinates": [ [ [ [ -159.755612322715933, -21.268126531558277 ], [ -159.753726407208774, -21.267941986353165 ], [ -159.753569729664548, -21.268358744520704 ], [ -159.753446357313095, -21.268745093261419 ], [ -159.753025665986996, -21.269134306511006 ], [ -159.752931491740128, -21.269354860205993 ], [ -159.752637922776955, -21.269954604331236 ], [ -159.752604838819707, -21.270341452433421 ], [ -159.752562499010367, -21.270486710623775 ], [ -159.752511307043392, -21.270845005142181 ], [ -159.752507544969149, -21.271355744537029 ], [ -159.752572213404846, -21.272460003835093 ], [ -159.752567664584177, -21.272712295490876 ], [ -159.753035488155803, -21.272713541339069 ], [ -159.753288651712751, -21.272657152238594 ], [ -159.753993554464103, -21.272635686931618 ], [ -159.754474205665474, -21.272740777109473 ], [ -159.755207069862138, -21.272757211866562 ], [ -159.755997456615745, -21.27282918788481 ], [ -159.756593540659566, -21.272757170389337 ], [ -159.757193421747189, -21.272486552058606 ], [ -159.757265083857476, -21.272501086963597 ], [ -159.757095563774101, -21.27163485472084 ], [ -159.756383996846637, -21.271711152105389 ], [ -159.756234769006682, -21.271388784782726 ], [ -159.755380308592834, -21.269977604846169 ], [ -159.756070388173896, -21.269735645509055 ], [ -159.755612322715933, -21.268126531558277 ] ] ] ] } },
{ "type": "Feature", "properties": { "eaid": "0706", "ea_name": "arerenga arorangi", "cdid": "07", "gid": "1" }, "geometry": { "type": "MultiPolygon", "coordinates": [ [ [ [ -159.829983626167234, -21.226045559668695 ], [ -159.829062895629477, -21.225917211652096 ], [ -159.828501047315996, -21.225785561620444 ], [ -159.828284665947649, -21.22599137605096 ], [ -159.828204584995518, -21.226840708370755 ], [ -159.828130382464707, -21.227539310637795 ], [ -159.827772270850204, -21.230617204871205 ], [ -159.828909097285134, -21.23052960574551 ], [ -159.829046878007517, -21.23052559466062 ], [ -159.829013036074713, -21.230389166921906 ], [ -159.829063073462748, -21.23030795267282 ], [ -159.829008475023073, -21.230236145738733 ], [ -159.829128393642748, -21.229887084716914 ], [ -159.829197065728891, -21.229794062923965 ], [ -159.829267960738434, -21.229632855181073 ], [ -159.829174191296545, -21.229521814307471 ], [ -159.829247497319074, -21.22926079197585 ], [ -159.829307235688361, -21.229161104732832 ], [ -159.829355303098453, -21.228900186076931 ], [ -159.829354236500194, -21.228685333867126 ], [ -159.829411994131107, -21.228550411594405 ], [ -159.829458464873596, -21.228349256450699 ], [ -159.829550885559826, -21.227848228071124 ], [ -159.829687086359826, -21.227694320460486 ], [ -159.829674062263393, -21.227386847581798 ], [ -159.829741131112542, -21.227068210547422 ], [ -159.8297168049927, -21.226871797316232 ], [ -159.829793235977888, -21.226850825610423 ], [ -159.829865770621694, -21.226544036800799 ], [ -159.829983626167234, -21.226045559668695 ] ] ] ] } },
{ "type": "Feature", "properties": { "eaid": "0104", "ea_name": "kiikii-ooa", "cdid": "01", "gid": "1" }, "geometry": { "type": "MultiPolygon", "coordinates": [ [ [ [ -159.758298181362619, -21.203473974865663 ], [ -159.758305613415075, -21.20284104223677 ], [ -159.757614807090647, -21.202813123797068 ], [ -159.757242136123523, -21.202852494669852 ], [ -159.756783162243096, -21.202867937408474 ], [ -159.7564743493067, -21.202879565662165 ], [ -159.756217987298044, -21.202913550823887 ], [ -159.75570585282972, -21.203003506753454 ], [ -159.755318607710507, -21.203097865973277 ], [ -159.755082843182151, -21.203141864759299 ], [ -159.754619319064744, -21.203241718672928 ], [ -159.754031666574889, -21.203374332928792 ], [ -159.753758500787853, -21.203525388464577 ], [ -159.753332491165821, -21.203722732734857 ], [ -159.752926723826675, -21.203802174510024 ], [ -159.752434238064865, -21.203967704009095 ], [ -159.75226954988733, -21.203953775311067 ], [ -159.752032004285468, -21.204076763161137 ], [ -159.751766194090408, -21.204282888988637 ], [ -159.751414609350462, -21.204497639886778 ], [ -159.751102544318741, -21.204713536037477 ], [ -159.750647734618013, -21.205016668821752 ], [ -159.750254042852816, -21.205289835176831 ], [ -159.750100731146603, -21.205381535293519 ], [ -159.749590243611209, -21.205643419375168 ], [ -159.749422428434741, -21.205666917174742 ], [ -159.749183892689217, -21.205790028796422 ], [ -159.748978392993081, -21.20593151013243 ], [ -159.74870459313837, -21.206188009199671 ], [ -159.748351792116182, -21.206529231417253 ], [ -159.748261468156102, -21.206641760313648 ], [ -159.748180405649293, -21.206725353230855 ], [ -159.748003093368879, -21.206887657151057 ], [ -159.74776749452181, -21.207098808777005 ], [ -159.748282166244934, -21.207540777430825 ], [ -159.748386058457527, -21.207465826367073 ], [ -159.748854185168369, -21.207030166413233 ], [ -159.749946716388536, -21.206258343853602 ], [ -159.751233995752585, -21.205346295074449 ], [ -159.752495547695986, -21.204766153557085 ], [ -159.753406456534719, -21.204488962227998 ], [ -159.754372122104854, -21.204343229961555 ], [ -159.755465575861109, -21.204031498012341 ], [ -159.756502353390374, -21.20373291163444 ], [ -159.757764873358582, -21.203444253318509 ], [ -159.758298181362619, -21.203473974865663 ] ] ] ] } },
{ "type": "Feature", "properties": { "eaid": "0106", "ea_name": "pue", "cdid": "01", "gid": "1" }, "geometry": { "type": "MultiPolygon", "coordinates": [ [ [ [ -159.758305613415075, -21.20284104223677 ], [ -159.758298181362619, -21.203473974865663 ], [ -159.759702290228972, -21.20356422374298 ], [ -159.760902422370549, -21.203786879703411 ], [ -159.761486252294191, -21.203904514783289 ], [ -159.762274968821458, -21.204080821895225 ], [ -159.763230519333007, -21.204249375899472 ], [ -159.764585872724496, -21.204408147524141 ], [ -159.765712797642408, -21.204636219463264 ], [ -159.765672426683551, -21.203744620907536 ], [ -159.765261851772834, -21.203682531977847 ], [ -159.765207870116029, -21.203836298231831 ], [ -159.764589112580666, -21.203857335999171 ], [ -159.764585600668482, -21.203741831902484 ], [ -159.764551410238312, -21.203565072739686 ], [ -159.764377780600341, -21.20351441744198 ], [ -159.764080084123862, -21.203399698141698 ], [ -159.763567385859488, -21.203247014626214 ], [ -159.763218942373015, -21.203181267423741 ], [ -159.763085658039046, -21.203202913617556 ], [ -159.763030917949322, -21.20330720919257 ], [ -159.762871510201023, -21.203425101467012 ], [ -159.762864660628026, -21.203312037330576 ], [ -159.762814688182516, -21.203195327871491 ], [ -159.762690359069808, -21.20317470739425 ], [ -159.762633238027576, -21.203106574739234 ], [ -159.762561250339104, -21.203092973750501 ], [ -159.762504351924775, -21.203093369457545 ], [ -159.762470125984379, -21.203201689341007 ], [ -159.762452156491094, -21.203327907448486 ], [ -159.762434131234642, -21.203363099144195 ], [ -159.762414092555531, -21.203362927799624 ], [ -159.762420518690817, -21.203232594103213 ], [ -159.762460569038495, -21.203107382420292 ], [ -159.762450729436324, -21.203012440773747 ], [ -159.762025791722181, -21.202988058164255 ], [ -159.761612577402076, -21.202994602118594 ], [ -159.761181105573968, -21.203021763155828 ], [ -159.760741469337091, -21.203018521107445 ], [ -159.760605262448877, -21.203129304376045 ], [ -159.760558941416321, -21.203129679070713 ], [ -159.760550897706992, -21.203061046602652 ], [ -159.760373027940062, -21.203050687970133 ], [ -159.760342494739405, -21.203066240781155 ], [ -159.760306707592264, -21.203018527081181 ], [ -159.760015219919069, -21.202994962118733 ], [ -159.759946907433829, -21.20295823646542 ], [ -159.75987873674859, -21.202927605696885 ], [ -159.759743793136721, -21.202957139440926 ], [ -159.758438047110076, -21.202840331480413 ], [ -159.758305613415075, -21.20284104223677 ] ] ] ] } },
{ "type": "Feature", "properties": { "eaid": "1301", "ea_name": "amuri", "cdid": "13", "gid": "1" }, "geometry": { "type": "MultiPolygon", "coordinates": [ [ [ [ -159.793481963112612, -18.853984896413028 ], [ -159.79187353188388, -18.854561960967899 ], [ -159.786984121892004, -18.853468545220387 ], [ -159.787190971137079, -18.854152005286274 ], [ -159.787912770839512, -18.855509010783038 ], [ -159.789825445732504, -18.859104844948316 ], [ -159.790764178932562, -18.858753091440938 ], [ -159.79217642201391, -18.857842473828594 ], [ -159.793135157200112, -18.857935340843689 ], [ -159.794594499524976, -18.857490003120429 ], [ -159.79430392200527, -18.856835461361662 ], [ -159.793859511013693, -18.855309126774515 ], [ -159.793481963112612, -18.853984896413028 ] ] ] ] } },
{ "type": "Feature", "properties": { "eaid": "1505", "ea_name": "amuri-vaipae", "cdid": "15", "gid": "2" }, "geometry": { "type": "MultiPolygon", "coordinates": [ [ [ [ -159.782569708215561, -18.83595536320292 ], [ -159.781238263793711, -18.834689982167351 ], [ -159.780945656699458, -18.834411892325196 ], [ -159.778811977615305, -18.831438343713963 ], [ -159.777882601527011, -18.829902601155307 ], [ -159.777596285775019, -18.828192952231458 ], [ -159.777594065340423, -18.827046736879506 ], [ -159.777031720664979, -18.826524488816286 ], [ -159.776438239935345, -18.826395767901019 ], [ -159.774675661569972, -18.82464671636221 ], [ -159.772364031189653, -18.823952089684248 ], [ -159.769280520588239, -18.82405609344838 ], [ -159.767709985784762, -18.825026278739944 ], [ -159.766063399031708, -18.827057426007908 ], [ -159.76335821474143, -18.83071528871292 ], [ -159.758502899842739, -18.839032384228936 ], [ -159.756001239485386, -18.844750828369317 ], [ -159.756047695966572, -18.845757089742484 ], [ -159.756543370580488, -18.848116019015233 ], [ -159.757533323953396, -18.849181150271633 ], [ -159.759285380664238, -18.849231119673142 ], [ -159.759548217250284, -18.849076085473762 ], [ -159.759916864777296, -18.848484301684746 ], [ -159.760620309883933, -18.847745771428002 ], [ -159.761407495156533, -18.847006986730257 ], [ -159.761326118016115, -18.846890401786215 ], [ -159.761008423496207, -18.846820410960909 ], [ -159.760194959205649, -18.846398889745263 ], [ -159.759553430001063, -18.845571789202374 ], [ -159.759452617046321, -18.84447449373755 ], [ -159.760968144280497, -18.841876424861194 ], [ -159.761019442273835, -18.84063312970251 ], [ -159.760907369731541, -18.839678368391578 ], [ -159.761189454890228, -18.839161116101486 ], [ -159.764071655216014, -18.834872430332794 ], [ -159.764393505117312, -18.833858878459903 ], [ -159.765213777956092, -18.833168373008046 ], [ -159.766545481028174, -18.831666012147402 ], [ -159.76723575757498, -18.831358047999192 ], [ -159.767514710430646, -18.831485201817937 ], [ -159.767842337198857, -18.831749040469987 ], [ -159.767826694880085, -18.832268005816452 ], [ -159.767705938307131, -18.832716205441802 ], [ -159.767941333816907, -18.833108725796478 ], [ -159.76802753509989, -18.833632963721563 ], [ -159.768034993620574, -18.834602427213966 ], [ -159.769622326192263, -18.835342832361821 ], [ -159.771989862305645, -18.83446908017152 ], [ -159.773617900649555, -18.833635504700172 ], [ -159.775008086655703, -18.833143627612305 ], [ -159.777617447411274, -18.834085085132269 ], [ -159.778258760437666, -18.834856466243281 ], [ -159.779385966961684, -18.835804080828584 ], [ -159.780559069608103, -18.836942593247791 ], [ -159.78146725355839, -18.838246586901413 ], [ -159.781499549490178, -18.838292958036668 ], [ -159.782126789712436, -18.838586866111903 ], [ -159.782325473844708, -18.838240609829771 ], [ -159.782405975220996, -18.838100316051353 ], [ -159.782838368603961, -18.837083380510272 ], [ -159.782550593934019, -18.83699911489256 ], [ -159.781806486306181, -18.83668283893957 ], [ -159.782569708215561, -18.83595536320292 ] ] ] ] } },
{ "type": "Feature", "properties": { "eaid": "1501", "ea_name": "vaipae", "cdid": "15", "gid": "2" }, "geometry": { "type": "MultiPolygon", "coordinates": [ [ [ [ -159.778242043798855, -18.86825914614824 ], [ -159.775714042039738, -18.868189919043594 ], [ -159.775703377229235, -18.868475118051069 ], [ -159.775340054460088, -18.870238699276648 ], [ -159.774886546486613, -18.870605524717554 ], [ -159.774480419004362, -18.870858126224277 ], [ -159.774295267268371, -18.870989999194169 ], [ -159.774331641950909, -18.871069720013402 ], [ -159.774445668024839, -18.871131950552069 ], [ -159.774565354555875, -18.871097208528973 ], [ -159.774780670352015, -18.871022222533224 ], [ -159.774863877175591, -18.870884991043237 ], [ -159.774953426008693, -18.870816220788377 ], [ -159.775091299907444, -18.870838415521714 ], [ -159.775038755466625, -18.871140865639298 ], [ -159.774835730908023, -18.871284288432307 ], [ -159.77443486994926, -18.871388598432777 ], [ -159.774225764314906, -18.871503494296913 ], [ -159.773968569136656, -18.871578744232131 ], [ -159.77393908575371, -18.871687200297803 ], [ -159.774023157499926, -18.871738171176954 ], [ -159.774238317136735, -18.871628942587336 ], [ -159.774543889900229, -18.871639055333539 ], [ -159.774741149651675, -18.871552669677278 ], [ -159.774933062960429, -18.87159749883817 ], [ -159.775023319980022, -18.871699764077192 ], [ -159.77493408527053, -18.871819943998201 ], [ -159.774886493789921, -18.871905706619575 ], [ -159.775267833393258, -18.872765183376426 ], [ -159.775358252060983, -18.874196090225617 ], [ -159.776191226764013, -18.874261104550865 ], [ -159.777215645830523, -18.874285289045439 ], [ -159.778304977100134, -18.874109696803867 ], [ -159.778049438714078, -18.873238226107958 ], [ -159.778135067925064, -18.87103099411561 ], [ -159.778263021094943, -18.868903456786924 ], [ -159.778242043798855, -18.86825914614824 ] ] ] ] } },
{ "type": "Feature", "properties": { "eaid": "1502", "ea_name": "vaipae", "cdid": "15", "gid": "2" }, "geometry": { "type": "MultiPolygon", "coordinates": [ [ [ [ -159.778263021094943, -18.868903456786924 ], [ -159.778135067925064, -18.87103099411561 ], [ -159.778135067925064, -18.87103099411561 ], [ -159.778049438714078, -18.873238226107958 ], [ -159.778304977100134, -18.874109696803867 ], [ -159.779780124495687, -18.873792705457078 ], [ -159.782916837673866, -18.875293577073851 ], [ -159.785154790115143, -18.873504283011972 ], [ -159.78694182855142, -18.872642807595788 ], [ -159.788459387785082, -18.870537846322907 ], [ -159.78909488095826, -18.869371768431353 ], [ -159.788783870034621, -18.869470035682564 ], [ -159.787630934733045, -18.869493441531745 ], [ -159.785833898428962, -18.869478270066413 ], [ -159.78477897375123, -18.869318098827776 ], [ -159.78271631452219, -18.868859118883456 ], [ -159.781343611969078, -18.86865391313663 ], [ -159.778263021094943, -18.868903456786924 ] ] ] ] } },
{ "type": "Feature", "properties": { "eaid": "1503", "ea_name": "vaipae", "cdid": "15", "gid": "2" }, "geometry": { "type": "MultiPolygon", "coordinates": [ [ [ [ -159.775714042039738, -18.868189919043594 ], [ -159.778242043798855, -18.86825914614824 ], [ -159.778263021094943, -18.868903456786924 ], [ -159.781343611969078, -18.86865391313663 ], [ -159.78271631452219, -18.868859118883456 ], [ -159.78477897375123, -18.869318098827776 ], [ -159.785833898428962, -18.869478270066413 ], [ -159.787630934733045, -18.869493441531745 ], [ -159.787518543331885, -18.869161779792513 ], [ -159.787825372649365, -18.868168315387663 ], [ -159.787762584968732, -18.867144159394343 ], [ -159.786614753481246, -18.86609342057579 ], [ -159.783912388342088, -18.864593577536898 ], [ -159.781941552307273, -18.864544854874282 ], [ -159.779296797355698, -18.865131948139187 ], [ -159.776603198591545, -18.865519527684 ], [ -159.776329978439804, -18.866022489013702 ], [ -159.775917810584332, -18.866269426307777 ], [ -159.77581075906113, -18.866429526633638 ], [ -159.77574060674695, -18.866800538105618 ], [ -159.775714042039738, -18.868189919043594 ] ] ] ] } },
{ "type": "Feature", "properties": { "eaid": "1504", "ea_name": "vaipae", "cdid": "15", "gid": "2" }, "geometry": { "type": "MultiPolygon", "coordinates": [ [ [ [ -159.776603198591545, -18.865519527684 ], [ -159.779296797355698, -18.865131948139187 ], [ -159.781941552307273, -18.864544854874282 ], [ -159.783912388342088, -18.864593577536898 ], [ -159.784154315663812, -18.862516877726225 ], [ -159.783494530375606, -18.862314373780301 ], [ -159.780243134811002, -18.861233131241253 ], [ -159.780761306767658, -18.856714565794729 ], [ -159.78214189979596, -18.854792742279002 ], [ -159.781833086484085, -18.852775277869803 ], [ -159.778144761981963, -18.850407025990052 ], [ -159.776183306523421, -18.845841886139358 ], [ -159.773381128465417, -18.846655427197319 ], [ -159.773895088999495, -18.847725335573237 ], [ -159.774277881010448, -18.848915596072953 ], [ -159.774564486158283, -18.85003785802397 ], [ -159.775177721180427, -18.851194991737472 ], [ -159.775541480685916, -18.852140109007266 ], [ -159.775410647588615, -18.852352351609902 ], [ -159.775219764552645, -18.852527076423289 ], [ -159.774256759478959, -18.852809099848056 ], [ -159.773048146675933, -18.853076416624624 ], [ -159.772389969698992, -18.853197510558108 ], [ -159.772381438325283, -18.853300187352932 ], [ -159.772620970272925, -18.853304885970637 ], [ -159.773264491843747, -18.853230926158489 ], [ -159.77437706115802, -18.852911241017711 ], [ -159.775579217665467, -18.852551240110611 ], [ -159.775681891594132, -18.852734771806166 ], [ -159.77579079515786, -18.852962369892538 ], [ -159.77606748482745, -18.853234987509229 ], [ -159.776435041411986, -18.853710249660327 ], [ -159.777061615413231, -18.854494613069846 ], [ -159.777328803141216, -18.855303334122748 ], [ -159.777331954558633, -18.85598756610521 ], [ -159.777345821058219, -18.856398073344835 ], [ -159.776526596703121, -18.857975354889383 ], [ -159.775393788391824, -18.859109220717254 ], [ -159.775289465600707, -18.85986238806613 ], [ -159.775388887660398, -18.860648860331402 ], [ -159.776064148668354, -18.861615536547795 ], [ -159.776354219419318, -18.86217316159312 ], [ -159.776379273496616, -18.862412583432821 ], [ -159.77645160146028, -18.862514922984264 ], [ -159.776656425738878, -18.862764979318374 ], [ -159.776633523654198, -18.862993126324142 ], [ -159.776717775594534, -18.863084031500726 ], [ -159.776838033850026, -18.863174786369484 ], [ -159.776898281585744, -18.863254407133759 ], [ -159.776887145670173, -18.863436876684762 ], [ -159.777030910539054, -18.863447751446799 ], [ -159.777152692639504, -18.863869192347735 ], [ -159.777201542523699, -18.864074270783192 ], [ -159.777166980532257, -18.864370954192456 ], [ -159.776929954716536, -18.864930778065741 ], [ -159.77682343050131, -18.865204992785664 ], [ -159.776752440745639, -18.865410571453953 ], [ -159.776632836985954, -18.86544531441713 ], [ -159.776603198591545, -18.865519527684 ] ] ] ] } },
{ "type": "Feature", "properties": { "eaid": "1701", "ea_name": "tautu", "cdid": "17", "gid": "2" }, "geometry": { "type": "MultiPolygon", "coordinates": [ [ [ [ -159.780161452513852, -18.888898572491435 ], [ -159.781243335931407, -18.887080647475671 ], [ -159.780990857434318, -18.884310223317563 ], [ -159.780272791755095, -18.884472891224924 ], [ -159.779756970208979, -18.884338260503743 ], [ -159.779023656431434, -18.883793885403762 ], [ -159.77870897654384, -18.88312225451131 ], [ -159.778585566976631, -18.882335887219426 ], [ -159.778699971039799, -18.87597139470429 ], [ -159.778697653086567, -18.87546958366449 ], [ -159.778526738691937, -18.87478596505424 ], [ -159.778304977100134, -18.874109696803867 ], [ -159.777215645830523, -18.874285289045439 ], [ -159.776191226764013, -18.874261104550865 ], [ -159.775358252060983, -18.874196090225617 ], [ -159.775028047122476, -18.874686547442256 ], [ -159.774849443157393, -18.874915342635681 ], [ -159.774622434190093, -18.875053172934745 ], [ -159.774635668536661, -18.875326797389938 ], [ -159.774601572101432, -18.875726119373265 ], [ -159.774432408049137, -18.876067545206784 ], [ -159.773911311653507, -18.876721250011897 ], [ -159.773936051232084, -18.876892275865217 ], [ -159.773914296246289, -18.877371328158471 ], [ -159.774001906077672, -18.878192182908418 ], [ -159.773799002993741, -18.878364065478095 ], [ -159.773549473609449, -18.878798527122491 ], [ -159.773563125574469, -18.879163406473321 ], [ -159.773336371496185, -18.879358247094387 ], [ -159.77329029436396, -18.879757618602628 ], [ -159.773387524689184, -18.880065137652409 ], [ -159.773460487070821, -18.880304360270046 ], [ -159.77362918857375, -18.880508940836428 ], [ -159.773822368510906, -18.88082744496241 ], [ -159.77366721441669, -18.880964975318648 ], [ -159.773213021040476, -18.881206390078589 ], [ -159.77323768150427, -18.881343082107239 ], [ -159.773452906453258, -18.88126240543129 ], [ -159.773727833663884, -18.881124377018256 ], [ -159.773848679493227, -18.88134054089587 ], [ -159.772402225378016, -18.882042272352894 ], [ -159.772426807468207, -18.882179055172511 ], [ -159.772570483419969, -18.882167073904672 ], [ -159.773802210887141, -18.881671516789648 ], [ -159.774211272359025, -18.882034750381287 ], [ -159.774524857890043, -18.88248963721599 ], [ -159.774960317449825, -18.88340029840958 ], [ -159.776203709127515, -18.885436548392271 ], [ -159.778323741747073, -18.887902634470525 ], [ -159.780161452513852, -18.888898572491435 ] ] ] ] } },
{ "type": "Feature", "properties": { "eaid": "1702", "ea_name": "tautu", "cdid": "17", "gid": "2" }, "geometry": { "type": "MultiPolygon", "coordinates": [ [ [ [ -159.778304977100134, -18.874109696803867 ], [ -159.778526738691937, -18.87478596505424 ], [ -159.778697653086567, -18.87546958366449 ], [ -159.778699971039799, -18.87597139470429 ], [ -159.778585566976631, -18.882335887219426 ], [ -159.77870897654384, -18.88312225451131 ], [ -159.779023656431434, -18.883793885403762 ], [ -159.779756970208979, -18.884338260503743 ], [ -159.780272791755095, -18.884472891224924 ], [ -159.780990857434318, -18.884310223317563 ], [ -159.781772027158155, -18.88418288644845 ], [ -159.782538660841141, -18.884145508623806 ], [ -159.784848066630389, -18.883519840883803 ], [ -159.788208175745638, -18.882137055907204 ], [ -159.787797084050879, -18.881329055747123 ], [ -159.787468479281245, -18.880246936166294 ], [ -159.786651001008096, -18.879634550334636 ], [ -159.785629229743932, -18.878908907965322 ], [ -159.784233685708756, -18.877648862344362 ], [ -159.782916837673866, -18.875293577073851 ], [ -159.779780124495687, -18.873792705457078 ], [ -159.778304977100134, -18.874109696803867 ] ] ] ] } },
{ "type": "Feature", "properties": { "eaid": "1401", "ea_name": "reureu", "cdid": "14", "gid": "2" }, "geometry": { "type": "MultiPolygon", "coordinates": [ [ [ [ -159.7929560411593, -18.872699223231656 ], [ -159.794116574480768, -18.872373430812694 ], [ -159.796137425171707, -18.871589296998238 ], [ -159.799422045270063, -18.870138876789859 ], [ -159.80030371961999, -18.869747293083901 ], [ -159.801289108965477, -18.869125130415366 ], [ -159.800733464981306, -18.868163729712389 ], [ -159.80041256668656, -18.867446625263725 ], [ -159.800163011139347, -18.86660371343244 ], [ -159.799552340683817, -18.866663350542609 ], [ -159.798972840872892, -18.866990928505821 ], [ -159.799166294285357, -18.867360724914107 ], [ -159.799161185769606, -18.867554643868228 ], [ -159.79900657557107, -18.867783448446421 ], [ -159.799229664830165, -18.868096827719057 ], [ -159.799513005058998, -18.868471207001321 ], [ -159.798025222607748, -18.86925887332735 ], [ -159.797181556610525, -18.869445002023109 ], [ -159.794718771209148, -18.870527572237556 ], [ -159.793536060818496, -18.871211259777713 ], [ -159.792410440323664, -18.872601707827442 ], [ -159.7929560411593, -18.872699223231656 ] ] ] ] } },
{ "type": "Feature", "properties": { "eaid": "1402", "ea_name": "arutanga", "cdid": "14", "gid": "2" }, "geometry": { "type": "MultiPolygon", "coordinates": [ [ [ [ -159.798972840872892, -18.866990928505821 ], [ -159.799552340683817, -18.866663350542609 ], [ -159.800163011139347, -18.86660371343244 ], [ -159.800316306455642, -18.866098343842054 ], [ -159.800734764077987, -18.865931198427216 ], [ -159.800721867528296, -18.865737356920643 ], [ -159.801097471758396, -18.865365113655134 ], [ -159.800929536092752, -18.865308823823305 ], [ -159.800302030863151, -18.865613753063752 ], [ -159.800174484221998, -18.86524358409638 ], [ -159.800323547680307, -18.8651003665289 ], [ -159.800220819711654, -18.86491269377813 ], [ -159.799927854344503, -18.865016593864301 ], [ -159.799770654534512, -18.864715039397151 ], [ -159.801204214322041, -18.863876273358738 ], [ -159.801077209078557, -18.863620218170713 ], [ -159.799935719757542, -18.864149715574101 ], [ -159.799459470096423, -18.863501673448791 ], [ -159.798443189980958, -18.863909551254835 ], [ -159.796223026312077, -18.864352393951219 ], [ -159.79614029781564, -18.864586580975075 ], [ -159.795859117852984, -18.864650488354766 ], [ -159.794237921617793, -18.865079451618971 ], [ -159.794299198298802, -18.86537572822224 ], [ -159.793344289038089, -18.866105424941729 ], [ -159.793783306640648, -18.866479872708368 ], [ -159.795325692844813, -18.865851750721518 ], [ -159.796144258364876, -18.865409136229943 ], [ -159.797000420937763, -18.865337074874489 ], [ -159.798148683293505, -18.864961436753436 ], [ -159.798550774362184, -18.866396773089917 ], [ -159.79883731662207, -18.866800147269416 ], [ -159.798972840872892, -18.866990928505821 ] ] ] ] } },
{ "type": "Feature", "properties": { "eaid": "1404", "ea_name": "reureu", "cdid": "14", "gid": "2" }, "geometry": { "type": "MultiPolygon", "coordinates": [ [ [ [ -159.799513005058998, -18.868471207001321 ], [ -159.799229664830165, -18.868096827719057 ], [ -159.796353124406409, -18.869061477778779 ], [ -159.796231075142288, -18.868594424320563 ], [ -159.794539326984648, -18.869308665895772 ], [ -159.794310611244015, -18.869062346620868 ], [ -159.792519503537989, -18.870307365527857 ], [ -159.791910437335503, -18.86944537204619 ], [ -159.791698428958711, -18.868938762073284 ], [ -159.791084054530359, -18.868211413856482 ], [ -159.790212809479044, -18.868910832766506 ], [ -159.789621117758827, -18.869181421451639 ], [ -159.78909488095826, -18.869371768431353 ], [ -159.788459387785082, -18.870537846322907 ], [ -159.78694182855142, -18.872642807595788 ], [ -159.789774956095698, -18.872612190595238 ], [ -159.792410440323664, -18.872601707827442 ], [ -159.793536060818496, -18.871211259777713 ], [ -159.794718771209148, -18.870527572237556 ], [ -159.797181556610525, -18.869445002023109 ], [ -159.798025222607748, -18.86925887332735 ], [ -159.799513005058998, -18.868471207001321 ] ] ] ] } },
{ "type": "Feature", "properties": { "eaid": "1407", "ea_name": "arutanga", "cdid": "14", "gid": "2" }, "geometry": { "type": "MultiPolygon", "coordinates": [ [ [ [ -159.79900657557107, -18.867783448446421 ], [ -159.799161185769606, -18.867554643868228 ], [ -159.799166294285357, -18.867360724914107 ], [ -159.798972840872892, -18.866990928505821 ], [ -159.79883731662207, -18.866800147269416 ], [ -159.798260577944433, -18.867103040751552 ], [ -159.797930167854105, -18.866887701353001 ], [ -159.797768369435005, -18.866871318310789 ], [ -159.797289543002734, -18.86695324209904 ], [ -159.796696657796787, -18.866967165548473 ], [ -159.796289068304503, -18.866917589534374 ], [ -159.795737334202641, -18.866777372639362 ], [ -159.795222038003828, -18.866728254747557 ], [ -159.792397286168551, -18.867253507493164 ], [ -159.79214029407413, -18.867368717225744 ], [ -159.791084054530359, -18.868211413856482 ], [ -159.791698428958711, -18.868938762073284 ], [ -159.791910437335503, -18.86944537204619 ], [ -159.792519503537989, -18.870307365527857 ], [ -159.794310611244015, -18.869062346620868 ], [ -159.794539326984648, -18.869308665895772 ], [ -159.796231075142288, -18.868594424320563 ], [ -159.796353124406409, -18.869061477778779 ], [ -159.799229664830165, -18.868096827719057 ], [ -159.79900657557107, -18.867783448446421 ] ] ] ] } },
{ "type": "Feature", "properties": { "eaid": "1305", "ea_name": "ureia", "cdid": "13", "gid": "1" }, "geometry": { "type": "MultiPolygon", "coordinates": [ [ [ [ -159.799459470096423, -18.863501673448791 ], [ -159.798904930079118, -18.862767046573914 ], [ -159.797886058976559, -18.861368598632058 ], [ -159.797481915918155, -18.860770206802965 ], [ -159.796753042316112, -18.861155339676152 ], [ -159.79634083718463, -18.861385244456571 ], [ -159.795199158422378, -18.861874777759233 ], [ -159.792895124094372, -18.861023542564229 ], [ -159.790764178932562, -18.858753091440938 ], [ -159.789825445732504, -18.859104844948316 ], [ -159.790560214565915, -18.861245892782637 ], [ -159.790839425189546, -18.862031681088741 ], [ -159.790550386505885, -18.862973844492416 ], [ -159.790074290590979, -18.863637339873918 ], [ -159.784154315663812, -18.862516877726225 ], [ -159.783912388342088, -18.864593577536898 ], [ -159.786614753481246, -18.86609342057579 ], [ -159.791177601697086, -18.866460338426677 ], [ -159.791498359106839, -18.865871680709574 ], [ -159.791850246299504, -18.865545094165071 ], [ -159.792024297064245, -18.865620611426127 ], [ -159.79230644454816, -18.865761987404557 ], [ -159.792845901987363, -18.865839562086894 ], [ -159.793344289038089, -18.866105424941729 ], [ -159.794299198298802, -18.86537572822224 ], [ -159.794237921617793, -18.865079451618971 ], [ -159.795859117852984, -18.864650488354766 ], [ -159.79614029781564, -18.864586580975075 ], [ -159.796223026312077, -18.864352393951219 ], [ -159.798443189980958, -18.863909551254835 ], [ -159.799459470096423, -18.863501673448791 ] ] ] ] } },
{ "type": "Feature", "properties": { "eaid": "1304", "ea_name": "ureia", "cdid": "13", "gid": "2" }, "geometry": { "type": "MultiPolygon", "coordinates": [ [ [ [ -159.797481915918155, -18.860770206802965 ], [ -159.796787647508324, -18.859615488370679 ], [ -159.79635310279798, -18.859002265708106 ], [ -159.795889266368619, -18.858347704558586 ], [ -159.795520022709752, -18.857528155394792 ], [ -159.795429405137384, -18.857350276248532 ], [ -159.794688057853506, -18.857644288030443 ], [ -159.794594499524976, -18.857490003120429 ], [ -159.793135157200112, -18.857935340843689 ], [ -159.79217642201391, -18.857842473828594 ], [ -159.790764178932562, -18.858753091440938 ], [ -159.792895124094372, -18.861023542564229 ], [ -159.795199158422378, -18.861874777759233 ], [ -159.79634083718463, -18.861385244456571 ], [ -159.796753042316112, -18.861155339676152 ], [ -159.797481915918155, -18.860770206802965 ] ] ] ] } },
{ "type": "Feature", "properties": { "eaid": "1405", "ea_name": "nikaupara", "cdid": "14", "gid": "2" }, "geometry": { "type": "MultiPolygon", "coordinates": [ [ [ [ -159.801226945353108, -18.872434294273411 ], [ -159.801737433516479, -18.871468303355787 ], [ -159.801914610424802, -18.870931567790503 ], [ -159.801816168635213, -18.870378852906139 ], [ -159.801550115192782, -18.869855321075161 ], [ -159.801289108965477, -18.869125130415366 ], [ -159.80030371961999, -18.869747293083901 ], [ -159.799422045270063, -18.870138876789859 ], [ -159.796137425171707, -18.871589296998238 ], [ -159.794116574480768, -18.872373430812694 ], [ -159.7929560411593, -18.872699223231656 ], [ -159.792410440323664, -18.872601707827442 ], [ -159.789774956095698, -18.872612190595238 ], [ -159.78694182855142, -18.872642807595788 ], [ -159.785154790115143, -18.873504283011972 ], [ -159.782916837673866, -18.875293577073851 ], [ -159.784233685708756, -18.877648862344362 ], [ -159.786549437672676, -18.875853531172602 ], [ -159.787350044330935, -18.875405337223629 ], [ -159.788247100948297, -18.875093615919731 ], [ -159.788534488795761, -18.875063846530637 ], [ -159.790017009377181, -18.87441885263495 ], [ -159.79163370208704, -18.874292985853131 ], [ -159.792268558199652, -18.874276007683797 ], [ -159.79375654715048, -18.873516936101982 ], [ -159.794826743715532, -18.87309041976475 ], [ -159.795957517169683, -18.872811816821702 ], [ -159.796614878763023, -18.872489696837668 ], [ -159.797493786556942, -18.87213807368936 ], [ -159.798604512496183, -18.871430455800919 ], [ -159.80048555479388, -18.870207761548556 ], [ -159.800716542450601, -18.870913867967893 ], [ -159.800712248370957, -18.87127891133613 ], [ -159.800362908323621, -18.872124308490868 ], [ -159.801226945353108, -18.872434294273411 ] ] ] ] } },
{ "type": "Feature", "properties": { "eaid": "1406", "ea_name": "nikaupara", "cdid": "14", "gid": "2" }, "geometry": { "type": "MultiPolygon", "coordinates": [ [ [ [ -159.788208175745638, -18.882137055907204 ], [ -159.788208175745638, -18.882137055907204 ], [ -159.788208175745638, -18.882137055907204 ], [ -159.788395957703898, -18.882801527647793 ], [ -159.789547041852728, -18.882580881898711 ], [ -159.791192669581505, -18.881764869672356 ], [ -159.792031788167435, -18.880796421062357 ], [ -159.792992181590819, -18.880198982363432 ], [ -159.793669661856484, -18.879686683988453 ], [ -159.794190949735309, -18.87942071929297 ], [ -159.794826385667193, -18.879340120992914 ], [ -159.795513252557811, -18.879475062850908 ], [ -159.796182138328078, -18.879813734073124 ], [ -159.79706362529808, -18.878509512564296 ], [ -159.798134329841702, -18.877276305772764 ], [ -159.798517068322923, -18.876998997197685 ], [ -159.798810838186, -18.876548231380159 ], [ -159.799047988763505, -18.876109725237232 ], [ -159.799611117928094, -18.875394061620629 ], [ -159.799973733306047, -18.874853187606103 ], [ -159.800454000165502, -18.873916152427849 ], [ -159.800653191885175, -18.873447810596272 ], [ -159.800890903059184, -18.873129197845188 ], [ -159.801226945353108, -18.872434294273411 ], [ -159.800362908323621, -18.872124308490868 ], [ -159.800712248370957, -18.87127891133613 ], [ -159.800716542450601, -18.870913867967893 ], [ -159.80048555479388, -18.870207761548556 ], [ -159.798604512496183, -18.871430455800919 ], [ -159.797493786556942, -18.87213807368936 ], [ -159.796614878763023, -18.872489696837668 ], [ -159.795957517169683, -18.872811816821702 ], [ -159.794826743715532, -18.87309041976475 ], [ -159.79375654715048, -18.873516936101982 ], [ -159.792268558199652, -18.874276007683797 ], [ -159.79163370208704, -18.874292985853131 ], [ -159.790017009377181, -18.87441885263495 ], [ -159.788534488795761, -18.875063846530637 ], [ -159.788247100948297, -18.875093615919731 ], [ -159.787350044330935, -18.875405337223629 ], [ -159.786549437672676, -18.875853531172602 ], [ -159.784233685708756, -18.877648862344362 ], [ -159.785629229743932, -18.878908907965322 ], [ -159.786651001008096, -18.879634550334636 ], [ -159.787468479281245, -18.880246936166294 ], [ -159.787797084050879, -18.881329055747123 ], [ -159.788208175745638, -18.882137055907204 ] ] ] ] } },
{ "type": "Feature", "properties": { "eaid": "4301", "ea_name": "te tautua", "cdid": "43", "gid": "3" }, "geometry": { "type": "MultiPolygon", "coordinates": [ [ [ [ -157.926408671188739, -8.955384954420097 ], [ -157.926352503290502, -8.955076015708846 ], [ -157.926184036458949, -8.955005815119533 ], [ -157.925861090805228, -8.955005782276542 ], [ -157.925467889896822, -8.955075980429063 ], [ -157.925257225383149, -8.95532871858178 ], [ -157.925018521823432, -8.955960676419316 ], [ -157.92451304755113, -8.957280568533573 ], [ -157.923965390736271, -8.958151233424669 ], [ -157.923937336578945, -8.958305675221334 ], [ -157.92383902608367, -8.958530347852133 ], [ -157.923740723190775, -8.958726900645638 ], [ -157.923600332936331, -8.959106064548298 ], [ -157.923417714573759, -8.95935879236418 ], [ -157.923066726927686, -8.959864289107532 ], [ -157.922589259466719, -8.960201331145806 ], [ -157.922280383577601, -8.960566440957704 ], [ -157.922448821000074, -8.960748941802583 ], [ -157.922842000723222, -8.961324689356379 ], [ -157.92310878999649, -8.961549339613901 ], [ -157.92302454495001, -8.962167187558174 ], [ -157.922799926617927, -8.962546376827131 ], [ -157.922490981528625, -8.962883366565684 ], [ -157.922168008245222, -8.963094002049697 ], [ -157.922420734072716, -8.963459120469865 ], [ -157.922378668696865, -8.96396461174484 ], [ -157.922322469395681, -8.964456047106804 ], [ -157.922294384750757, -8.964849280719971 ], [ -157.922111844240447, -8.965481127515929 ], [ -157.922041603142901, -8.96602876137162 ], [ -157.922027587034052, -8.966534243813955 ], [ -157.922055640700222, -8.9671942817144 ], [ -157.921929271992184, -8.967699798130862 ], [ -157.921788848322393, -8.968443975167663 ], [ -157.921620396840069, -8.96963753470914 ], [ -157.921690602668747, -8.969890275099774 ], [ -157.921732741802714, -8.970199263574145 ], [ -157.921662480777059, -8.970676642751986 ], [ -157.921929267378886, -8.970929414228179 ], [ -157.922547181391053, -8.971168109893602 ], [ -157.922827952981521, -8.971434936292338 ], [ -157.922940345581708, -8.971294484138921 ], [ -157.923066670247636, -8.971083908690362 ], [ -157.923024586809504, -8.970704756547262 ], [ -157.922926262028341, -8.970423904964774 ], [ -157.92279987638122, -8.970044778346663 ], [ -157.922729659546121, -8.9696937544002 ], [ -157.922701622079785, -8.969511210485006 ], [ -157.922954381372563, -8.969230387581106 ], [ -157.922912225681159, -8.968977548248077 ], [ -157.922856041917498, -8.968598445417063 ], [ -157.922771833368841, -8.96826148580894 ], [ -157.922603318715232, -8.967671654415618 ], [ -157.922589286038118, -8.967292584010826 ], [ -157.922589307141465, -8.967081911658953 ], [ -157.922575219926898, -8.966899408398007 ], [ -157.922575199694592, -8.96670275061102 ], [ -157.92267355263499, -8.966337660731369 ], [ -157.922771806970928, -8.966056839484054 ], [ -157.922926280893478, -8.965073910317791 ], [ -157.922954359622537, -8.96483519984737 ], [ -157.923052641947748, -8.964722826074009 ], [ -157.923403671542729, -8.964357748325618 ], [ -157.923459890535213, -8.964062880079647 ], [ -157.923895168014269, -8.963613506711523 ], [ -157.923895198557375, -8.963501208390866 ], [ -157.923895213827421, -8.963445059230276 ], [ -157.924161963480543, -8.962995737483244 ], [ -157.924386632927394, -8.962700816446409 ], [ -157.924864087179145, -8.962420011919429 ], [ -157.924906181803095, -8.96220937124555 ], [ -157.92508872669643, -8.961675715574401 ], [ -157.925172974606198, -8.96159151050362 ], [ -157.925509977771782, -8.961071956335145 ], [ -157.925734697320053, -8.960861303411152 ], [ -157.92594529372326, -8.960454132147929 ], [ -157.926029590139336, -8.960327702001912 ], [ -157.926029586326592, -8.960201298360758 ], [ -157.926296379389242, -8.959709840003447 ], [ -157.926422746131749, -8.959457128171465 ], [ -157.926426277623648, -8.959352706217777 ], [ -157.926492941996258, -8.959330747368986 ], [ -157.926561390954276, -8.959314037899656 ], [ -157.926577196539085, -8.959218422047154 ], [ -157.92657899104185, -8.959194737869689 ], [ -157.926496428912174, -8.959164841386745 ], [ -157.926475415094274, -8.959092898507743 ], [ -157.926461371167449, -8.959022693784107 ], [ -157.926438521290493, -8.958963042355842 ], [ -157.926540318910099, -8.958929702408165 ], [ -157.92658599935038, -8.958748909525639 ], [ -157.926520997902855, -8.958740945038125 ], [ -157.926633335831326, -8.958642715872115 ], [ -157.926654410040356, -8.958566283801524 ], [ -157.926645691023083, -8.958496094528105 ], [ -157.926633395132853, -8.958418028555929 ], [ -157.926614049598442, -8.958339851715767 ], [ -157.926633405787072, -8.958235475651819 ], [ -157.926682525203233, -8.958211747914987 ], [ -157.926689535096671, -8.95812315909496 ], [ -157.926731688170605, -8.957968667429565 ], [ -157.926747467490799, -8.957830826499524 ], [ -157.926898444608128, -8.957855405837924 ], [ -157.926843976281901, -8.957631645373782 ], [ -157.926689507083182, -8.95754475823326 ], [ -157.926670256980458, -8.957076158876866 ], [ -157.926703578069123, -8.956915493187017 ], [ -157.926829930351431, -8.956283660351763 ], [ -157.926886129952635, -8.956044940224901 ], [ -157.927012475756754, -8.955721973474581 ], [ -157.927110829178901, -8.955609598351259 ], [ -157.927166931384789, -8.955455146996201 ], [ -157.926872061364804, -8.955497240514495 ], [ -157.92663340354639, -8.955679824790691 ], [ -157.92640867973202, -8.955637671380074 ], [ -157.926296367924039, -8.955497288873614 ], [ -157.926240155571861, -8.955356888255377 ], [ -157.926408671188739, -8.955384954420097 ] ] ] ] } },
{ "type": "Feature", "properties": { "eaid": "4403", "ea_name": "omoka3", "cdid": "44", "gid": "3" }, "geometry": { "type": "MultiPolygon", "coordinates": [ [ [ [ -158.053064446273595, -8.976569273617292 ], [ -158.056190950906313, -8.977183723531661 ], [ -158.056151517056776, -8.976540505947227 ], [ -158.056046208064913, -8.975989392904632 ], [ -158.055691651188795, -8.975178406081744 ], [ -158.055417839533334, -8.974816836325939 ], [ -158.055249289439331, -8.974676433784422 ], [ -158.054922815718129, -8.974550094490978 ], [ -158.054399767924309, -8.974388620589274 ], [ -158.054031175719757, -8.974335956128728 ], [ -158.053971478007128, -8.974304336798935 ], [ -158.053929368090621, -8.974258656858678 ], [ -158.053859169425948, -8.974227101038897 ], [ -158.053722233884798, -8.974188502270994 ], [ -158.053458950133688, -8.974135835758903 ], [ -158.053192148046264, -8.974051603189618 ], [ -158.053132511912366, -8.973967358988789 ], [ -158.053083367623231, -8.973886577665473 ], [ -158.052911306599071, -8.973914709543545 ], [ -158.052756885951851, -8.973879592020772 ], [ -158.052686671710717, -8.973883028800016 ], [ -158.052605933876492, -8.973837430510658 ], [ -158.052454961268097, -8.973774291268027 ], [ -158.052230269001598, -8.97385147672758 ], [ -158.052139016475252, -8.9738690554868 ], [ -158.051928402771551, -8.973897087975654 ], [ -158.051917878808098, -8.973963791493111 ], [ -158.05186522596631, -8.97410778705648 ], [ -158.051809025781097, -8.974202494184821 ], [ -158.051710734997869, -8.974388599059942 ], [ -158.05165457309522, -8.974497411891688 ], [ -158.051580841593989, -8.974613232418351 ], [ -158.051517626917132, -8.974693996677479 ], [ -158.05150363427515, -8.974767744082262 ], [ -158.051500117321865, -8.974880037627376 ], [ -158.051584334664, -8.974943277147 ], [ -158.051668615332716, -8.975097660935736 ], [ -158.051696682661856, -8.975178478734145 ], [ -158.051703698976922, -8.975220542400255 ], [ -158.051700220435436, -8.975346941686972 ], [ -158.051756365575926, -8.9753890410668 ], [ -158.051854636577161, -8.975441737391307 ], [ -158.051966981408839, -8.975504958626011 ], [ -158.052107453822856, -8.97556807117803 ], [ -158.052297016293068, -8.975617294428378 ], [ -158.052437384333899, -8.975662864966777 ], [ -158.052655049583507, -8.975634850376291 ], [ -158.05278494183915, -8.975641874663998 ], [ -158.05278147075245, -8.975736626741121 ], [ -158.052725236681169, -8.975757640977069 ], [ -158.052683169508782, -8.975782217951879 ], [ -158.052700659276837, -8.975834887705437 ], [ -158.052753381573581, -8.975866489361907 ], [ -158.052872741343975, -8.975827914538593 ], [ -158.052932371261079, -8.975827886610528 ], [ -158.052911289655839, -8.975887600688798 ], [ -158.052834101554538, -8.975919140436501 ], [ -158.052791997772118, -8.97595782297028 ], [ -158.052753364817391, -8.976017492021207 ], [ -158.052784946749625, -8.97607363390588 ], [ -158.052904340432207, -8.976108752104363 ], [ -158.05294992375002, -8.976087710534157 ], [ -158.052956996928771, -8.976136827157742 ], [ -158.05296402025246, -8.976147333978634 ], [ -158.052985024133051, -8.976175418281462 ], [ -158.053002625319522, -8.976214073089963 ], [ -158.053013119263824, -8.97624565685244 ], [ -158.053055224709681, -8.976350924190198 ], [ -158.053065768291304, -8.97642120817525 ], [ -158.053076323556581, -8.976515905802142 ], [ -158.053064446273595, -8.976569273617292 ] ] ] ] } },
{ "type": "Feature", "properties": { "eaid": "4402", "ea_name": "omoka2", "cdid": "44", "gid": "3" }, "geometry": { "type": "MultiPolygon", "coordinates": [ [ [ [ -158.052204026899886, -8.980409335740756 ], [ -158.054031982372749, -8.981853771244362 ], [ -158.054652541939532, -8.981048037521679 ], [ -158.055365186747508, -8.980033441498195 ], [ -158.05573028511526, -8.979380542488636 ], [ -158.056060258187017, -8.978590655997657 ], [ -158.056116411283455, -8.978049992435329 ], [ -158.056197146781926, -8.9772847862505 ], [ -158.056190950906313, -8.977183723531661 ], [ -158.053064446273595, -8.976569273617292 ], [ -158.053055225925164, -8.976610703108035 ], [ -158.053023650326054, -8.976638833425621 ], [ -158.052974541668362, -8.976659865957386 ], [ -158.052978050933859, -8.976694958219971 ], [ -158.052985042021675, -8.97677572190609 ], [ -158.052981523149384, -8.976859985050432 ], [ -158.052918333478857, -8.976902139923279 ], [ -158.052942955493535, -8.977039009708433 ], [ -158.052967520578392, -8.977168916946818 ], [ -158.053114967066421, -8.977204016634863 ], [ -158.053139521008262, -8.977309329386463 ], [ -158.05312894953488, -8.977365453585508 ], [ -158.053121982463523, -8.977477828752596 ], [ -158.05311841374143, -8.977523482096183 ], [ -158.053118474806183, -8.977586686378864 ], [ -158.053121944993109, -8.977723592339625 ], [ -158.053104402053549, -8.97783594038313 ], [ -158.05306932598458, -8.97794119063987 ], [ -158.053041225220966, -8.978046549200457 ], [ -158.053051774948898, -8.978316843957606 ], [ -158.053072794476236, -8.978425674058748 ], [ -158.053009615952703, -8.978492332975852 ], [ -158.052978007603002, -8.978706458715473 ], [ -158.052925373126953, -8.978727572587239 ], [ -158.052795486663115, -8.978688991405974 ], [ -158.052637482070935, -8.97864681162541 ], [ -158.052626985233076, -8.97870302640672 ], [ -158.052760369746466, -8.978752105429384 ], [ -158.052816551881307, -8.978780189581533 ], [ -158.052739333620309, -8.979169885814768 ], [ -158.052346108284411, -8.979011906260954 ], [ -158.052342655039183, -8.979099695950145 ], [ -158.052633971423433, -8.979219075624121 ], [ -158.052665612506019, -8.979310300942956 ], [ -158.052532174666595, -8.979426149194129 ], [ -158.052275938069926, -8.979373499574498 ], [ -158.052219722260617, -8.979271722337831 ], [ -158.052153028459458, -8.979478795472577 ], [ -158.0523952834927, -8.979629787075581 ], [ -158.052314552131151, -8.979812320183042 ], [ -158.051998631144016, -8.979664846611875 ], [ -158.051791482497407, -8.979945703954813 ], [ -158.052258389777307, -8.980180911817165 ], [ -158.052219727928275, -8.980366988873456 ], [ -158.052204026899886, -8.980409335740756 ] ] ] ] } },
{ "type": "Feature", "properties": { "eaid": "4401", "ea_name": "omoka1", "cdid": "44", "gid": "3" }, "geometry": { "type": "MultiPolygon", "coordinates": [ [ [ [ -158.054031982372749, -8.981853771244362 ], [ -158.052204026899886, -8.980409335740756 ], [ -158.051791511914473, -8.981521918247855 ], [ -158.051180622117982, -8.982283680043565 ], [ -158.050246866741048, -8.983287660560038 ], [ -158.049411388214963, -8.984340808906937 ], [ -158.048403868029993, -8.985755555305817 ], [ -158.04780707865973, -8.986943046490781 ], [ -158.047427907289716, -8.98815062917765 ], [ -158.046810040877745, -8.989105501738281 ], [ -158.046051821917246, -8.989919948413567 ], [ -158.044542321224924, -8.991731322493353 ], [ -158.044212341935548, -8.992222806785543 ], [ -158.043138083241899, -8.994013148303695 ], [ -158.042808114471001, -8.994413396678141 ], [ -158.042534314275656, -8.994504643127152 ], [ -158.041993666183657, -8.99412546178271 ], [ -158.042014729951433, -8.994244871486137 ], [ -158.042414919635462, -8.994553792936269 ], [ -158.04203581601584, -8.995354204011143 ], [ -158.041186246646532, -8.996610917923624 ], [ -158.040484151783687, -8.99712349195838 ], [ -158.03926949473572, -8.998892746450844 ], [ -158.038960618216549, -8.999426324951072 ], [ -158.038300629069596, -9.001062204676536 ], [ -158.03776705890769, -9.001976768584887 ], [ -158.037149194363479, -9.002060962600602 ], [ -158.037036858204772, -9.003268593101717 ], [ -158.0363347178411, -9.005065938074493 ], [ -158.035436093904394, -9.005908471240319 ], [ -158.034481211089997, -9.007003759407537 ], [ -158.033694881583017, -9.008548423035997 ], [ -158.033357869836664, -9.00998069710784 ], [ -158.032262542428981, -9.010795125398298 ], [ -158.031700921895066, -9.01087936606797 ], [ -158.030830263236737, -9.013715811292649 ], [ -158.029454143789934, -9.015541289152591 ], [ -158.029285663016992, -9.01669270479108 ], [ -158.029145236043234, -9.017703772018255 ], [ -158.028358858499274, -9.018827151950612 ], [ -158.027095087245726, -9.019304572341014 ], [ -158.026589633028919, -9.020090882085837 ], [ -158.02552238902723, -9.02098963086322 ], [ -158.024679880550536, -9.022197213711683 ], [ -158.024904541724766, -9.022843136376771 ], [ -158.02524157626209, -9.023517115985429 ], [ -158.02532581147787, -9.024050726174373 ], [ -158.025999817418722, -9.024752815435859 ], [ -158.027628705945006, -9.024865182005872 ], [ -158.028864365630767, -9.024500079526337 ], [ -158.029398028890398, -9.023320605058833 ], [ -158.030661807243916, -9.020427878845984 ], [ -158.03108301045711, -9.019164103697763 ], [ -158.032290647734641, -9.016327642580482 ], [ -158.036166249707207, -9.008913510127208 ], [ -158.040048873041201, -9.001616882530341 ], [ -158.0404841212912, -9.000978021463695 ], [ -158.041249424532282, -8.999566743856567 ], [ -158.042779988025444, -8.997067253827712 ], [ -158.043713790115959, -8.995410372603857 ], [ -158.044429980333035, -8.994525657410648 ], [ -158.045167177850004, -8.993437458287582 ], [ -158.046164136206784, -8.99214557891642 ], [ -158.046760925238914, -8.991394280888239 ], [ -158.047891286400329, -8.989653078782764 ], [ -158.048558341893624, -8.988761444730006 ], [ -158.049667604418261, -8.987251928946346 ], [ -158.050541739236991, -8.986046973533149 ], [ -158.050906824599394, -8.985664348383464 ], [ -158.051791444764945, -8.984779686250208 ], [ -158.052577803460139, -8.983807241975121 ], [ -158.053522172882623, -8.982497840942353 ], [ -158.05398204558503, -8.981918609025756 ], [ -158.054031982372749, -8.981853771244362 ] ] ] ] } },
{ "type": "Feature", "properties": { "eaid": "1002", "ea_name": "avaavaroa\/totokoitu", "cdid": "10", "gid": "1" }, "geometry": { "type": "MultiPolygon", "coordinates": [ [ [ [ -159.786259565581616, -21.257011239707104 ], [ -159.785775747789359, -21.257042490235452 ], [ -159.782176301129795, -21.257698454727269 ], [ -159.781905142203414, -21.257428002740571 ], [ -159.78147766466455, -21.257670350800609 ], [ -159.777523120367817, -21.25855480383888 ], [ -159.775788421337978, -21.259140812931271 ], [ -159.774631409079944, -21.259727402470787 ], [ -159.773667535658973, -21.260212290455993 ], [ -159.772835526603018, -21.261204038048707 ], [ -159.773016088284379, -21.261586157163151 ], [ -159.773071402954315, -21.261703218306508 ], [ -159.773071388074413, -21.261703232717412 ], [ -159.773320678309346, -21.262230752760381 ], [ -159.774366316365558, -21.26389848675915 ], [ -159.774486049353214, -21.264179944205409 ], [ -159.774790410671358, -21.266159272712894 ], [ -159.775000250480758, -21.266246062398672 ], [ -159.775344971343998, -21.26614050073027 ], [ -159.77557325831657, -21.265926868754104 ], [ -159.775620807690558, -21.265724768664988 ], [ -159.775728080354696, -21.265723265449829 ], [ -159.775972058562814, -21.266202793768048 ], [ -159.776289190989104, -21.26627441421358 ], [ -159.776407634385947, -21.266178571821218 ], [ -159.776608910339405, -21.266131486798059 ], [ -159.777428873447661, -21.265884681976278 ], [ -159.777623536576016, -21.265806779561842 ], [ -159.777711751804361, -21.265692940282428 ], [ -159.777907318581015, -21.265398121969188 ], [ -159.777987777818225, -21.265311399531686 ], [ -159.778140056715358, -21.265319320119229 ], [ -159.778106698663606, -21.265432492542459 ], [ -159.777992832947433, -21.265643757391359 ], [ -159.777871689970226, -21.265812410883292 ], [ -159.777944082248155, -21.266074591128103 ], [ -159.778650621932314, -21.266193984270465 ], [ -159.778953839636927, -21.266311315960682 ], [ -159.779666210248337, -21.266277207316442 ], [ -159.780027476040516, -21.266232587741637 ], [ -159.780818261706116, -21.266102356729714 ], [ -159.780813284403592, -21.266027052147173 ], [ -159.780873825855991, -21.26598564542541 ], [ -159.780911048382762, -21.266024802569405 ], [ -159.781041712931085, -21.265952066516096 ], [ -159.781287578643116, -21.265773209603068 ], [ -159.781440567859335, -21.265718083650729 ], [ -159.781805655443321, -21.265667809829747 ], [ -159.78199027273314, -21.265627416624675 ], [ -159.782128634186563, -21.265683188433677 ], [ -159.782171845973693, -21.265631231619256 ], [ -159.782534742657475, -21.26558552899052 ], [ -159.782591506752425, -21.265535447915635 ], [ -159.782710937312601, -21.265523595227027 ], [ -159.782755081375569, -21.265558350729759 ], [ -159.783120584293528, -21.26556763567843 ], [ -159.783187388463489, -21.265607080075259 ], [ -159.783350475723751, -21.265581066446614 ], [ -159.783334456708786, -21.265515769981505 ], [ -159.783408318983248, -21.265505960055918 ], [ -159.783476056711862, -21.26562814743972 ], [ -159.783644697916117, -21.265591201163964 ], [ -159.783658619004996, -21.265509065815554 ], [ -159.783764772579559, -21.26550053464565 ], [ -159.783832652894858, -21.265616653380949 ], [ -159.783940890851738, -21.265598376111733 ], [ -159.784021008288505, -21.265522289136143 ], [ -159.784453729711004, -21.265524564410189 ], [ -159.784485165656832, -21.265553385358178 ], [ -159.78454872590217, -21.265552552912407 ], [ -159.784608498085447, -21.265459068929754 ], [ -159.784697994619791, -21.26546397040596 ], [ -159.784731928028577, -21.26550295025989 ], [ -159.785074170054173, -21.265485912041761 ], [ -159.785032736458049, -21.265403046794628 ], [ -159.785184555517588, -21.265380757822278 ], [ -159.785233358222797, -21.265445925917884 ], [ -159.785327202352249, -21.265376049975913 ], [ -159.785605735831751, -21.265334916522917 ], [ -159.785702080405258, -21.265374553727572 ], [ -159.786006651264529, -21.265293576692226 ], [ -159.786635696251864, -21.26529730038137 ], [ -159.786733179938039, -21.265201068962028 ], [ -159.786742327217752, -21.265039042615346 ], [ -159.78675969754201, -21.265029375161461 ], [ -159.786932157583664, -21.265136899775619 ], [ -159.787012240344495, -21.265096928729282 ], [ -159.787123016334988, -21.265119907846405 ], [ -159.787165831822989, -21.265168912639638 ], [ -159.787299189108069, -21.26515911693005 ], [ -159.787299185494504, -21.265125812326836 ], [ -159.787358172658912, -21.265126436364785 ], [ -159.787392401734962, -21.265093573962794 ], [ -159.78741616836453, -21.265136656998308 ], [ -159.787463269297604, -21.265179003296939 ], [ -159.78750440222089, -21.265163097434797 ], [ -159.78748816581259, -21.265109398088043 ], [ -159.787515961395627, -21.265113389933539 ], [ -159.787552567917601, -21.265138176312593 ], [ -159.787586634188301, -21.265132116565841 ], [ -159.7875809290029, -21.265093669253677 ], [ -159.787575653067222, -21.265054852779123 ], [ -159.78759364127535, -21.265063107047848 ], [ -159.787609682505575, -21.265093424024599 ], [ -159.787644671668971, -21.265136163118171 ], [ -159.787797923442838, -21.265094305604055 ], [ -159.787822031438878, -21.265064326224696 ], [ -159.787976860675769, -21.265000410535965 ], [ -159.788054019062031, -21.26500251727796 ], [ -159.788211604865779, -21.264983507880824 ], [ -159.788282605157406, -21.264948479306838 ], [ -159.788338844540704, -21.264960273363293 ], [ -159.788413202599571, -21.264967854094529 ], [ -159.788474772938059, -21.26494253906904 ], [ -159.78861843044271, -21.264959327773646 ], [ -159.788637600945862, -21.264960852704164 ], [ -159.788564073242952, -21.264753917396462 ], [ -159.788438983845793, -21.264277565904255 ], [ -159.788254961851834, -21.263211099926572 ], [ -159.787927410047018, -21.263205134303298 ], [ -159.787831639976702, -21.263025556405029 ], [ -159.787826702634192, -21.262859374199255 ], [ -159.787820785572364, -21.262658419918949 ], [ -159.787761336222729, -21.261791539706479 ], [ -159.788185461223264, -21.259828876081432 ], [ -159.787952622457937, -21.257845707540707 ], [ -159.787320924452018, -21.257534337395445 ], [ -159.7870438529024, -21.257397765902358 ], [ -159.786259565581616, -21.257011239707104 ] ] ] ] } },
{ "type": "Feature", "properties": { "eaid": "0707", "ea_name": "arerenga arorangi", "cdid": "07", "gid": "1" }, "geometry": { "type": "MultiPolygon", "coordinates": [ [ [ [ -159.827772270850204, -21.230617204871205 ], [ -159.828130382464707, -21.227539310637795 ], [ -159.828204584995518, -21.226840708370755 ], [ -159.828284665947649, -21.22599137605096 ], [ -159.826767306826326, -21.225999432642841 ], [ -159.825936406732694, -21.226029891520049 ], [ -159.8254396436337, -21.22602488556813 ], [ -159.824133833283412, -21.226094773511367 ], [ -159.823038001355854, -21.226142027098618 ], [ -159.822825016975742, -21.227049027107828 ], [ -159.821896971132901, -21.227049032858751 ], [ -159.820801928558808, -21.226923385474624 ], [ -159.819973312319291, -21.22697824650815 ], [ -159.819973244330413, -21.226978630492646 ], [ -159.819655458210889, -21.226999290991202 ], [ -159.819045402210378, -21.22703968156711 ], [ -159.818069093564105, -21.227235552746432 ], [ -159.818105206065383, -21.227991972000535 ], [ -159.819043714654242, -21.228202040984424 ], [ -159.819234026208449, -21.230002905781575 ], [ -159.819461800526824, -21.230873764681331 ], [ -159.820977763042208, -21.230731434465902 ], [ -159.821952393256424, -21.230627423084396 ], [ -159.823359631746627, -21.230152409255037 ], [ -159.823456450147745, -21.229902056925386 ], [ -159.825045816413166, -21.230271986108626 ], [ -159.825616031709927, -21.230148479482118 ], [ -159.825745851990263, -21.230421410752584 ], [ -159.826737785515832, -21.230563429594451 ], [ -159.827772270850204, -21.230617204871205 ] ] ] ] } },
{ "type": "Feature", "properties": { "eaid": "0101", "ea_name": "kiikii-ooa", "cdid": "01", "gid": "1" }, "geometry": { "type": "MultiPolygon", "coordinates": [ [ [ [ -159.74755817221623, -21.207245428801713 ], [ -159.747152950517091, -21.207612991957351 ], [ -159.746932440335371, -21.20775405401767 ], [ -159.747134504746271, -21.207960470750251 ], [ -159.746986774096797, -21.208036363406148 ], [ -159.74683372778253, -21.207867142459641 ], [ -159.74678893477963, -21.207894535674043 ], [ -159.745976964083468, -21.208658172950791 ], [ -159.745747914063259, -21.208905351433099 ], [ -159.745564301315738, -21.20912561650773 ], [ -159.745030025637874, -21.209576113710352 ], [ -159.744417050309266, -21.20986251733936 ], [ -159.744104057231283, -21.210071536512249 ], [ -159.743911545811756, -21.210217460208263 ], [ -159.743748516309807, -21.210439878749998 ], [ -159.743647666766321, -21.210522810859597 ], [ -159.74346353421052, -21.210730779101869 ], [ -159.743553761217925, -21.210852618015583 ], [ -159.743499627093769, -21.210894923532049 ], [ -159.743358719413578, -21.210748173797164 ], [ -159.743196405669579, -21.210818787312387 ], [ -159.742931716292105, -21.210957996848002 ], [ -159.742989892552259, -21.211011401292176 ], [ -159.742136984606333, -21.21155172129297 ], [ -159.742209514559619, -21.211684180887659 ], [ -159.742131724106144, -21.211738801707526 ], [ -159.742085907380016, -21.211633182609695 ], [ -159.741978052058727, -21.211609346505046 ], [ -159.740329718350125, -21.212634183534234 ], [ -159.739240424578696, -21.213344974737559 ], [ -159.738771512302719, -21.213695451523783 ], [ -159.738308053260084, -21.21395592056254 ], [ -159.738305227333541, -21.21395067644189 ], [ -159.738000789314015, -21.214130442239323 ], [ -159.737678775179546, -21.214369926830429 ], [ -159.737148807896205, -21.214684898016262 ], [ -159.736463514456716, -21.21506550361638 ], [ -159.736923388877813, -21.215751911792204 ], [ -159.736929369971136, -21.215956010676578 ], [ -159.737376357324024, -21.21636995026169 ], [ -159.737878790408104, -21.217038114010826 ], [ -159.738552945561679, -21.217802835659928 ], [ -159.739243767038232, -21.218267876777837 ], [ -159.739278927439869, -21.218299510866718 ], [ -159.739475533848434, -21.218116363501693 ], [ -159.739450299513948, -21.218088472484087 ], [ -159.739316308737443, -21.217940375004641 ], [ -159.739646378829349, -21.217615684745862 ], [ -159.739038127280452, -21.217136401127739 ], [ -159.738552626191222, -21.216592452270795 ], [ -159.739288403569702, -21.216213925780771 ], [ -159.739507024036158, -21.21627177332784 ], [ -159.739574805583089, -21.216289632801239 ], [ -159.7402149469508, -21.21683169921198 ], [ -159.74043959497331, -21.217046422616029 ], [ -159.741025051881223, -21.216405129307184 ], [ -159.741423600840221, -21.216250179619976 ], [ -159.74190088206575, -21.215751133860518 ], [ -159.742771468663619, -21.216494794345735 ], [ -159.743348842681996, -21.216994310869733 ], [ -159.744002414284779, -21.217492590749597 ], [ -159.744742952899031, -21.217906659598277 ], [ -159.745459832709855, -21.218139957528294 ], [ -159.7456051505456, -21.217860320303814 ], [ -159.744958557175863, -21.217513736624046 ], [ -159.743907512602334, -21.216874942780603 ], [ -159.742726519779495, -21.215841255385079 ], [ -159.742179458867525, -21.21533135667265 ], [ -159.74227596759988, -21.21506437015972 ], [ -159.741559863082841, -21.214167613141711 ], [ -159.740977832043484, -21.213109079483317 ], [ -159.741253920580988, -21.212946564347341 ], [ -159.74339072916834, -21.21181550696997 ], [ -159.744882427755385, -21.21076961974742 ], [ -159.745649116091471, -21.210077631714125 ], [ -159.746624765025246, -21.209218314481689 ], [ -159.747670201451427, -21.208077605002536 ], [ -159.748282166244934, -21.207540777430825 ], [ -159.74776749452181, -21.207098808777005 ], [ -159.74755817221623, -21.207245428801713 ] ] ] ] } },
{ "type": "Feature", "properties": { "eaid": "1203", "ea_name": "matavera north", "cdid": "12", "gid": "1" }, "geometry": { "type": "MultiPolygon", "coordinates": [ [ [ [ -159.741032639727479, -21.223948526630533 ], [ -159.740442790314916, -21.223786573134444 ], [ -159.740131726259307, -21.223685215925862 ], [ -159.740062295784384, -21.223662592668823 ], [ -159.740049731585316, -21.223703899625658 ], [ -159.739952852538977, -21.224022405699298 ], [ -159.739747966141152, -21.224809266114697 ], [ -159.738936124143919, -21.224689431404634 ], [ -159.738469405443993, -21.224626617033895 ], [ -159.738287619967764, -21.224660473123091 ], [ -159.737978404384762, -21.224490107809693 ], [ -159.738001137304735, -21.224395974735771 ], [ -159.737721656618419, -21.22437298803845 ], [ -159.737722058409247, -21.224166130245738 ], [ -159.737701043801422, -21.223822786863046 ], [ -159.737676572600293, -21.223599236354193 ], [ -159.73771113038066, -21.223054755793409 ], [ -159.737652076071413, -21.222811122442351 ], [ -159.737294940920151, -21.222686130217113 ], [ -159.737075406835345, -21.22259007438662 ], [ -159.736992850294229, -21.222413478046612 ], [ -159.737094817230684, -21.222226862319445 ], [ -159.737141856708206, -21.22193940693677 ], [ -159.737250392166402, -21.221475719765518 ], [ -159.736097178529263, -21.221056110211638 ], [ -159.735852403549444, -21.221096297752268 ], [ -159.736078640552819, -21.22132612034947 ], [ -159.736229794526594, -21.221954498009232 ], [ -159.736288091569719, -21.222103693142046 ], [ -159.736350783764067, -21.222186575298444 ], [ -159.736428304342382, -21.222330896607907 ], [ -159.736688107024349, -21.222741876833648 ], [ -159.736108778637941, -21.223001728151633 ], [ -159.735733502261979, -21.223177111937996 ], [ -159.735327800877457, -21.223119714748265 ], [ -159.735438348616924, -21.223397450114373 ], [ -159.735858118919907, -21.223495254807656 ], [ -159.735665985466824, -21.224411742039639 ], [ -159.736526082883501, -21.224526134074416 ], [ -159.736556679967151, -21.224524633100739 ], [ -159.737224819983169, -21.22449185675163 ], [ -159.737357112467265, -21.224804462167508 ], [ -159.737332186200319, -21.224968971927275 ], [ -159.737461038492313, -21.225507408927061 ], [ -159.737521469135032, -21.22575600439276 ], [ -159.737537964996221, -21.225973537598222 ], [ -159.737576224281781, -21.22641327813027 ], [ -159.737577075985314, -21.226578294752663 ], [ -159.736396583106938, -21.226835256952224 ], [ -159.735982337192979, -21.226734466213362 ], [ -159.735654072626232, -21.226612654112653 ], [ -159.73526220465132, -21.226395556356824 ], [ -159.73457185024219, -21.226044393726994 ], [ -159.733107621071582, -21.225700087583693 ], [ -159.732991795320601, -21.226074467951221 ], [ -159.732629641033753, -21.226800760577326 ], [ -159.732972450958385, -21.226951469012953 ], [ -159.733605103572387, -21.227426238959325 ], [ -159.734092071042596, -21.22748610293586 ], [ -159.734894315446752, -21.227833969858878 ], [ -159.735504607418704, -21.228026579168986 ], [ -159.736158984469853, -21.228214277205485 ], [ -159.736498169030796, -21.228211585549559 ], [ -159.737089638057995, -21.227906869202148 ], [ -159.73735501620601, -21.227912944705231 ], [ -159.737623334312133, -21.227987415368407 ], [ -159.737901380538432, -21.228087293327111 ], [ -159.738254442332902, -21.228005000505622 ], [ -159.738559779525303, -21.22817682730884 ], [ -159.738669916636439, -21.228190999434158 ], [ -159.738667223084974, -21.227919834665951 ], [ -159.738688870689572, -21.22786805603015 ], [ -159.738751873877447, -21.227691184912629 ], [ -159.738794131683534, -21.227816107106719 ], [ -159.739087236589, -21.228036584089455 ], [ -159.739612612784271, -21.228036992297003 ], [ -159.739693706859441, -21.227903038688986 ], [ -159.739751860026388, -21.227821396389583 ], [ -159.739809805302968, -21.227714010909761 ], [ -159.739912436696784, -21.227644729452507 ], [ -159.740152716418976, -21.227820000124908 ], [ -159.740579454541063, -21.228196339993186 ], [ -159.740938649879382, -21.228062429799767 ], [ -159.741701740490413, -21.227756291432357 ], [ -159.74211339804117, -21.227436248972825 ], [ -159.740854355670365, -21.226155028795549 ], [ -159.740983271116505, -21.225955556019837 ], [ -159.740841004665668, -21.225661252839569 ], [ -159.741306989838193, -21.224070732581165 ], [ -159.74131935890918, -21.224028513712515 ], [ -159.741268479405818, -21.224014543866062 ], [ -159.741032258138063, -21.223949685219605 ], [ -159.741032639727479, -21.223948526630533 ] ] ] ] } },
{ "type": "Feature", "properties": { "eaid": "0608", "ea_name": "pokoinu", "cdid": "06", "gid": "1" }, "geometry": { "type": "MultiPolygon", "coordinates": [ [ [ [ -159.818868685123277, -21.204567179739467 ], [ -159.81885673832906, -21.204448514894544 ], [ -159.819116586479794, -21.20407925780966 ], [ -159.817931135962624, -21.203322982700424 ], [ -159.817780643604266, -21.20345343863378 ], [ -159.817651723997557, -21.203582969158447 ], [ -159.817622793432264, -21.203549756230256 ], [ -159.817611223227232, -21.203540508337525 ], [ -159.817594702304945, -21.203526677622779 ], [ -159.815093444317966, -21.203639774183813 ], [ -159.813887046141474, -21.203591176224922 ], [ -159.813362144642753, -21.205041516684481 ], [ -159.813313828783549, -21.205561322594288 ], [ -159.813105211221, -21.20598289951338 ], [ -159.812921767967168, -21.206257750823383 ], [ -159.811981819330072, -21.207849807060384 ], [ -159.81316882156267, -21.208198366855669 ], [ -159.81261618281502, -21.20964800902436 ], [ -159.814769742551078, -21.211326786234295 ], [ -159.815034312156627, -21.211024442750123 ], [ -159.815744485717005, -21.209837161077207 ], [ -159.815770382054325, -21.208534942504375 ], [ -159.81640166303643, -21.207220133284721 ], [ -159.817174678394196, -21.206341377209121 ], [ -159.817805861681336, -21.205791831366032 ], [ -159.818868685123277, -21.204567179739467 ] ] ] ] } },
{ "type": "Feature", "properties": { "eaid": "0802", "ea_name": "akaoa", "cdid": "08", "gid": "1" }, "geometry": { "type": "MultiPolygon", "coordinates": [ [ [ [ -159.826637716662617, -21.240151802422446 ], [ -159.826826460275868, -21.239257527899269 ], [ -159.826976177035192, -21.238632352614001 ], [ -159.827001811385401, -21.238370183762875 ], [ -159.827398837689287, -21.234944151325944 ], [ -159.827508428664714, -21.233850366742487 ], [ -159.826232026633789, -21.233999522027723 ], [ -159.826165310857277, -21.23493213047713 ], [ -159.826088747776652, -21.235737514023938 ], [ -159.825847552669245, -21.236430883042726 ], [ -159.825957862821923, -21.237618254473034 ], [ -159.825892343413329, -21.237824524450268 ], [ -159.825392352883512, -21.238577963516956 ], [ -159.825323544254559, -21.238793101580086 ], [ -159.825401717407885, -21.239289526347935 ], [ -159.82535778307755, -21.239562262667611 ], [ -159.8252125096584, -21.239830707346691 ], [ -159.825210454742233, -21.239832704628405 ], [ -159.825175492974637, -21.239875872067568 ], [ -159.825247659457659, -21.240101824160526 ], [ -159.826581732232995, -21.24038647937957 ], [ -159.826637716662617, -21.240151802422446 ] ] ] ] } },
{ "type": "Feature", "properties": { "eaid": "0702", "ea_name": "ruaau-inave", "cdid": "07", "gid": "1" }, "geometry": { "type": "MultiPolygon", "coordinates": [ [ [ [ -159.828773561797703, -21.219992970642817 ], [ -159.827717398587595, -21.216315276745092 ], [ -159.827481660980339, -21.215087870278431 ], [ -159.827280517353415, -21.215163196558265 ], [ -159.825638445955548, -21.215818892040993 ], [ -159.824396081739138, -21.216061082417909 ], [ -159.822860443178769, -21.216113467138413 ], [ -159.821651442758082, -21.216298658014118 ], [ -159.820098979038335, -21.216527692617642 ], [ -159.820329942728108, -21.217031147853845 ], [ -159.820297227825165, -21.217135185052914 ], [ -159.820212435827784, -21.21711753123251 ], [ -159.819687406486366, -21.217243560761865 ], [ -159.819717511209149, -21.217587567756262 ], [ -159.820475539782706, -21.217599602756898 ], [ -159.820598587206263, -21.217681836313595 ], [ -159.820676225451734, -21.217770703872354 ], [ -159.820724258642542, -21.217922493896353 ], [ -159.820908877179278, -21.218205138662604 ], [ -159.821077141458062, -21.218436576192673 ], [ -159.821136809286145, -21.218518645662133 ], [ -159.821171426243296, -21.21862922048571 ], [ -159.82083165569594, -21.218689586277442 ], [ -159.820466271674974, -21.218754502693898 ], [ -159.820035922933243, -21.219408948907127 ], [ -159.820101932710145, -21.219794513236817 ], [ -159.820287780177864, -21.220117676069002 ], [ -159.820502728383758, -21.220491440144556 ], [ -159.820973076974781, -21.220547054120757 ], [ -159.823291895423381, -21.220524079084239 ], [ -159.823795231318257, -21.220212341369336 ], [ -159.824288059454176, -21.220172194769308 ], [ -159.825052635793526, -21.220046667106629 ], [ -159.826616031287301, -21.220054076521958 ], [ -159.82771558571514, -21.220109711823611 ], [ -159.828773561797703, -21.219992970642817 ] ] ] ] } },
{ "type": "Feature", "properties": { "eaid": "0703", "ea_name": "inave", "cdid": "07", "gid": "1" }, "geometry": { "type": "MultiPolygon", "coordinates": [ [ [ [ -159.831166642564085, -21.220375651308142 ], [ -159.831158086803384, -21.219748336639306 ], [ -159.831154871768234, -21.219405606874027 ], [ -159.831048188587772, -21.218882340331618 ], [ -159.830991364213475, -21.218607714870988 ], [ -159.830956467982702, -21.218439065273778 ], [ -159.830917069400755, -21.218285629366139 ], [ -159.83084082004126, -21.218193596056413 ], [ -159.830828669618768, -21.218126118146699 ], [ -159.83079701899095, -21.218107528444843 ], [ -159.83075590714887, -21.217975975879011 ], [ -159.830818312265563, -21.217916447594643 ], [ -159.830800289357455, -21.217872034077516 ], [ -159.830762765357662, -21.217851869462976 ], [ -159.830699344587572, -21.217762464958643 ], [ -159.830737999716121, -21.217700867213644 ], [ -159.830722914610931, -21.217662779161369 ], [ -159.830665501425528, -21.217608512676271 ], [ -159.830686819739498, -21.217462698179194 ], [ -159.830701022569713, -21.217306117510145 ], [ -159.830651474742126, -21.217241288420173 ], [ -159.830634771854051, -21.2171863011413 ], [ -159.830518790828307, -21.216769483927312 ], [ -159.830371928914161, -21.216459623816601 ], [ -159.83019993884156, -21.216184486496655 ], [ -159.830075846048885, -21.216099775312539 ], [ -159.830032429400688, -21.216027625709078 ], [ -159.829774627652085, -21.215599211120551 ], [ -159.828968344823892, -21.214429393576779 ], [ -159.828967282380347, -21.214430010787325 ], [ -159.828209523193209, -21.214870218896671 ], [ -159.827481660980339, -21.215087870278431 ], [ -159.827717398587595, -21.216315276745092 ], [ -159.828773561797703, -21.219992970642817 ], [ -159.828960741986009, -21.220725996302818 ], [ -159.831166642564085, -21.220375651308142 ] ] ] ] } },
{ "type": "Feature", "properties": { "eaid": "0705", "ea_name": "arerenga", "cdid": "07", "gid": "1" }, "geometry": { "type": "MultiPolygon", "coordinates": [ [ [ [ -159.819973312319291, -21.22697824650815 ], [ -159.820801928558808, -21.226923385474624 ], [ -159.821896971132901, -21.227049032858751 ], [ -159.822825016975742, -21.227049027107828 ], [ -159.823038001355854, -21.226142027098618 ], [ -159.824133833283412, -21.226094773511367 ], [ -159.8254396436337, -21.22602488556813 ], [ -159.825936406732694, -21.226029891520049 ], [ -159.826767306826326, -21.225999432642841 ], [ -159.828284665947649, -21.22599137605096 ], [ -159.828501047315996, -21.225785561620444 ], [ -159.829062895629477, -21.225917211652096 ], [ -159.829983626167234, -21.226045559668695 ], [ -159.830047409048348, -21.225611210292254 ], [ -159.830111841542646, -21.225132851997788 ], [ -159.82930125803648, -21.225129322216322 ], [ -159.829277392521078, -21.2247528644168 ], [ -159.829110649945136, -21.22475446884793 ], [ -159.829071085043608, -21.224541514515657 ], [ -159.828574678382637, -21.22452036726219 ], [ -159.828772644400175, -21.223655181053537 ], [ -159.828858544936395, -21.223244576636151 ], [ -159.82565959261737, -21.222905353431468 ], [ -159.824570906335907, -21.222788912132838 ], [ -159.823249593999549, -21.222989839619324 ], [ -159.823504123592642, -21.224073180595571 ], [ -159.823447995551049, -21.224135139633606 ], [ -159.822217784158511, -21.224175918081741 ], [ -159.820940758128728, -21.224313381966535 ], [ -159.819362660249141, -21.22441578591399 ], [ -159.819303590289422, -21.224441655046981 ], [ -159.819249545919604, -21.224877203732259 ], [ -159.819214781888462, -21.225021274673409 ], [ -159.818415574726203, -21.225098769980438 ], [ -159.818395171386811, -21.225415953481193 ], [ -159.818386448967431, -21.225551549092255 ], [ -159.818640638864252, -21.226029059211452 ], [ -159.819010666303058, -21.226015250225956 ], [ -159.819020222912684, -21.226297094455958 ], [ -159.819045402210378, -21.22703968156711 ], [ -159.819655458210889, -21.226999290991202 ], [ -159.819973312319291, -21.22697824650815 ] ] ] ] } },
{ "type": "Feature", "properties": { "eaid": "2501", "ea_name": "teenui", "cdid": "25", "gid": "2" }, "geometry": { "type": "MultiPolygon", "coordinates": [ [ [ [ -158.124140839026808, -19.992627362208818 ], [ -158.124121307919211, -19.992564915650799 ], [ -158.124074200495528, -19.992371138222261 ], [ -158.124477326949972, -19.992360676407927 ], [ -158.124207779323257, -19.989626651643253 ], [ -158.124460200399398, -19.989503509170625 ], [ -158.124393437228093, -19.989433886673588 ], [ -158.123365153394786, -19.988341261734938 ], [ -158.123715135829372, -19.987795183842604 ], [ -158.123945596743397, -19.987255737794104 ], [ -158.124036337630116, -19.987052834527347 ], [ -158.124168160164686, -19.986605585958216 ], [ -158.124172326742013, -19.985474372919235 ], [ -158.124152618671189, -19.985248606317501 ], [ -158.124170354313208, -19.985021490140291 ], [ -158.124069455814549, -19.984656467617476 ], [ -158.123982336051739, -19.984704637085844 ], [ -158.123804845398809, -19.984450531978634 ], [ -158.12265304440669, -19.983262742170993 ], [ -158.121923014968758, -19.983861748366014 ], [ -158.121169158464284, -19.985183744030589 ], [ -158.120391599807988, -19.986370459060069 ], [ -158.119466078283239, -19.987170069588139 ], [ -158.119205333873538, -19.98834206562108 ], [ -158.119480977767836, -19.989715845298125 ], [ -158.119654988654247, -19.989952627699864 ], [ -158.120323942443008, -19.989965257808407 ], [ -158.120414338314475, -19.990544645323588 ], [ -158.120127219344425, -19.990604540685474 ], [ -158.120084892560186, -19.991344484999768 ], [ -158.119687215943259, -19.991318826537924 ], [ -158.1196863894572, -19.991508897139781 ], [ -158.119753251366916, -19.991694346937155 ], [ -158.120332188165122, -19.991924393157202 ], [ -158.120079615952307, -19.992299174722 ], [ -158.119565499748546, -19.992099643190919 ], [ -158.119291457187046, -19.992531303850196 ], [ -158.119460556456033, -19.992641095414371 ], [ -158.11930594181996, -19.992854237873836 ], [ -158.119146066147323, -19.992751669578894 ], [ -158.118933232876316, -19.99310022652698 ], [ -158.119048433376776, -19.993240272292063 ], [ -158.119153725276703, -19.993306539009996 ], [ -158.11923949052084, -19.99336066323918 ], [ -158.119424976152203, -19.993477718364034 ], [ -158.119713704374561, -19.993290510815871 ], [ -158.120097077670323, -19.993077536867215 ], [ -158.120488819233287, -19.992942323847466 ], [ -158.121339860291187, -19.992851638671308 ], [ -158.122559271517019, -19.9927934648716 ], [ -158.123204737379439, -19.992714897571613 ], [ -158.124140839026808, -19.992627362208818 ] ] ] ] } },
{ "type": "Feature", "properties": { "eaid": "4101", "ea_name": "matara", "cdid": "41", "gid": "3" }, "geometry": { "type": "MultiPolygon", "coordinates": [ [ [ [ -161.096596624685162, -10.030538885821656 ], [ -161.0968909300002, -10.031785063697351 ], [ -161.097724953368669, -10.033618274679924 ], [ -161.097889327174727, -10.035379808273074 ], [ -161.098058668563453, -10.035936031366347 ], [ -161.098161978410474, -10.036275365085327 ], [ -161.098179419163017, -10.036269882771817 ], [ -161.098375813618588, -10.036305370169513 ], [ -161.09864930934944, -10.036257912056488 ], [ -161.098870785834151, -10.03622506145353 ], [ -161.098938598610118, -10.03619905753243 ], [ -161.099060688768617, -10.036147135343969 ], [ -161.099107062379062, -10.036120001942164 ], [ -161.099117187173221, -10.036104123134836 ], [ -161.099132996539254, -10.036095166810648 ], [ -161.099142059195032, -10.036089506510367 ], [ -161.099158007886956, -10.036078832277733 ], [ -161.099173152713178, -10.03607177792424 ], [ -161.099195098409808, -10.036069831589668 ], [ -161.099222124845284, -10.036062792380282 ], [ -161.099263158190041, -10.036058827428972 ], [ -161.099281130706885, -10.036058804009134 ], [ -161.099299159199859, -10.036055798032031 ], [ -161.099320038747805, -10.036051779935425 ], [ -161.099335134581054, -10.036048792524465 ], [ -161.099361078494354, -10.036048808999194 ], [ -161.099379038195707, -10.036046797520783 ], [ -161.099398890619824, -10.0360467621918 ], [ -161.09942008434669, -10.036044820604149 ], [ -161.09947986778792, -10.036044803543971 ], [ -161.099497144312437, -10.036041802317992 ], [ -161.099618140499103, -10.036041849478087 ], [ -161.099637228140921, -10.03603983084354 ], [ -161.099655939800556, -10.036037814588854 ], [ -161.099686150676433, -10.036034821816681 ], [ -161.099704198383535, -10.036034797897967 ], [ -161.099734020460033, -10.036029819449622 ], [ -161.099749197889025, -10.036027825571031 ], [ -161.099767144766275, -10.036023826019452 ], [ -161.099788031291098, -10.036020892287389 ], [ -161.099803195319851, -10.036016819987617 ], [ -161.09983089849473, -10.036009776446235 ], [ -161.099852135365609, -10.036002864223819 ], [ -161.099870138210321, -10.035995882111873 ], [ -161.099884142249067, -10.035986846820387 ], [ -161.099920196913473, -10.035968815645196 ], [ -161.099934966312276, -10.035961854008416 ], [ -161.099961917514463, -10.035954815219949 ], [ -161.099988241509607, -10.035943804134334 ], [ -161.100084636739979, -10.035953857236393 ], [ -161.100156934807046, -10.035947073434691 ], [ -161.100267697920799, -10.035899560346675 ], [ -161.100355853111211, -10.035867914764836 ], [ -161.100416920116004, -10.035845387357307 ], [ -161.100489247274652, -10.03584312178927 ], [ -161.100550223912848, -10.035818245320446 ], [ -161.100672305935888, -10.035800120926885 ], [ -161.100801139267077, -10.03579108105332 ], [ -161.100954853803614, -10.035757212560592 ], [ -161.101024503015395, -10.035701193899802 ], [ -161.101214430544076, -10.035603927452447 ], [ -161.101305969343713, -10.035572260209349 ], [ -161.101363576588909, -10.035549664205972 ], [ -161.101396346358143, -10.035523701184074 ], [ -161.101351261848777, -10.035435876496321 ], [ -161.101368168736599, -10.035433871590858 ], [ -161.101391223051763, -10.035428935897805 ], [ -161.101410277979767, -10.03542185667756 ], [ -161.101432962725056, -10.035417917390044 ], [ -161.101454230985837, -10.035415884840475 ], [ -161.101473976084861, -10.035410879744688 ], [ -161.101491259532992, -10.03540896281652 ], [ -161.10150930718487, -10.035408938806563 ], [ -161.101525154326993, -10.035405856174242 ], [ -161.101543113956012, -10.035403844588386 ], [ -161.101563310228585, -10.035398836628243 ], [ -161.101584127891925, -10.035396897296172 ], [ -161.101599292436759, -10.035392915290453 ], [ -161.10161619232187, -10.035389825981897 ], [ -161.101638200294644, -10.035385890970611 ], [ -161.101657268621892, -10.035380890154178 ], [ -161.101671318049824, -10.035378903345029 ], [ -161.101688179451656, -10.035369849881629 ], [ -161.101702961598932, -10.035364876229474 ], [ -161.10172921026691, -10.035353865503465 ], [ -161.10175226456596, -10.035348929787531 ], [ -161.101782148297758, -10.035341872280863 ], [ -161.101797325663512, -10.03533987831743 ], [ -161.101832205570332, -10.035337940206594 ], [ -161.101872146914161, -10.035327927113279 ], [ -161.101887310866601, -10.035323854729839 ], [ -161.101918247918974, -10.035316880904766 ], [ -161.101954253402539, -10.035302916488378 ], [ -161.101984124876566, -10.035293961281026 ], [ -161.102004984482903, -10.035286870590665 ], [ -161.102026240478239, -10.035282940322697 ], [ -161.102043202716317, -10.035277862467581 ], [ -161.102061162912548, -10.035275941221634 ], [ -161.102080243468379, -10.035272838067561 ], [ -161.102097150918866, -10.035270923493442 ], [ -161.102112295619577, -10.035263869025867 ], [ -161.102130317597187, -10.035259868883861 ], [ -161.102149040215892, -10.035247911774293 ], [ -161.102167049361981, -10.035241923580688 ], [ -161.102184989142955, -10.035236839521968 ], [ -161.102202992455602, -10.035229947667633 ], [ -161.102224228613977, -10.035222944947568 ], [ -161.102239029987203, -10.035220953349191 ], [ -161.102256280170536, -10.035213885527812 ], [ -161.102296271011284, -10.035199895812864 ], [ -161.102318233463535, -10.035188912220821 ], [ -161.102345246878684, -10.035179884735262 ], [ -161.102363249599989, -10.035172902507639 ], [ -161.102383044193857, -10.035163920787461 ], [ -161.102409286397233, -10.035151915990616 ], [ -161.102423022189072, -10.035147943009967 ], [ -161.102446030377422, -10.035135868345646 ], [ -161.102467240858601, -10.03512488951327 ], [ -161.102485305937591, -10.035115918753879 ], [ -161.102499291183761, -10.035103991665567 ], [ -161.102520199710114, -10.03509283400588 ], [ -161.102547230561214, -10.035074859807418 ], [ -161.102565175526593, -10.035058931348573 ], [ -161.102579241795922, -10.035047907439942 ], [ -161.102593991244106, -10.035037873264434 ], [ -161.10261198111786, -10.035028902976583 ], [ -161.102629294226631, -10.035019936979214 ], [ -161.102647296930542, -10.03501295473912 ], [ -161.102666025344831, -10.035001901265691 ], [ -161.10268330816848, -10.034999893915247 ], [ -161.102697306234319, -10.03498995487023 ], [ -161.102716034645141, -10.034978901394553 ], [ -161.102733304633887, -10.034974905992632 ], [ -161.102763188876708, -10.034967938774507 ], [ -161.102781191573598, -10.034960956528305 ], [ -161.102796349073259, -10.034955890084403 ], [ -161.10281826195785, -10.034948883040846 ], [ -161.102840237203679, -10.034939887470111 ], [ -161.102863278608197, -10.034932963637146 ], [ -161.102878047291142, -10.034925911525269 ], [ -161.102894264530306, -10.03492192279189 ], [ -161.102931322652921, -10.034907951610425 ], [ -161.102949374868899, -10.034896992781761 ], [ -161.102980266335862, -10.034882970333289 ], [ -161.10299719002623, -10.034871928289903 ], [ -161.10301021694525, -10.034862989458521 ], [ -161.103024201575295, -10.034850971988137 ], [ -161.103034281850626, -10.034839882974094 ], [ -161.103046148742038, -10.034825981173027 ], [ -161.103057357537864, -10.034814975371102 ], [ -161.103079284864151, -10.034786912115752 ], [ -161.103093338266859, -10.034773900142323 ], [ -161.103107058797548, -10.034755919954288 ], [ -161.103120353821481, -10.034741918724809 ], [ -161.103133335225664, -10.034725931353934 ], [ -161.103143040097592, -10.03471493508841 ], [ -161.103155282376008, -10.034700940534837 ], [ -161.103169316519228, -10.0346849464865 ], [ -161.103182265830839, -10.034663988992996 ], [ -161.103197012840496, -10.03464193566318 ], [ -161.103211109339838, -10.034623953088426 ], [ -161.103229096768814, -10.034602963640632 ], [ -161.103246351490355, -10.034584961034414 ], [ -161.103259332299217, -10.034568883295155 ], [ -161.103273379851117, -10.034554967658881 ], [ -161.103286286045204, -10.034538980761832 ], [ -161.103300382535508, -10.034520998185092 ], [ -161.10331224823787, -10.03450691564724 ], [ -161.103322329076775, -10.034495916994222 ], [ -161.103331337919684, -10.034481942945444 ], [ -161.103345359209527, -10.034463960844683 ], [ -161.103357212655453, -10.034447980623385 ], [ -161.103367323177253, -10.034429932957316 ], [ -161.103376319180654, -10.034413970859589 ], [ -161.103389287140857, -10.034395905069369 ], [ -161.103394297765533, -10.034379968249652 ], [ -161.103403368378878, -10.034363915308909 ], [ -161.103408365582993, -10.034345900074948 ], [ -161.103417348746461, -10.03432794992853 ], [ -161.103420234049821, -10.034308954025017 ], [ -161.103421308236506, -10.034288975544106 ], [ -161.103426393471267, -10.034272947881677 ], [ -161.103429285192362, -10.034254946002404 ], [ -161.103435391076545, -10.034233941541787 ], [ -161.103443320912561, -10.034215907706921 ], [ -161.103444345575411, -10.034199905799863 ], [ -161.103452338353435, -10.034179973805566 ], [ -161.103458087511285, -10.0341619538023 ], [ -161.103461273595684, -10.034142955991218 ], [ -161.103467097948567, -10.034124935511043 ], [ -161.103471356027086, -10.034108913095219 ], [ -161.103479329547724, -10.034085999028427 ], [ -161.103485097957957, -10.034070961097752 ], [ -161.10348827120464, -10.034049975238498 ], [ -161.103494082135512, -10.03402987634424 ], [ -161.103498387913248, -10.033997948587993 ], [ -161.103503052236846, -10.033974965141484 ], [ -161.103503085934733, -10.03395689102099 ], [ -161.103506322123508, -10.033934007002451 ], [ -161.103506285008933, -10.033870025607941 ], [ -161.103507371447108, -10.033851944810118 ], [ -161.103507405729658, -10.03383396105542 ], [ -161.10351029744723, -10.033815959176707 ], [ -161.103510302438821, -10.033676970801272 ], [ -161.103511401714343, -10.033660878051768 ], [ -161.103514222834548, -10.033631941907291 ], [ -161.103519308060896, -10.033615914245885 ], [ -161.103520362994118, -10.033592953693054 ], [ -161.103523254711575, -10.033574951814572 ], [ -161.103528327101202, -10.033556936104908 ], [ -161.103532284392543, -10.033540915597669 ], [ -161.103541280371388, -10.03352495350132 ], [ -161.103550289185478, -10.033510979453213 ], [ -161.103559284579347, -10.033494926990858 ], [ -161.103570433151276, -10.033462955833732 ], [ -161.103582273138699, -10.033444897199056 ], [ -161.103586231010468, -10.033428967057706 ], [ -161.103592356133589, -10.033410944670861 ], [ -161.103600299369162, -10.033394989251359 ], [ -161.103609281922076, -10.033376948740447 ], [ -161.103619392990822, -10.033358991441036 ], [ -161.103636267061262, -10.033351925958019 ], [ -161.103647067724069, -10.033335952413861 ], [ -161.103660437870388, -10.033321950701207 ], [ -161.10367231052328, -10.033308952551511 ], [ -161.103686344007173, -10.033292868131594 ], [ -161.103692107149328, -10.033277016909036 ], [ -161.103701102531318, -10.033260964445352 ], [ -161.103710110749176, -10.033246900029749 ], [ -161.103719093876521, -10.033228949883606 ], [ -161.103724179673435, -10.033213012587844 ], [ -161.103742145340959, -10.033177021929538 ], [ -161.103745425861064, -10.033161005715208 ], [ -161.103751174995381, -10.03314298571282 ], [ -161.103758320168112, -10.033119896161924 ], [ -161.103763393125604, -10.033101970818095 ], [ -161.103767350403899, -10.033085950311131 ], [ -161.103776388881954, -10.033064927249896 ], [ -161.10378643757565, -10.033048958473993 ], [ -161.10379542011168, -10.033030917961717 ], [ -161.10380011650588, -10.033012904636994 ], [ -161.10381341603096, -10.032987968657714 ], [ -161.103822441667518, -10.03296495754827 ], [ -161.10382638610551, -10.032946948993365 ], [ -161.103835394311375, -10.032932884576967 ], [ -161.103844377426043, -10.032914934430298 ], [ -161.103858432323904, -10.032878878208189 ], [ -161.103862390180296, -10.032862948067203 ], [ -161.103868195245724, -10.032841945515894 ], [ -161.103874258573057, -10.032826002019442 ], [ -161.10388620799435, -10.0327899591529 ], [ -161.103892258483143, -10.032772027608486 ], [ -161.103894486260089, -10.032756018072417 ], [ -161.103895164615949, -10.032732969542359 ], [ -161.103895198306219, -10.032714895425054 ], [ -161.103898403623162, -10.032698879688255 ], [ -161.103898433432533, -10.032621975039223 ], [ -161.103895158528189, -10.032603921908837 ], [ -161.103895201179796, -10.032529005307229 ], [ -161.103890106344267, -10.032496956445037 ], [ -161.103889405514394, -10.032469940404152 ], [ -161.103885435184424, -10.032448999859627 ], [ -161.103885469461972, -10.032431016107738 ], [ -161.103884405493801, -10.032405990499479 ], [ -161.103879325907428, -10.032387948815272 ], [ -161.10387650276445, -10.032369983187822 ], [ -161.10387141676128, -10.032350947479244 ], [ -161.103866400119529, -10.032331007635289 ], [ -161.10386132053614, -10.032312965950283 ], [ -161.103856329568515, -10.032297002202002 ], [ -161.103849500657304, -10.032275899048539 ], [ -161.103840435726482, -10.032257882641169 ], [ -161.103835419089108, -10.032237942795938 ], [ -161.103831480274977, -10.032221882003672 ], [ -161.103817454653807, -10.032180943200142 ], [ -161.103802346033348, -10.032146969717775 ], [ -161.103782121154694, -10.032100919167501 ], [ -161.10377749333685, -10.032082964983564 ], [ -161.103767375683873, -10.032064955249025 ], [ -161.103760190646256, -10.032046926914063 ], [ -161.103750504914132, -10.032025932244679 ], [ -161.10374542592848, -10.032007980921156 ], [ -161.103737161907162, -10.031985892799584 ], [ -161.103735329152755, -10.031969909016624 ], [ -161.103731390932694, -10.031953938587083 ], [ -161.103723454531973, -10.03193600538521 ], [ -161.103717364758381, -10.031912909407973 ], [ -161.10371446643839, -10.031894944252905 ], [ -161.103705462076135, -10.031863010545777 ], [ -161.10369934663683, -10.03183593847089 ], [ -161.10369146560177, -10.031814932351967 ], [ -161.10367345409739, -10.031773928443668 ], [ -161.103667308972376, -10.031753905379226 ], [ -161.10366049992615, -10.031735874654832 ], [ -161.103651503803974, -10.031716863735458 ], [ -161.103638139946639, -10.031696886450266 ], [ -161.103625199201559, -10.031660911072686 ], [ -161.10361942422503, -10.031639981963457 ], [ -161.10361043452582, -10.03162196506608 ], [ -161.10359639094537, -10.031589882570099 ], [ -161.103588529759548, -10.031571948884451 ], [ -161.103584139801058, -10.031555890945672 ], [ -161.103574460517166, -10.031535890289529 ], [ -161.103569394387392, -10.031519927007821 ], [ -161.103561513372, -10.031498920882164 ], [ -161.103555400345527, -10.031483867934256 ], [ -161.103550334801298, -10.031467995017682 ], [ -161.103546363351199, -10.031446873729317 ], [ -161.103538470090086, -10.031423969919611 ], [ -161.103532357066712, -10.031408916970722 ], [ -161.103523305018768, -10.031392888593901 ], [ -161.103505369346436, -10.031351974555436 ], [ -161.103499204411918, -10.031328879044873 ], [ -161.103493461535237, -10.031312920051837 ], [ -161.103490200096758, -10.031296945323374 ], [ -161.103484456638057, -10.031280895964107 ], [ -161.103470430539289, -10.031239866760732 ], [ -161.103466466682846, -10.031219920225563 ], [ -161.103458166595516, -10.031203887076916 ], [ -161.10345640964519, -10.031187993177081 ], [ -161.103449162290161, -10.031171953352564 ], [ -161.103439454984056, -10.031135957455451 ], [ -161.10343441857006, -10.031112945155405 ], [ -161.103430479799812, -10.031096884350552 ], [ -161.103426528198071, -10.031078835496801 ], [ -161.103421462670156, -10.031062962575321 ], [ -161.103415330414094, -10.031044927548312 ], [ -161.103406353580084, -10.03102889868795 ], [ -161.103399482790763, -10.03101294684288 ], [ -161.103388387666627, -10.030994943282925 ], [ -161.103379335640682, -10.03097891489802 ], [ -161.10337037864133, -10.030965958475001 ], [ -161.103358481455444, -10.030951845889811 ], [ -161.103349442847104, -10.030937895918253 ], [ -161.103340453771892, -10.030919969371704 ], [ -161.10333222889588, -10.030903935740026 ], [ -161.103322487289773, -10.030885923594408 ], [ -161.103314174389595, -10.030867902389751 ], [ -161.103304458447866, -10.03085386634103 ], [ -161.103291496875272, -10.030837953109318 ], [ -161.103273500699885, -10.030810956341359 ], [ -161.103268509214303, -10.030794902206472 ], [ -161.103262364726817, -10.030774969490452 ], [ -161.103255555733057, -10.030756938747997 ], [ -161.103255495040571, -10.030735883024755 ], [ -161.10325945292368, -10.030719952888363 ], [ -161.103262331249766, -10.030699872596628 ], [ -161.103262346335754, -10.030678906762553 ], [ -161.103264561321055, -10.030660909176426 ], [ -161.103264507627784, -10.030640937843566 ], [ -161.103273550149964, -10.030608889688207 ], [ -161.103277494618169, -10.030590881137082 ], [ -161.103280399187781, -10.030574867309399 ], [ -161.103291513416764, -10.030560879931603 ], [ -161.1033005093567, -10.030544917853483 ], [ -161.103304522602912, -10.030525914801201 ], [ -161.103312409863918, -10.030512941947711 ], [ -161.103303420223995, -10.030494925031046 ], [ -161.103291542890815, -10.030483884878365 ], [ -161.103282504302115, -10.030469934901374 ], [ -161.103274279444548, -10.030453901264966 ], [ -161.103264570518661, -10.030440949602285 ], [ -161.103255531349305, -10.030426909258175 ], [ -161.103242213070729, -10.030413980477489 ], [ -161.103232484319307, -10.030397956373823 ], [ -161.103220286384698, -10.030383845684643 ], [ -161.103206228990359, -10.030372909718162 ], [ -161.103196526484709, -10.030360952076945 ], [ -161.103179189642702, -10.030342897703738 ], [ -161.103168440242456, -10.030331850393935 ], [ -161.103141403265937, -10.030313857512878 ], [ -161.103118394741955, -10.030290868764457 ], [ -161.103109355583541, -10.030276828414113 ], [ -161.103105391772345, -10.030256881866643 ], [ -161.10310038806287, -10.030238930041898 ], [ -161.103091411273084, -10.030222901164588 ], [ -161.103085292471434, -10.030206944538852 ], [ -161.103082394219911, -10.030188979366336 ], [ -161.103076289358427, -10.030151876171301 ], [ -161.103076248511883, -10.030133892884807 ], [ -161.10307553032905, -10.030115823522484 ], [ -161.103076254842961, -10.030099913884428 ], [ -161.103076234934434, -10.030061868419411 ], [ -161.103075560459132, -10.030038918822846 ], [ -161.103075575565981, -10.030017952985558 ], [ -161.103071248034524, -10.029999906503127 ], [ -161.10306726440669, -10.029976887513822 ], [ -161.103065438130386, -10.02996189774106 ], [ -161.103062232108414, -10.029942850083549 ], [ -161.103029466811904, -10.029852868943136 ], [ -161.103024400167328, -10.02983681527493 ], [ -161.103015436807027, -10.029822864807498 ], [ -161.103006460619724, -10.029806926290215 ], [ -161.103003574625149, -10.029790858798579 ], [ -161.102992404381098, -10.029772855687851 ], [ -161.10298552023886, -10.029754825408171 ], [ -161.102974363407895, -10.029738900711724 ], [ -161.102965399469923, -10.029724859875992 ], [ -161.102953490110792, -10.029708849578833 ], [ -161.102940535023293, -10.029693930344365 ], [ -161.102931571088249, -10.029679889507143 ], [ -161.102912489645746, -10.029647838881514 ], [ -161.102900204901772, -10.029631921330209 ], [ -161.102876506287231, -10.02960685842482 ], [ -161.102859591541261, -10.029595940544946 ], [ -161.102844431344721, -10.029588897435726 ], [ -161.102831514163626, -10.029579851978159 ], [ -161.102814524225494, -10.029568934571975 ], [ -161.102803392479501, -10.029556895600196 ], [ -161.102790462474502, -10.029545862090755 ], [ -161.102773547151088, -10.029534853839319 ], [ -161.102752309013681, -10.029529837377513 ], [ -161.102737486900878, -10.029516918095807 ], [ -161.102719544505931, -10.029509892612609 ], [ -161.102698248655429, -10.029495929922346 ], [ -161.102683513400279, -10.029484817478997 ], [ -161.102661553625722, -10.029472847124634 ], [ -161.102646400433429, -10.029466888395154 ], [ -161.102629524176166, -10.029461934650348 ], [ -161.102615466259721, -10.029450908280186 ], [ -161.102598531125693, -10.029436827576614 ], [ -161.102571537388656, -10.02941386402493 ], [ -161.102557541846153, -10.029400849124839 ], [ -161.102548492835126, -10.029396930207367 ], [ -161.102542381663227, -10.029393805998557 ], [ -161.10252653248736, -10.029384869475889 ], [ -161.102513207287757, -10.029370856259588 ], [ -161.102503510669976, -10.029359802245304 ], [ -161.10249453452235, -10.029343863706037 ], [ -161.102480444555198, -10.029327867202634 ], [ -161.102463554899543, -10.029320835031237 ], [ -161.10245026234773, -10.029311882302762 ], [ -161.102435497962432, -10.029307909229043 ], [ -161.102418533113735, -10.029300877531419 ], [ -161.102403460955799, -10.029295821970985 ], [ -161.102385450377369, -10.029289881333227 ], [ -161.102368511176763, -10.029286825733307 ], [ -161.1023533708196, -10.029282855037881 ], [ -161.102297273266288, -10.029282849017347 ], [ -161.102279271425203, -10.029289921543587 ], [ -161.102247546259775, -10.029302864678982 ], [ -161.102238538044276, -10.029316929048576 ], [ -161.102228456703159, -10.029327837280698 ], [ -161.102233542531678, -10.029346873046906 ], [ -161.102248276602666, -10.029357804782897 ], [ -161.102266274944242, -10.029361847743269 ], [ -161.102293243014003, -10.029380835224316 ], [ -161.102311299060659, -10.029393824408663 ], [ -161.102328564692186, -10.029400854205333 ], [ -161.102346519899868, -10.029409867763031 ], [ -161.102364563126486, -10.02942086889338 ], [ -161.102382580707115, -10.029427893921884 ], [ -161.102395516525007, -10.029439831110304 ], [ -161.102409561611694, -10.029448869441165 ], [ -161.102427516240738, -10.029457792627511 ], [ -161.102444481098388, -10.029464824322913 ], [ -161.102458526187178, -10.029473862651193 ], [ -161.102473248029071, -10.029482896690119 ], [ -161.102486252634748, -10.029493839372236 ], [ -161.102503531098279, -10.029502857208049 ], [ -161.102530492778982, -10.02952085063937 ], [ -161.102547415091237, -10.029532943295985 ], [ -161.102557487107191, -10.029543904558954 ], [ -161.102562553139677, -10.029559867874292 ], [ -161.102562519339472, -10.029577942009659 ], [ -161.102560379504069, -10.029595939122039 ], [ -161.102556434412094, -10.029613857305348 ], [ -161.102548491174048, -10.029629812694834 ], [ -161.10253948296716, -10.029643877071557 ], [ -161.10252940221315, -10.029654875678554 ], [ -161.102521534167778, -10.029670830591304 ], [ -161.102511410862206, -10.029686890165715 ], [ -161.102500296616341, -10.029700877518817 ], [ -161.102502421902216, -10.029738909655588 ], [ -161.102506392077458, -10.029759850244698 ], [ -161.102508526100053, -10.02977592251103 ], [ -161.102517577459366, -10.029791860570446 ], [ -161.102521515574722, -10.029807831033777 ], [ -161.102529433184628, -10.029822872581434 ], [ -161.102529396483192, -10.029863810245711 ], [ -161.102530509844001, -10.029884859308154 ], [ -161.102530476045672, -10.029902933443546 ], [ -161.102534489358931, -10.02991890342971 ], [ -161.102540232153302, -10.02993486245518 ], [ -161.102552442285059, -10.02995087086326 ], [ -161.102562527725325, -10.02996391053906 ], [ -161.102575463573714, -10.029975847714413 ], [ -161.102607506485214, -10.029988838599545 ], [ -161.102625556749729, -10.030000924097875 ], [ -161.102641406543881, -10.03000995097476 ], [ -161.102652531307996, -10.030020905558883 ], [ -161.102665523117452, -10.030029860178184 ], [ -161.102677400414251, -10.03004090036127 ], [ -161.102686364352962, -10.030054941205286 ], [ -161.102700406588156, -10.030086843042527 ], [ -161.102701487897775, -10.030102921977186 ], [ -161.102697542813587, -10.030120840161326 ], [ -161.102688560257434, -10.030138880642806 ], [ -161.102677351574755, -10.030149886404912 ], [ -161.102668342781385, -10.030163860420604 ], [ -161.102656476582723, -10.030177852546357 ], [ -161.1026463964036, -10.030188941525058 ], [ -161.102632336143046, -10.030200869055362 ], [ -161.10260536394668, -10.030227879772895 ], [ -161.102590245124645, -10.030238910315003 ], [ -161.102589521170927, -10.030254910322689 ], [ -161.102589527618306, -10.030290877383047 ], [ -161.102587374962042, -10.030306886445606 ], [ -161.102578366161339, -10.030320860460414 ], [ -161.102562481976747, -10.030329817352102 ], [ -161.102545219214534, -10.030334897087339 ], [ -161.102530493256808, -10.030336888177779 ], [ -161.102512445897645, -10.03033691218611 ], [ -161.102480454252088, -10.030331873498531 ], [ -161.102462455854152, -10.030327830561449 ], [ -161.102440498359726, -10.030327879346116 ], [ -161.102418527457104, -10.030325849713252 ], [ -161.102400535472043, -10.030322800797668 ], [ -161.102301506695397, -10.03032388020425 ], [ -161.102282419429685, -10.030325898921351 ], [ -161.102266221630146, -10.030332869656259 ], [ -161.102243174680524, -10.030338889726552 ], [ -161.102225159377383, -10.030343883845253 ], [ -161.102210433414399, -10.030345874921963 ], [ -161.102173373968839, -10.03038289019203 ], [ -161.102161458191205, -10.030400858883267 ], [ -161.102152462774399, -10.030416911307073 ], [ -161.102142364496586, -10.030436856613036 ], [ -161.102134441042381, -10.030455884441769 ], [ -161.102125438628605, -10.030470852474203 ], [ -161.102115372989061, -10.030495858272182 ], [ -161.102107449532411, -10.030514886100818 ], [ -161.102101337165919, -10.030534896519333 ], [ -161.10208047083762, -10.030575875810003 ], [ -161.102071474830467, -10.030591837867322 ], [ -161.10206241645065, -10.030609788451613 ], [ -161.102059211621906, -10.030625894552651 ], [ -161.102050215612707, -10.030641856609844 ], [ -161.102049491635341, -10.030657856621582 ], [ -161.102044431994216, -10.030677860369602 ], [ -161.102040493866241, -10.030696862945343 ], [ -161.102040472290213, -10.030716834770082 ], [ -161.102035462197136, -10.030732861940557 ], [ -161.102032181589124, -10.030748878152286 ], [ -161.102023198982209, -10.030766918626126 ], [ -161.102017436354828, -10.030782860195371 ], [ -161.102008453746492, -10.030800900669131 ], [ -161.10200231514284, -10.030816844620647 ], [ -161.101990448892622, -10.030830836732717 ], [ -161.101959516898944, -10.030861848772096 ], [ -161.101945457166067, -10.030873866649799 ], [ -161.101918427155198, -10.030891931105106 ], [ -161.101895398807642, -10.030900842870576 ], [ -161.101878462424366, -10.030909896774956 ], [ -161.101860446498904, -10.030914800515312 ], [ -161.101842444560504, -10.03092187303749 ], [ -161.10181945934778, -10.030925814194983 ], [ -161.101792407772052, -10.030928877418328 ], [ -161.101690213585186, -10.030928892298412 ], [ -161.101675454952584, -10.030925822863827 ], [ -161.101657426782651, -10.030928828908827 ], [ -161.101616369103226, -10.03092890828407 ], [ -161.10159731094754, -10.030923787582513 ], [ -161.101576393311547, -10.030921841597692 ], [ -161.101557368372994, -10.030921871753488 ], [ -161.101534269496682, -10.030919849214639 ], [ -161.10150943472334, -10.030916843604736 ], [ -161.101491449112729, -10.030914788670438 ], [ -161.101446480703629, -10.030914802428681 ], [ -161.101428453112248, -10.030917898827516 ], [ -161.101404314323474, -10.030917870999524 ], [ -161.101383496937643, -10.030919810262718 ], [ -161.101338453329703, -10.030919824482774 ], [ -161.101306406235608, -10.030917858609531 ], [ -161.101093294585411, -10.030917852917758 ], [ -161.101072402581224, -10.030919883004037 ], [ -161.101050431627669, -10.03091785328696 ], [ -161.101032446014756, -10.030915798327198 ], [ -161.101013345874946, -10.030915828927931 ], [ -161.100992120463786, -10.030912800418472 ], [ -161.100946406498139, -10.03091381289717 ], [ -161.100927349511068, -10.030908872886755 ], [ -161.100862152436434, -10.03090883393746 ], [ -161.100847400212984, -10.030906758490255 ], [ -161.100826181792314, -10.030904814361781 ], [ -161.10078115511277, -10.030895791428669 ], [ -161.1007581256018, -10.030892864698096 ], [ -161.100735464493795, -10.030888760826775 ], [ -161.100717447425296, -10.030881826084542 ], [ -161.100699442590013, -10.030876789027429 ], [ -161.100681431347624, -10.030870757943081 ], [ -161.100661259252263, -10.030867813110849 ], [ -161.100640403993623, -10.030863878536572 ], [ -161.100614127114767, -10.030858803485611 ], [ -161.100600428206974, -10.030856811726501 ], [ -161.100581390446138, -10.030854853773077 ], [ -161.100564457566094, -10.030852792120578 ], [ -161.100546440501461, -10.0308458573679 ], [ -161.100531355464369, -10.03083881367888 ], [ -161.100513337818427, -10.030831788558059 ], [ -161.100492445808442, -10.030833818607407 ], [ -161.100478417641284, -10.030815743118634 ], [ -161.100456414656492, -10.030808743228471 ], [ -161.100438446581308, -10.030797741521539 ], [ -161.100418310662405, -10.030788741673033 ], [ -161.100402474261188, -10.030781793104133 ], [ -161.100385165408682, -10.030779733821959 ], [ -161.100367161163177, -10.030774787110591 ], [ -161.100352396714101, -10.030770813952751 ], [ -161.100333313529831, -10.030761807433036 ], [ -161.100315339053992, -10.030749811691608 ], [ -161.100297327821892, -10.030743780583457 ], [ -161.100283282712041, -10.030734742163215 ], [ -161.100267433502836, -10.030725805533836 ], [ -161.100249441490774, -10.030722756501961 ], [ -161.100232195023835, -10.030718708681986 ], [ -161.100214165158548, -10.030709785855313 ], [ -161.100195408384479, -10.030704753527806 ], [ -161.10017817531272, -10.030702784123688 ], [ -161.100163404461796, -10.030697816929795 ], [ -161.100145393233873, -10.030691785812216 ], [ -161.10011334389057, -10.030677800657131 ], [ -161.100096466996234, -10.030672756422582 ], [ -161.100078456352605, -10.030666815666864 ], [ -161.1000644112506, -10.030657777235394 ], [ -161.100045328078181, -10.030648770696061 ], [ -161.100025142601709, -10.030643747401898 ], [ -161.100004267559143, -10.030636740337174 ], [ -161.099969331035084, -10.030629822282316 ], [ -161.099934456314458, -10.030620825328127 ], [ -161.099910335075322, -10.030611850670867 ], [ -161.099889416283276, -10.030609723841303 ], [ -161.099853400829375, -10.030598745963911 ], [ -161.099826402965419, -10.030586807306314 ], [ -161.099808434918259, -10.030575805558264 ], [ -161.099786118366353, -10.030566819467611 ], [ -161.099768087935331, -10.03055780624633 ], [ -161.09974936095378, -10.030545724860939 ], [ -161.099723138425361, -10.030525738377516 ], [ -161.099704418433561, -10.03051474138171 ], [ -161.099686418372357, -10.030498769491286 ], [ -161.099667335216111, -10.030489762926106 ], [ -161.099649317599926, -10.030482737750443 ], [ -161.099632415102377, -10.030473717381282 ], [ -161.099614384679541, -10.03046470414967 ], [ -161.09959244411391, -10.030455715663766 ], [ -161.099575147014093, -10.030443805956002 ], [ -161.099555374299882, -10.030432815612306 ], [ -161.099534122718325, -10.030425720526463 ], [ -161.09949740268965, -10.030398751613692 ], [ -161.099478306735733, -10.030387756981398 ], [ -161.099448450903907, -10.030375746003553 ], [ -161.099431185829559, -10.030368806421201 ], [ -161.099413155416443, -10.030359793176261 ], [ -161.099394467458438, -10.030353766293839 ], [ -161.099376449853281, -10.030346741100583 ], [ -161.099357366711615, -10.030337734513914 ], [ -161.099339349107765, -10.030330709318278 ], [ -161.099322415191295, -10.030316809160713 ], [ -161.099307330196012, -10.03030976540542 ], [ -161.099289332385183, -10.03030581265387 ], [ -161.099271288590444, -10.0302947209794 ], [ -161.099236381898095, -10.03028075380479 ], [ -161.099200396284886, -10.03026272681249 ], [ -161.099182409064383, -10.030248742940927 ], [ -161.099165130613102, -10.030239724921712 ], [ -161.099142438119742, -10.030230741158226 ], [ -161.099127327521614, -10.030219721284364 ], [ -161.099109277915716, -10.03020772593786 ], [ -161.099088409313083, -10.030201712832818 ], [ -161.099070447708669, -10.030191705062359 ], [ -161.099055294511942, -10.030185746162392 ], [ -161.099014296457085, -10.030171727130961 ], [ -161.098994117416538, -10.030167697791892 ], [ -161.09897536126195, -10.030162755751105 ], [ -161.098958095622834, -10.030155725773575 ], [ -161.098943330625588, -10.03015166217752 ], [ -161.098934367405775, -10.030137711566162 ], [ -161.09892031013004, -10.030126775386293 ], [ -161.098907317806834, -10.030117730233977 ], [ -161.098888247490407, -10.030110711669506 ], [ -161.098872410560716, -10.030103672647762 ], [ -161.098857313360782, -10.030094731179307 ], [ -161.098840423701944, -10.030087698815779 ], [ -161.098822406700322, -10.030080763953006 ], [ -161.098795369914257, -10.030062770664079 ], [ -161.098778104282843, -10.030055740675254 ], [ -161.098759416347832, -10.030049713750989 ], [ -161.098745352097836, -10.030037693168115 ], [ -161.098718347323739, -10.030024670008586 ], [ -161.098700355930816, -10.030021711247795 ], [ -161.098678415410262, -10.030012722689969 ], [ -161.09865639969567, -10.030003734606089 ], [ -161.098642354653123, -10.029994696100186 ], [ -161.09862726968251, -10.029987652307797 ], [ -161.098606364888013, -10.029987694174674 ], [ -161.098588409706736, -10.029978680400101 ], [ -161.098571088670724, -10.029974723323118 ], [ -161.098556379677035, -10.029967677148765 ], [ -161.098533311237333, -10.029958695714402 ], [ -161.098511340912722, -10.029956756178649 ], [ -161.098483259428065, -10.029951692352059 ], [ -161.098453373845416, -10.029946730303918 ], [ -161.098431390139069, -10.029942712341139 ], [ -161.098404423780636, -10.029935653317832 ], [ -161.098381355345452, -10.029926671871543 ], [ -161.098364109507628, -10.029922714307055 ], [ -161.098341429848432, -10.029915718535015 ], [ -161.098319082968487, -10.029913690997512 ], [ -161.098300401444874, -10.029908658071667 ], [ -161.098282384459395, -10.029901723175112 ], [ -161.098258276097283, -10.02989473643272 ], [ -161.098240290528452, -10.029892681306231 ], [ -161.098224398202831, -10.029888715173527 ], [ -161.09820424318076, -10.029876733082814 ], [ -161.098180140638618, -10.029870649995631 ], [ -161.098165382638484, -10.029867670754232 ], [ -161.098143412317313, -10.029865731192388 ], [ -161.098125407552288, -10.029860693975664 ], [ -161.098092312013506, -10.029847709275687 ], [ -161.098066386179056, -10.029838745874672 ], [ -161.098039407033923, -10.029829698762432 ], [ -161.098017416936472, -10.029824686741618 ], [ -161.097995070060364, -10.029822659180567 ], [ -161.097981446967793, -10.029820757191663 ], [ -161.097958341161444, -10.029817649988974 ], [ -161.097936433240108, -10.029813721881016 ], [ -161.097912281684046, -10.029811705726017 ], [ -161.097894309496553, -10.029811729001572 ], [ -161.097868395882244, -10.029804663273211 ], [ -161.097850410898246, -10.029802698490235 ], [ -161.097835263548376, -10.029797643188028 ], [ -161.097817278564605, -10.029795678403135 ], [ -161.097792431059787, -10.029790684433994 ], [ -161.097774383095441, -10.029790617812083 ], [ -161.097737360398014, -10.029786694890678 ], [ -161.097719313014949, -10.029786718631929 ], [ -161.097697397534432, -10.029781615746632 ], [ -161.097675427215506, -10.029779676152023 ], [ -161.097622111628141, -10.029779651766569 ], [ -161.097603374694216, -10.02977769172387 ], [ -161.097577130472331, -10.029777676911609 ], [ -161.097554087649144, -10.029772671513676 ], [ -161.097530312067875, -10.029770652952704 ], [ -161.097504443820355, -10.029770635757584 ], [ -161.097468398657469, -10.029766706624871 ], [ -161.097450426467418, -10.02976672987586 ], [ -161.097432389726748, -10.029756722476675 ], [ -161.097414404161697, -10.029754667302745 ], [ -161.097396431390194, -10.02975460018447 ], [ -161.097369391021232, -10.029747722276937 ], [ -161.097343133423209, -10.029745629022752 ], [ -161.097311099183372, -10.029745650791462 ], [ -161.097283338266038, -10.029743657405655 ], [ -161.097265353282467, -10.029741692589527 ], [ -161.097238357107727, -10.029741682503277 ], [ -161.097220352353844, -10.029736645233116 ], [ -161.097196213589569, -10.029736617080788 ], [ -161.097175371195164, -10.029734670321934 ], [ -161.097154119682557, -10.029727575063442 ], [ -161.097136134699241, -10.029725610239973 ], [ -161.097116312474441, -10.029718596314074 ], [ -161.097099380221692, -10.029716624834171 ], [ -161.097080355299966, -10.029716654718785 ], [ -161.097061223204349, -10.029711714934884 ], [ -161.097043250431312, -10.029711647796944 ], [ -161.09701914209208, -10.029704660956087 ], [ -161.0970043904953, -10.029702675687869 ], [ -161.096989249551001, -10.029698614371913 ], [ -161.096969064726494, -10.02969368123606 ], [ -161.096950389616779, -10.029689642255878 ], [ -161.096932327309361, -10.029675658710939 ], [ -161.096915061720324, -10.02966862861259 ], [ -161.096900296753063, -10.029664564915741 ], [ -161.096892366580875, -10.02968259864978 ], [ -161.096879096979677, -10.029700575760458 ], [ -161.096883417791787, -10.029682564838579 ], [ -161.096874367261876, -10.029666716934775 ], [ -161.096856412128659, -10.029657703052903 ], [ -161.096841301035568, -10.029646592687094 ], [ -161.096824362390493, -10.029643627163379 ], [ -161.096806390199987, -10.02964365037807 ], [ -161.096784406512569, -10.029639632297718 ], [ -161.096761338121382, -10.029630650725217 ], [ -161.096744098115579, -10.029627596731707 ], [ -161.096726037940783, -10.029625632359565 ], [ -161.096712368928422, -10.029616591381416 ], [ -161.096697241359664, -10.029614608474375 ], [ -161.09667639896972, -10.029612661681938 ], [ -161.096658394225813, -10.029607624377991 ], [ -161.096638196038043, -10.029600612795907 ], [ -161.096622359161785, -10.029593573651528 ], [ -161.096602243145838, -10.029587645986821 ], [ -161.096581380993058, -10.029582626735122 ], [ -161.096558344579478, -10.029578615290845 ], [ -161.096527348168138, -10.0295646230822 ], [ -161.096500369064159, -10.029555575831269 ], [ -161.096481286018729, -10.029546569053036 ], [ -161.096458243794984, -10.029541653938372 ], [ -161.096440232662445, -10.029535622592142 ], [ -161.096416074720395, -10.029532612293059 ], [ -161.096367443936487, -10.029513697182903 ], [ -161.096353202243762, -10.029508157827479 ], [ -161.096596624685162, -10.030538885821656 ] ] ] ] } },
{ "type": "Feature", "properties": { "eaid": "1303", "ea_name": "amuri", "cdid": "13", "gid": "2" }, "geometry": { "type": "MultiPolygon", "coordinates": [ [ [ [ -159.793481963112612, -18.853984896413028 ], [ -159.793080057949112, -18.85258948011943 ], [ -159.792706799773782, -18.849625683030578 ], [ -159.792758450641713, -18.849140809481867 ], [ -159.79290461488398, -18.848381763857237 ], [ -159.793032970915135, -18.847664175616476 ], [ -159.793019355156275, -18.847314838323381 ], [ -159.792527861382837, -18.845954044396645 ], [ -159.791864335853262, -18.844941839473194 ], [ -159.791033656818428, -18.844050059516473 ], [ -159.789825723298605, -18.843154182943266 ], [ -159.788109330696727, -18.842397334587577 ], [ -159.787052179533475, -18.841723160398985 ], [ -159.786409281214503, -18.841281156451728 ], [ -159.785988189623509, -18.84088944492062 ], [ -159.785475773643697, -18.840163087498549 ], [ -159.784835043055665, -18.838888372812935 ], [ -159.784460877342013, -18.838268408076345 ], [ -159.783649249627132, -18.837587577378969 ], [ -159.782838368603961, -18.837083380510272 ], [ -159.782405975220996, -18.838100316051353 ], [ -159.783736855680047, -18.83968566432911 ], [ -159.783789712804207, -18.839769767533767 ], [ -159.784997791706786, -18.841691981460404 ], [ -159.790604735612135, -18.844530842159198 ], [ -159.791543761409997, -18.846813691628757 ], [ -159.791512705516624, -18.85042351908244 ], [ -159.7898870172898, -18.851137524057744 ], [ -159.787516864922139, -18.851478253731088 ], [ -159.78543689876048, -18.849810534590823 ], [ -159.784393394975496, -18.850801498542609 ], [ -159.786072315145844, -18.852505166186237 ], [ -159.786984121892004, -18.853468545220387 ], [ -159.79187353188388, -18.854561960967899 ], [ -159.793481963112612, -18.853984896413028 ] ] ] ] } },
{ "type": "Feature", "properties": { "eaid": "1302", "ea_name": "amuri", "cdid": "13", "gid": "2" }, "geometry": { "type": "MultiPolygon", "coordinates": [ [ [ [ -159.795429405137384, -18.857350276248532 ], [ -159.795047626192826, -18.856410971478475 ], [ -159.793965414837487, -18.852347627455117 ], [ -159.793867780850348, -18.849428376601786 ], [ -159.794080994232644, -18.848914172199088 ], [ -159.794372903045655, -18.848590728603529 ], [ -159.794963386231416, -18.848063619766805 ], [ -159.795099390565127, -18.847692320846289 ], [ -159.795150929096934, -18.847201755017377 ], [ -159.795089363576665, -18.846842774196002 ], [ -159.794040083136082, -18.845307453248353 ], [ -159.792950974434035, -18.844220084951825 ], [ -159.790726743087589, -18.84243892039056 ], [ -159.789807662201355, -18.841852631923864 ], [ -159.789429257697691, -18.841620491952646 ], [ -159.788834570437075, -18.841246599298575 ], [ -159.788431898714151, -18.840928995460001 ], [ -159.786723246625911, -18.839256822175837 ], [ -159.7862544468762, -18.838888081456883 ], [ -159.784745793389106, -18.837719757892582 ], [ -159.782960593703706, -18.836301581786405 ], [ -159.782569708215561, -18.83595536320292 ], [ -159.781806486306181, -18.83668283893957 ], [ -159.782550593934019, -18.83699911489256 ], [ -159.782838368603961, -18.837083380510272 ], [ -159.783649249627132, -18.837587577378969 ], [ -159.784460877342013, -18.838268408076345 ], [ -159.784835043055665, -18.838888372812935 ], [ -159.785475773643697, -18.840163087498549 ], [ -159.785988189623509, -18.84088944492062 ], [ -159.786409281214503, -18.841281156451728 ], [ -159.787052179533475, -18.841723160398985 ], [ -159.788109330696727, -18.842397334587577 ], [ -159.789825723298605, -18.843154182943266 ], [ -159.791033656818428, -18.844050059516473 ], [ -159.791864335853262, -18.844941839473194 ], [ -159.792527861382837, -18.845954044396645 ], [ -159.793019355156275, -18.847314838323381 ], [ -159.793032970915135, -18.847664175616476 ], [ -159.79290461488398, -18.848381763857237 ], [ -159.792758450641713, -18.849140809481867 ], [ -159.792706799773782, -18.849625683030578 ], [ -159.793080057949112, -18.85258948011943 ], [ -159.793481963112612, -18.853984896413028 ], [ -159.793859511013693, -18.855309126774515 ], [ -159.79430392200527, -18.856835461361662 ], [ -159.794594499524976, -18.857490003120429 ], [ -159.794688057853506, -18.857644288030443 ], [ -159.795429405137384, -18.857350276248532 ] ] ] ] } },
{ "type": "Feature", "properties": { "eaid": "1403", "ea_name": "arutanga", "cdid": "14", "gid": "2" }, "geometry": { "type": "MultiPolygon", "coordinates": [ [ [ [ -159.79883731662207, -18.866800147269416 ], [ -159.798550774362184, -18.866396773089917 ], [ -159.798148683293505, -18.864961436753436 ], [ -159.797000420937763, -18.865337074874489 ], [ -159.796144258364876, -18.865409136229943 ], [ -159.795325692844813, -18.865851750721518 ], [ -159.793783306640648, -18.866479872708368 ], [ -159.793344289038089, -18.866105424941729 ], [ -159.792845901987363, -18.865839562086894 ], [ -159.79230644454816, -18.865761987404557 ], [ -159.792024297064245, -18.865620611426127 ], [ -159.791850246299504, -18.865545094165071 ], [ -159.791498359106839, -18.865871680709574 ], [ -159.791177601697086, -18.866460338426677 ], [ -159.786614753481246, -18.86609342057579 ], [ -159.787762584968732, -18.867144159394343 ], [ -159.787825372649365, -18.868168315387663 ], [ -159.787518543331885, -18.869161779792513 ], [ -159.787630934733045, -18.869493441531745 ], [ -159.788783870034621, -18.869470035682564 ], [ -159.78909488095826, -18.869371768431353 ], [ -159.789621117758827, -18.869181421451639 ], [ -159.790212809479044, -18.868910832766506 ], [ -159.791084054530359, -18.868211413856482 ], [ -159.79214029407413, -18.867368717225744 ], [ -159.792397286168551, -18.867253507493164 ], [ -159.795222038003828, -18.866728254747557 ], [ -159.795737334202641, -18.866777372639362 ], [ -159.796289068304503, -18.866917589534374 ], [ -159.796696657796787, -18.866967165548473 ], [ -159.797289543002734, -18.86695324209904 ], [ -159.797768369435005, -18.866871318310789 ], [ -159.797930167854105, -18.866887701353001 ], [ -159.798260577944433, -18.867103040751552 ], [ -159.79883731662207, -18.866800147269416 ] ] ] ] } },
{ "type": "Feature", "properties": { "eaid": "0404", "ea_name": "tutakimoa", "cdid": "04", "gid": "1" }, "geometry": { "type": "MultiPolygon", "coordinates": [ [ [ [ -159.783068038610679, -21.206745846530538 ], [ -159.783114702163459, -21.205591127158524 ], [ -159.781864047736093, -21.20503032399596 ], [ -159.781053275179659, -21.204853465189544 ], [ -159.780532671747551, -21.204792550599102 ], [ -159.779926014200043, -21.204849641025518 ], [ -159.779913607617118, -21.20491612630428 ], [ -159.780383581137954, -21.206841396043316 ], [ -159.780607819140215, -21.207816915609286 ], [ -159.782031706942348, -21.207582764787642 ], [ -159.782549807711604, -21.207377845969578 ], [ -159.783049803196064, -21.206993976225494 ], [ -159.783060264843868, -21.206959060487137 ], [ -159.783068038610679, -21.206745846530538 ] ] ] ] } },
{ "type": "Feature", "properties": { "eaid": "0805", "ea_name": "betela", "cdid": "08", "gid": "1" }, "geometry": { "type": "MultiPolygon", "coordinates": [ [ [ [ -159.826637716662617, -21.240151802422446 ], [ -159.826581732232995, -21.24038647937957 ], [ -159.826383626445988, -21.241255326809352 ], [ -159.826261214957213, -21.241761856708756 ], [ -159.826110784578134, -21.242431115128191 ], [ -159.825844857528949, -21.243137160706656 ], [ -159.825759141226712, -21.243327270327384 ], [ -159.825481633812359, -21.243681000416263 ], [ -159.825223283712944, -21.244007537773562 ], [ -159.824312866202803, -21.244924488963118 ], [ -159.82408646562584, -21.245318101304392 ], [ -159.823146093391244, -21.244964457870196 ], [ -159.822074228491545, -21.24435542540467 ], [ -159.82078422247011, -21.243835282257518 ], [ -159.819935293443137, -21.243392448748299 ], [ -159.818684888928175, -21.242478067783608 ], [ -159.818551854664435, -21.242147843792818 ], [ -159.818574906739912, -21.242010535864118 ], [ -159.818015993365094, -21.241340927350763 ], [ -159.816725104735497, -21.240628156690363 ], [ -159.816369618833164, -21.240908361004855 ], [ -159.815996874442305, -21.241307082219787 ], [ -159.815672492247813, -21.241255648610601 ], [ -159.815041803589253, -21.241170751936028 ], [ -159.814233963071388, -21.241168464025865 ], [ -159.813985205923501, -21.24188694404322 ], [ -159.813911229197743, -21.242148260797034 ], [ -159.814338782447663, -21.242140325726378 ], [ -159.814725034176433, -21.242338448268761 ], [ -159.814922611271669, -21.242459347242534 ], [ -159.815327463447176, -21.242788264800293 ], [ -159.815465075965619, -21.242986864673334 ], [ -159.815451247467394, -21.243549950404873 ], [ -159.815915291414143, -21.243890774570605 ], [ -159.816346183127479, -21.244473748412069 ], [ -159.816824865268671, -21.244859934369849 ], [ -159.81729349279334, -21.245151593499308 ], [ -159.817520136509756, -21.245239378406247 ], [ -159.817644104073054, -21.245225137803953 ], [ -159.817906112666748, -21.245097316885715 ], [ -159.818142836169187, -21.245024447724646 ], [ -159.818343708033041, -21.245064482355705 ], [ -159.818388265962284, -21.245204365868922 ], [ -159.818460016470766, -21.245577360977464 ], [ -159.818920021832525, -21.245594889944655 ], [ -159.819450792394065, -21.24554051848224 ], [ -159.819803314963565, -21.245563550382254 ], [ -159.820277650138109, -21.245684321507856 ], [ -159.820979558183069, -21.246079420716992 ], [ -159.821696061466298, -21.246518069029012 ], [ -159.82189946582335, -21.246823768031053 ], [ -159.822544637816748, -21.247203797983275 ], [ -159.823391629098381, -21.247580326648873 ], [ -159.823941204979377, -21.247897662400977 ], [ -159.824472386286828, -21.246987759456431 ], [ -159.824889031741606, -21.246273980296355 ], [ -159.825070885707731, -21.245980516599097 ], [ -159.825248093864758, -21.245666299888828 ], [ -159.825471347056805, -21.245015925846374 ], [ -159.825503002631251, -21.244992466142484 ], [ -159.825531879492871, -21.244969471677141 ], [ -159.825558216536308, -21.244947031610842 ], [ -159.825581288407307, -21.244851983388681 ], [ -159.825580506707894, -21.244768704312619 ], [ -159.825483340635316, -21.244672438074666 ], [ -159.825313358761434, -21.244614375776912 ], [ -159.825225752088244, -21.244636483312505 ], [ -159.825183810602624, -21.24463939838553 ], [ -159.825160867860916, -21.244643485094066 ], [ -159.825136824197557, -21.244649654742183 ], [ -159.825112000481028, -21.244658447730835 ], [ -159.825086477681481, -21.244670134649166 ], [ -159.825060336768814, -21.244684986086426 ], [ -159.825049981383643, -21.244694792227662 ], [ -159.825032512011546, -21.244711407809906 ], [ -159.825015598878338, -21.244728020669378 ], [ -159.824999004599874, -21.244744812624536 ], [ -159.824982967566001, -21.244761782509393 ], [ -159.824967886601456, -21.244779199358806 ], [ -159.824953523316509, -21.244797064339124 ], [ -159.824940196067331, -21.244815466221848 ], [ -159.824841294002056, -21.244792735527415 ], [ -159.824877542003776, -21.244737728817629 ], [ -159.824906692074137, -21.244692421971653 ], [ -159.824930167022728, -21.244655453105473 ], [ -159.824949072304719, -21.244625552214544 ], [ -159.824964750253798, -21.244601177149114 ], [ -159.824978306319565, -21.244581057903069 ], [ -159.82499116229485, -21.244563651936797 ], [ -159.825004344163489, -21.244547689632054 ], [ -159.82501903733737, -21.244531990918944 ], [ -159.825034922957968, -21.244516376699828 ], [ -159.825052000019554, -21.2445006663222 ], [ -159.82506979274828, -21.244485042770318 ], [ -159.825088220675497, -21.244469325780596 ], [ -159.825106966953939, -21.244453697559994 ], [ -159.825125554302247, -21.244438070114946 ], [ -159.825143903257356, -21.244422443834267 ], [ -159.825161775932912, -21.24440691021049 ], [ -159.825179808536518, -21.244391556459465 ], [ -159.825198479857931, -21.244376741552692 ], [ -159.825218346641378, -21.244362553094327 ], [ -159.825240125562857, -21.244349258562842 ], [ -159.825264295411841, -21.24433721692883 ], [ -159.825291730784699, -21.244326514240061 ], [ -159.825322830505257, -21.244317419528855 ], [ -159.82535831074685, -21.244310109945481 ], [ -159.825399921205332, -21.244304847909717 ], [ -159.825449171678969, -21.244301626027546 ], [ -159.825507732904498, -21.244300797428718 ], [ -159.825577352567507, -21.244302263219847 ], [ -159.825659780869842, -21.244306376133014 ], [ -159.825756448653863, -21.244313219472218 ], [ -159.825869264045025, -21.244322964526077 ], [ -159.825952544754557, -21.244308917087615 ], [ -159.826023263748937, -21.244293756861886 ], [ -159.826083168210118, -21.244277294649748 ], [ -159.826133608507774, -21.244259433519545 ], [ -159.826176572225506, -21.244240344400346 ], [ -159.826213487684669, -21.244219658986587 ], [ -159.826246024112208, -21.244197459433149 ], [ -159.82627577127127, -21.244173828282488 ], [ -159.826304157984509, -21.244148487550184 ], [ -159.826331262203922, -21.244121165869391 ], [ -159.826356922485758, -21.24409141238916 ], [ -159.826380898426947, -21.244058866973948 ], [ -159.826402949120791, -21.244023079162293 ], [ -159.826422834668307, -21.243983779144848 ], [ -159.826440552551901, -21.243940515292028 ], [ -159.826455782403116, -21.243892837531725 ], [ -159.826674738492301, -21.243599009722779 ], [ -159.826742911565105, -21.243455143540608 ], [ -159.826768301896237, -21.243405519049283 ], [ -159.826881251083279, -21.24318293783066 ], [ -159.826983649401257, -21.242992113584762 ], [ -159.827011978282229, -21.242814027489292 ], [ -159.827088664726574, -21.242672196985676 ], [ -159.827153627438719, -21.242494292533546 ], [ -159.827201369617711, -21.242334809204181 ], [ -159.827367582284609, -21.241945671626251 ], [ -159.827420529590569, -21.24169375661846 ], [ -159.82747221923529, -21.241501283934795 ], [ -159.82749396876244, -21.241297757382277 ], [ -159.827498960011212, -21.241280841460149 ], [ -159.827540414252809, -21.241105400730834 ], [ -159.827619524048174, -21.240547494422763 ], [ -159.826637716662617, -21.240151802422446 ] ] ] ] } },
{ "type": "Feature", "properties": { "eaid": "0704", "ea_name": "arerenga", "cdid": "07", "gid": "1" }, "geometry": { "type": "MultiPolygon", "coordinates": [ [ [ [ -159.820502728383758, -21.220491440144556 ], [ -159.820265459173498, -21.220578917292617 ], [ -159.82007342808302, -21.220519247212948 ], [ -159.8196933665497, -21.220556541015569 ], [ -159.81975737691323, -21.221925217051155 ], [ -159.8193893173231, -21.22221983502769 ], [ -159.818721209154035, -21.223204376909344 ], [ -159.819303590289422, -21.224441655046981 ], [ -159.819362660249141, -21.22441578591399 ], [ -159.820940758128728, -21.224313381966535 ], [ -159.822217784158511, -21.224175918081741 ], [ -159.823447995551049, -21.224135139633606 ], [ -159.823504123592642, -21.224073180595571 ], [ -159.823249593999549, -21.222989839619324 ], [ -159.824570906335907, -21.222788912132838 ], [ -159.82565959261737, -21.222905353431468 ], [ -159.828858544936395, -21.223244576636151 ], [ -159.828772644400175, -21.223655181053537 ], [ -159.828574678382637, -21.22452036726219 ], [ -159.829071085043608, -21.224541514515657 ], [ -159.829110649945136, -21.22475446884793 ], [ -159.829277392521078, -21.2247528644168 ], [ -159.82930125803648, -21.225129322216322 ], [ -159.830111841542646, -21.225132851997788 ], [ -159.83044693396954, -21.224076783762666 ], [ -159.830543313641243, -21.223761967379311 ], [ -159.830538237869206, -21.223598518699518 ], [ -159.830351560478391, -21.223453827151769 ], [ -159.830183990497545, -21.22338869479476 ], [ -159.830040176130353, -21.223352491999741 ], [ -159.830077635673973, -21.223281834441327 ], [ -159.830227056320297, -21.223361050101481 ], [ -159.830542513349371, -21.223353028564116 ], [ -159.830678156793795, -21.223292890392393 ], [ -159.83080273198803, -21.222926272159864 ], [ -159.830982988652607, -21.222304041636868 ], [ -159.831084591127109, -21.221638823201744 ], [ -159.831088529673053, -21.221095235431708 ], [ -159.830992126548921, -21.220961742829232 ], [ -159.831097488090563, -21.220909474774892 ], [ -159.831183226798572, -21.220625910930092 ], [ -159.831166642564085, -21.220375651308142 ], [ -159.828960741986009, -21.220725996302818 ], [ -159.828773561797703, -21.219992970642817 ], [ -159.82771558571514, -21.220109711823611 ], [ -159.826616031287301, -21.220054076521958 ], [ -159.825052635793526, -21.220046667106629 ], [ -159.824288059454176, -21.220172194769308 ], [ -159.823795231318257, -21.220212341369336 ], [ -159.823291895423381, -21.220524079084239 ], [ -159.820973076974781, -21.220547054120757 ], [ -159.820502728383758, -21.220491440144556 ] ] ] ] } },
{ "type": "Feature", "properties": { "eaid": "1106", "ea_name": "turangi-ngatangiia", "cdid": "11", "gid": "1" }, "geometry": { "type": "MultiPolygon", "coordinates": [ [ [ [ -159.734453158127991, -21.234210013055506 ], [ -159.734016376786457, -21.233956369967665 ], [ -159.733546342937842, -21.233726898085312 ], [ -159.732928902913216, -21.233592279548901 ], [ -159.732015287112944, -21.233420011643897 ], [ -159.731376546676017, -21.233316101684252 ], [ -159.730730830942093, -21.233199392609254 ], [ -159.730346227159856, -21.233131864912771 ], [ -159.730121474398771, -21.233011072543679 ], [ -159.730120022469833, -21.233010208402984 ], [ -159.730022296747535, -21.233025274295507 ], [ -159.729979952630828, -21.233046875561442 ], [ -159.729974014662361, -21.233100794232545 ], [ -159.729981095387672, -21.233149800868073 ], [ -159.729970245528733, -21.233198150258147 ], [ -159.729966669109274, -21.233262371826939 ], [ -159.72996218219015, -21.233363197724422 ], [ -159.729919874078774, -21.233509754345988 ], [ -159.729855400055413, -21.233512927134466 ], [ -159.729767645537009, -21.233617421880716 ], [ -159.729764608071093, -21.233792675936655 ], [ -159.729712162707557, -21.233831449195662 ], [ -159.729733334581937, -21.233863385533489 ], [ -159.729648730724534, -21.234012303846406 ], [ -159.729600325386798, -21.234168778001589 ], [ -159.729497160440303, -21.234369189366337 ], [ -159.729470421335094, -21.234468990680842 ], [ -159.729449430933556, -21.23452052934093 ], [ -159.729430280996809, -21.234615689826207 ], [ -159.729336374584335, -21.234707625864072 ], [ -159.729268091985915, -21.234823667365703 ], [ -159.729195286480262, -21.23505066316477 ], [ -159.729144630263562, -21.235180237291818 ], [ -159.729210747619845, -21.235212206488452 ], [ -159.729144207660312, -21.235208031921772 ], [ -159.729040806582901, -21.235395217111371 ], [ -159.728969067536866, -21.235597009054732 ], [ -159.728870719553584, -21.235741611355344 ], [ -159.728826398476514, -21.235894240662155 ], [ -159.728772646546787, -21.236036714312316 ], [ -159.728747824327229, -21.23615976512183 ], [ -159.728714817436497, -21.23620229446297 ], [ -159.728639191977521, -21.236249130450215 ], [ -159.728535706159647, -21.236419496778861 ], [ -159.72844388581359, -21.236608996394374 ], [ -159.728379667258054, -21.236688644641198 ], [ -159.728423184828699, -21.236742966991372 ], [ -159.728520328159078, -21.236822942890925 ], [ -159.728525875036837, -21.236864863663332 ], [ -159.728447359350611, -21.23678484995418 ], [ -159.728397237423167, -21.236772445745849 ], [ -159.728342488108211, -21.236852515106726 ], [ -159.728188288946654, -21.237086463560001 ], [ -159.728000915534864, -21.237394446464808 ], [ -159.727954795382175, -21.237639291993592 ], [ -159.727911014370022, -21.237720664207302 ], [ -159.727950926681274, -21.237760786699514 ], [ -159.72793816742103, -21.237822965419948 ], [ -159.72786827062319, -21.23794932699732 ], [ -159.727891973336568, -21.238008381386734 ], [ -159.727886716005543, -21.238065475234766 ], [ -159.727927580917282, -21.238103676737062 ], [ -159.727979756991346, -21.23811630421466 ], [ -159.728031862926514, -21.238125893314894 ], [ -159.728054734283603, -21.238132776300112 ], [ -159.728031983634764, -21.238137042451584 ], [ -159.727929194843284, -21.238117193540027 ], [ -159.727906218066352, -21.238107701906447 ], [ -159.727879066057739, -21.238120384770632 ], [ -159.727846548611495, -21.23817915528301 ], [ -159.727843728603119, -21.238228156752285 ], [ -159.727871399987151, -21.238255157772581 ], [ -159.727851558158648, -21.238280718877512 ], [ -159.727841793342321, -21.238323628462279 ], [ -159.727810163505808, -21.238347025552933 ], [ -159.72780629771745, -21.238396132147962 ], [ -159.727860512927919, -21.238414960306788 ], [ -159.727870096971827, -21.238437762310479 ], [ -159.727854428985125, -21.238463049373784 ], [ -159.727909699021836, -21.238500802738368 ], [ -159.727941769184582, -21.238514762352935 ], [ -159.727961790422114, -21.238518315145864 ], [ -159.72795126148452, -21.238538969271353 ], [ -159.727909975977781, -21.238514209787361 ], [ -159.727839425728291, -21.238488811178094 ], [ -159.727765518054838, -21.238470514536441 ], [ -159.72773891236227, -21.238564454648827 ], [ -159.727696332262269, -21.238844526424487 ], [ -159.727565110470806, -21.23898577745862 ], [ -159.727442882907923, -21.239123410080609 ], [ -159.727376246377418, -21.239257689803775 ], [ -159.727230928500802, -21.239619718069235 ], [ -159.726837016831581, -21.24034487564472 ], [ -159.727028891144073, -21.240403574633174 ], [ -159.727331106979534, -21.240432719255807 ], [ -159.727869793762522, -21.240533659006136 ], [ -159.728921818618488, -21.2405900520823 ], [ -159.730497910868252, -21.240734165306669 ], [ -159.730547787066541, -21.240294482803854 ], [ -159.731178416533169, -21.240178887631398 ], [ -159.731331699896259, -21.24013806501074 ], [ -159.731580207057704, -21.240100772568198 ], [ -159.731932305048247, -21.239999564693857 ], [ -159.731991831813161, -21.24000120332466 ], [ -159.732362844852361, -21.239984056167724 ], [ -159.732807153886142, -21.240069475729996 ], [ -159.733140331193823, -21.24022691854902 ], [ -159.733261766748228, -21.239892350197906 ], [ -159.733748219566252, -21.239084129587546 ], [ -159.736454107311431, -21.239882327323027 ], [ -159.737194563052526, -21.239948195423231 ], [ -159.73804163190735, -21.240024343094053 ], [ -159.738594980266129, -21.239681377143814 ], [ -159.738253522535757, -21.239218304790167 ], [ -159.736483565872902, -21.237829991162137 ], [ -159.735617890463089, -21.237332255830196 ], [ -159.735425572598587, -21.236223028332365 ], [ -159.735649135099067, -21.235124904756159 ], [ -159.735300947432165, -21.234726802359258 ], [ -159.734453158127991, -21.234210013055506 ] ] ] ] } },
{ "type": "Feature", "properties": { "eaid": "0804", "ea_name": "vaiakura", "cdid": "08", "gid": "1" }, "geometry": { "type": "MultiPolygon", "coordinates": [ [ [ [ -159.826581732232995, -21.24038647937957 ], [ -159.825247659457659, -21.240101824160526 ], [ -159.825175492974637, -21.239875872067568 ], [ -159.823887080657727, -21.239503693023266 ], [ -159.821969571508731, -21.239389748959127 ], [ -159.82022529403622, -21.238916877895154 ], [ -159.818817093682526, -21.239728457555405 ], [ -159.818446919533983, -21.239880527631367 ], [ -159.81757171255839, -21.240240068028299 ], [ -159.816725104735497, -21.240628156690363 ], [ -159.818015993365094, -21.241340927350763 ], [ -159.818574906739912, -21.242010535864118 ], [ -159.818551854664435, -21.242147843792818 ], [ -159.818684888928175, -21.242478067783608 ], [ -159.819935293443137, -21.243392448748299 ], [ -159.82078422247011, -21.243835282257518 ], [ -159.822074228491545, -21.24435542540467 ], [ -159.823146093391244, -21.244964457870196 ], [ -159.82408646562584, -21.245318101304392 ], [ -159.824312866202803, -21.244924488963118 ], [ -159.825223283712944, -21.244007537773562 ], [ -159.825481633812359, -21.243681000416263 ], [ -159.825759141226712, -21.243327270327384 ], [ -159.825844857528949, -21.243137160706656 ], [ -159.826110784578134, -21.242431115128191 ], [ -159.826261214957213, -21.241761856708756 ], [ -159.826383626445988, -21.241255326809352 ], [ -159.826581732232995, -21.24038647937957 ] ] ] ] } },
{ "type": "Feature", "properties": { "eaid": "0901", "ea_name": "kavera", "cdid": "09", "gid": "1" }, "geometry": { "type": "MultiPolygon", "coordinates": [ [ [ [ -159.82264771908774, -21.250403663156561 ], [ -159.822726974904725, -21.250123591140198 ], [ -159.822860534264237, -21.250044443508003 ], [ -159.822868340647432, -21.249917405419321 ], [ -159.823002949762099, -21.249824403439575 ], [ -159.822977478468346, -21.249614688254287 ], [ -159.823077913773318, -21.249563444079349 ], [ -159.823197083645539, -21.249346523724704 ], [ -159.823168381082382, -21.249242006833288 ], [ -159.823261767272413, -21.249066717548097 ], [ -159.823368209440503, -21.248833804393854 ], [ -159.823493727678454, -21.248705584978772 ], [ -159.823523381594157, -21.248582461032804 ], [ -159.823589422708181, -21.24848732923396 ], [ -159.823610185752983, -21.248444209139304 ], [ -159.823681414173933, -21.248408503503093 ], [ -159.823735076732902, -21.248276878177958 ], [ -159.823749526842192, -21.248211587178414 ], [ -159.823787878426259, -21.248148802161534 ], [ -159.823845796726118, -21.248060629557603 ], [ -159.823849406401479, -21.248054463862285 ], [ -159.823941204979377, -21.247897662400977 ], [ -159.823391629098381, -21.247580326648873 ], [ -159.822544637816748, -21.247203797983275 ], [ -159.82189946582335, -21.246823768031053 ], [ -159.821696061466298, -21.246518069029012 ], [ -159.820979558183069, -21.246079420716992 ], [ -159.820277650138109, -21.245684321507856 ], [ -159.819803314963565, -21.245563550382254 ], [ -159.819450792394065, -21.24554051848224 ], [ -159.818920021832525, -21.245594889944655 ], [ -159.818460016470766, -21.245577360977464 ], [ -159.818388265962284, -21.245204365868922 ], [ -159.818343708033041, -21.245064482355705 ], [ -159.818142836169187, -21.245024447724646 ], [ -159.817906112666748, -21.245097316885715 ], [ -159.817644104073054, -21.245225137803953 ], [ -159.817520136509756, -21.245239378406247 ], [ -159.81729349279334, -21.245151593499308 ], [ -159.816824865268671, -21.244859934369849 ], [ -159.816346183127479, -21.244473748412069 ], [ -159.815915291414143, -21.243890774570605 ], [ -159.815451247467394, -21.243549950404873 ], [ -159.815176926298136, -21.24338949776493 ], [ -159.814558984572045, -21.243023761419671 ], [ -159.814019401017703, -21.242890150737811 ], [ -159.813820882887285, -21.242887314918342 ], [ -159.813272982799276, -21.244094454664289 ], [ -159.812978564454454, -21.244743116448003 ], [ -159.810730294408103, -21.245754872252839 ], [ -159.812716877423071, -21.246683916262732 ], [ -159.813417944141293, -21.247337677540319 ], [ -159.813419358205323, -21.246987195337272 ], [ -159.814072831457366, -21.247456420286682 ], [ -159.815306167039921, -21.248021519275568 ], [ -159.815863172908394, -21.248835108575413 ], [ -159.816443894359764, -21.248662631236112 ], [ -159.816622645544101, -21.248730065661963 ], [ -159.816867372543442, -21.248922614597291 ], [ -159.81723978626701, -21.249030550891799 ], [ -159.817371460407998, -21.249254034602334 ], [ -159.817677022053033, -21.249303082000164 ], [ -159.817926183178173, -21.249254638497401 ], [ -159.818192562554771, -21.249065960968181 ], [ -159.818500620964187, -21.248767433943602 ], [ -159.81887123869754, -21.249056730942154 ], [ -159.819425621863928, -21.249499743456262 ], [ -159.820049585136189, -21.249444574151667 ], [ -159.820391092765789, -21.249553839335771 ], [ -159.820910332901718, -21.249801095211652 ], [ -159.822215536077209, -21.250459685531538 ], [ -159.82264771908774, -21.250403663156561 ] ] ] ] } },
{ "type": "Feature", "properties": { "eaid": "0701", "ea_name": "pokoinu-i raro", "cdid": "07", "gid": "1" }, "geometry": { "type": "MultiPolygon", "coordinates": [ [ [ [ -159.827481660980339, -21.215087870278431 ], [ -159.828209523193209, -21.214870218896671 ], [ -159.828967282380347, -21.214430010787325 ], [ -159.828833682778821, -21.214204447006587 ], [ -159.828760522585895, -21.214119982126217 ], [ -159.82792082331548, -21.212887656118131 ], [ -159.826893966402082, -21.211568175833509 ], [ -159.826345549301863, -21.21088472900923 ], [ -159.825943133559718, -21.210489197331363 ], [ -159.825836632812695, -21.210440293833972 ], [ -159.825732207362904, -21.210394505975465 ], [ -159.825754210204678, -21.210284411828539 ], [ -159.825660146689472, -21.210294145689247 ], [ -159.825586114117669, -21.210164710985051 ], [ -159.825605997886498, -21.210062437932592 ], [ -159.825528299396041, -21.209974187943036 ], [ -159.825350717298221, -21.209803470111801 ], [ -159.825238128165637, -21.209807600296298 ], [ -159.825256743845614, -21.209731351381556 ], [ -159.824986631051218, -21.209389738330774 ], [ -159.824891636409887, -21.209318351713836 ], [ -159.824436659663178, -21.208818792268691 ], [ -159.824084344115136, -21.208398863002387 ], [ -159.82407724772176, -21.208247955865982 ], [ -159.823963173115345, -21.20811192332441 ], [ -159.823901738371177, -21.208038743217585 ], [ -159.82361019844862, -21.207865123974816 ], [ -159.823334658515023, -21.207832597834219 ], [ -159.822922494382652, -21.20827252461979 ], [ -159.822217895300469, -21.209421688956407 ], [ -159.821761530198557, -21.209859991769981 ], [ -159.821600309485746, -21.210170050011904 ], [ -159.821277511738998, -21.21039246259533 ], [ -159.821045155614854, -21.210327123999491 ], [ -159.819937931411317, -21.210499649675498 ], [ -159.819460617932691, -21.211018829008115 ], [ -159.81920645652167, -21.21142040024424 ], [ -159.81886523049215, -21.211478330224381 ], [ -159.818964589637517, -21.212178710972285 ], [ -159.819601162842247, -21.21218510697749 ], [ -159.820402082607387, -21.213580503406188 ], [ -159.821010436610379, -21.213338897455838 ], [ -159.822343516914714, -21.212810218948412 ], [ -159.822415825936872, -21.212941295355744 ], [ -159.822635901415623, -21.213802232088469 ], [ -159.822850582524779, -21.214133777028657 ], [ -159.823259010971952, -21.214531491457119 ], [ -159.822902399896975, -21.214853445755828 ], [ -159.822537325415482, -21.215010409680172 ], [ -159.822633222036814, -21.215340365553104 ], [ -159.822633900202021, -21.215342672961423 ], [ -159.822860443178769, -21.216113467138413 ], [ -159.824396081739138, -21.216061082417909 ], [ -159.825638445955548, -21.215818892040993 ], [ -159.827280517353415, -21.215163196558265 ], [ -159.827481660980339, -21.215087870278431 ] ] ] ] } },
{ "type": "Feature", "properties": { "eaid": "0103", "ea_name": "kiikii-ooa", "cdid": "01", "gid": "1" }, "geometry": { "type": "MultiPolygon", "coordinates": [ [ [ [ -159.74869442040918, -21.208019141563724 ], [ -159.749431965924828, -21.208736678428718 ], [ -159.749682484735047, -21.209389972611817 ], [ -159.750328224859828, -21.209762782155952 ], [ -159.750329219556903, -21.209763871808804 ], [ -159.750717588812705, -21.210229130128955 ], [ -159.751171209527939, -21.211643347827945 ], [ -159.751883773059376, -21.21217438859744 ], [ -159.752444394045398, -21.213010967221813 ], [ -159.752609620554153, -21.213303171186446 ], [ -159.752723617599656, -21.213206551893215 ], [ -159.752922000070868, -21.212814267395785 ], [ -159.753111082300393, -21.212750193170571 ], [ -159.753189367281408, -21.212645964464006 ], [ -159.75339376988893, -21.212328807172824 ], [ -159.753690182056374, -21.211997689498535 ], [ -159.75398137773098, -21.211766047980191 ], [ -159.754213121144261, -21.211701782071902 ], [ -159.754469937759865, -21.211678052339362 ], [ -159.754598242746198, -21.211645863534109 ], [ -159.754750379471375, -21.211581862280951 ], [ -159.754515532883119, -21.211348053699879 ], [ -159.754195251725235, -21.211186890378062 ], [ -159.754055000307972, -21.211197633667688 ], [ -159.753838766080577, -21.211030314221102 ], [ -159.75374432659612, -21.210800394164078 ], [ -159.753814371259068, -21.210497385531347 ], [ -159.754082666790396, -21.210512898764492 ], [ -159.754028888304447, -21.210326697686273 ], [ -159.754128857423012, -21.210143603943273 ], [ -159.754336254202371, -21.210088479643726 ], [ -159.754611704286646, -21.210073699533343 ], [ -159.754744792204548, -21.209951159237182 ], [ -159.754821806357484, -21.209706833596311 ], [ -159.754986176135418, -21.209642867821881 ], [ -159.755081713459532, -21.209416615596101 ], [ -159.755146742945158, -21.209190409404552 ], [ -159.755437416413372, -21.208904479478917 ], [ -159.755686365416437, -21.208740771654192 ], [ -159.755905971196057, -21.208681074349954 ], [ -159.756212835903995, -21.208704541347164 ], [ -159.756548775501187, -21.20869626203276 ], [ -159.756640066350656, -21.20865068804488 ], [ -159.75661991566659, -21.207923440951809 ], [ -159.757026141828362, -21.207599142398369 ], [ -159.75730069068706, -21.208047393746206 ], [ -159.75765170108258, -21.208190437798098 ], [ -159.758022726067082, -21.208207651903344 ], [ -159.757990174410764, -21.207869421793706 ], [ -159.758088521140877, -21.207758868098988 ], [ -159.758483484781266, -21.207547890505698 ], [ -159.75958041104812, -21.207798233273518 ], [ -159.759656301813806, -21.206714745031324 ], [ -159.759558131077682, -21.205996005510205 ], [ -159.758874781208533, -21.206059662177491 ], [ -159.758064271960052, -21.205887519605081 ], [ -159.757812882641787, -21.205415769957657 ], [ -159.757797249523691, -21.204920921803261 ], [ -159.75788199831868, -21.204341074325185 ], [ -159.757764873358582, -21.203444253318509 ], [ -159.756502353390374, -21.20373291163444 ], [ -159.755465575861109, -21.204031498012341 ], [ -159.754372122104854, -21.204343229961555 ], [ -159.753406456534719, -21.204488962227998 ], [ -159.752495547695986, -21.204766153557085 ], [ -159.751233995752585, -21.205346295074449 ], [ -159.749946716388536, -21.206258343853602 ], [ -159.748854185168369, -21.207030166413233 ], [ -159.748386058457527, -21.207465826367073 ], [ -159.748282166244934, -21.207540777430825 ], [ -159.74869442040918, -21.208019141563724 ] ] ] ] } },
{ "type": "Feature", "properties": { "eaid": "2801", "ea_name": "tengatangi", "cdid": "28", "gid": "2" }, "geometry": { "type": "MultiPolygon", "coordinates": [ [ [ [ -158.113889812079947, -19.991592675735809 ], [ -158.113349811478145, -19.991800768126623 ], [ -158.113049273942664, -19.991966901927864 ], [ -158.112801772442879, -19.992382235664216 ], [ -158.112801772442879, -19.993096607128464 ], [ -158.112129982657706, -19.994309369868031 ], [ -158.111776409086531, -19.995920834673484 ], [ -158.111440514193959, -19.996635190084476 ], [ -158.111436384478196, -19.998675747586084 ], [ -158.11277363842612, -19.998857208692304 ], [ -158.114626335140827, -19.99782781420787 ], [ -158.114637475070396, -19.997543030082738 ], [ -158.114677112829924, -19.997096320355681 ], [ -158.114797839101016, -19.996386227220501 ], [ -158.115893965318008, -19.996442879182474 ], [ -158.116418243580881, -19.996095148726141 ], [ -158.117017652492194, -19.996363587757813 ], [ -158.117856764937073, -19.996767166281145 ], [ -158.118054189781901, -19.99685652639614 ], [ -158.118032562768065, -19.996890114673644 ], [ -158.118576504686871, -19.997042441143879 ], [ -158.118671448032813, -19.996823301186989 ], [ -158.118185614545723, -19.996610917024732 ], [ -158.11801284996406, -19.996535392188626 ], [ -158.118108928340661, -19.99569182972872 ], [ -158.118202068513227, -19.994709516985928 ], [ -158.118507394615875, -19.994298767839872 ], [ -158.118627829973548, -19.994169868506386 ], [ -158.118758086266894, -19.994030457921134 ], [ -158.119136819096951, -19.993703545070176 ], [ -158.119424976152203, -19.993477718364034 ], [ -158.11923949052084, -19.99336066323918 ], [ -158.119153725276703, -19.993306539009996 ], [ -158.119048433376776, -19.993240272292063 ], [ -158.118915711231466, -19.993379739936767 ], [ -158.118714329936495, -19.993535213427624 ], [ -158.118708893752341, -19.993755981332917 ], [ -158.118559808861818, -19.993926883715417 ], [ -158.118539850845536, -19.993949762428432 ], [ -158.118372165052477, -19.994096169574064 ], [ -158.118276959434411, -19.994043302481991 ], [ -158.117979974904102, -19.994325700432167 ], [ -158.117352629327854, -19.994557503471984 ], [ -158.117299373921213, -19.994577181231353 ], [ -158.11705340758823, -19.994433429175295 ], [ -158.116762975728733, -19.994263689609696 ], [ -158.116253337957659, -19.994070680540069 ], [ -158.116265141964107, -19.994013118055754 ], [ -158.116307516047669, -19.993806479778264 ], [ -158.115908747697432, -19.993644317201781 ], [ -158.115807310697647, -19.993575058997969 ], [ -158.115686545128909, -19.993492603775334 ], [ -158.115494745604138, -19.993373114986678 ], [ -158.115285313468718, -19.993291750994278 ], [ -158.11512144754218, -19.993194625679084 ], [ -158.114994194030913, -19.993104188687266 ], [ -158.114968593902887, -19.99307343493512 ], [ -158.114959689712919, -19.993063108128215 ], [ -158.114545664418614, -19.992582933519177 ], [ -158.114386363276338, -19.9924591803717 ], [ -158.114207435088076, -19.992363785281086 ], [ -158.114056504483955, -19.992251276050233 ], [ -158.11389240681865, -19.992027673253503 ], [ -158.113889812079947, -19.991592675735809 ] ] ] ] } }
]
}
